OLYMPUS Correlation Engine starting...
  Interval: 60s
  Prices: /root/gods_plan/data/prices.json
  Skills loaded: {'gem': True, 'risk': True, 'fundamentals': True, 'sentiment': True}
[06:30] Gate closed (weekend/off-hours) — no alerts
[07:00] Gate closed (weekend/off-hours) — no alerts
[07:30] Gate closed (weekend/off-hours) — no alerts
[08:00] Gate closed (weekend/off-hours) — no alerts
[08:30] Gate closed (weekend/off-hours) — no alerts
[09:00] Gate closed (weekend/off-hours) — no alerts
[09:30] Gate closed (weekend/off-hours) — no alerts
[10:00] Gate closed (weekend/off-hours) — no alerts
[10:30] Gate closed (weekend/off-hours) — no alerts
[11:00] Gate closed (weekend/off-hours) — no alerts
[11:30] Gate closed (weekend/off-hours) — no alerts
[12:00] Gate closed (weekend/off-hours) — no alerts
[12:30] Gate closed (weekend/off-hours) — no alerts
[13:00] Gate closed (weekend/off-hours) — no alerts
[13:30] Correlation scan: 39 tickers, no alerts
[13:40] Correlation scan: 39 tickers, no alerts
[13:50] Correlation scan: 39 tickers, no alerts
[14:00] Correlation scan: 39 tickers, no alerts
[14:10] Correlation scan: 39 tickers, no alerts
[14:20] Correlation scan: 39 tickers, no alerts
[14:30] Correlation scan: 39 tickers, no alerts
[14:40] Correlation scan: 39 tickers, no alerts
[14:50] Correlation scan: 39 tickers, no alerts
[15:00] Correlation scan: 37 tickers, no alerts
[15:10] Correlation scan: 39 tickers, no alerts
[15:20] Correlation scan: 39 tickers, no alerts
  [ALERT] SECTOR_WEAKNESS: Infra
  [ALERT] ACCELERATING_DECLINE: COHR
  [ALERT] ACCELERATING_DECLINE: VRT
  [ALERT] ACCELERATING_DECLINE: AMAT
  [ALERT] DANGER_CONVERGENCE: BEAM
  [ALERT] ACCELERATING_DECLINE: ASML
[15:40] Correlation scan: 39 tickers, no alerts
  [ALERT] NEGATIVE_CONVERGENCE: CWEN
[15:50] Correlation scan: 39 tickers, no alerts
[16:00] Correlation scan: 38 tickers, no alerts
  [ALERT] ACCELERATING_DECLINE: PKX
[16:10] Correlation scan: 39 tickers, no alerts
[16:20] Correlation scan: 38 tickers, no alerts
[16:30] Correlation scan: 39 tickers, no alerts
  [ALERT] EXIT_SIGNAL: ASTS
[16:40] Correlation scan: 39 tickers, no alerts
  [ALERT] ACCELERATING_DECLINE: COHR
  [ALERT] ACCELERATING_DECLINE: AMAT
  [ALERT] EXIT_SIGNAL: RKLB
[16:50] Correlation scan: 39 tickers, no alerts
  [ALERT] DANGER_CONVERGENCE: BEAM
  [ALERT] ACCELERATING_DECLINE: ASTS
  [ALERT] SECTOR_WEAKNESS: Space
  [ALERT] NEGATIVE_CONVERGENCE: UUUU
[17:00] Correlation scan: 39 tickers, no alerts
[17:10] Correlation scan: 39 tickers, no alerts
[17:20] Correlation scan: 39 tickers, no alerts
[17:30] Correlation scan: 39 tickers, no alerts
  [ALERT] ACCELERATING_DECLINE: ASML
[17:40] Correlation scan: 39 tickers, no alerts
[17:50] Correlation scan: 39 tickers, no alerts
[18:00] Correlation scan: 39 tickers, no alerts
[18:10] Correlation scan: 38 tickers, no alerts
[18:20] Correlation scan: 39 tickers, no alerts
[18:30] Correlation scan: 39 tickers, no alerts
[18:40] Correlation scan: 39 tickers, no alerts
  [ALERT] DANGER_CONVERGENCE: BEAM
[19:00] Correlation scan: 39 tickers, no alerts
[19:10] Correlation scan: 38 tickers, no alerts
[19:20] Correlation scan: 39 tickers, no alerts
[19:30] Correlation scan: 39 tickers, no alerts
  [ALERT] SECTOR_WEAKNESS: Infra
[19:40] Correlation scan: 39 tickers, no alerts
  [ALERT] DANGER_CONVERGENCE: BEAM
  [ALERT] FUNDAMENTAL_DETERIORATION: FCX
[20:00] Correlation scan: 39 tickers, no alerts
[20:10] Correlation scan: 39 tickers, no alerts
[20:20] Correlation scan: 39 tickers, no alerts
[20:30] Correlation scan: 39 tickers, no alerts
  [ALERT] NEGATIVE_CONVERGENCE: CCJ
[20:40] Correlation scan: 39 tickers, no alerts
  [ALERT] NEGATIVE_CONVERGENCE: UUUU
  [ALERT] DANGER_CONVERGENCE: BEAM
  [ALERT] NEGATIVE_CONVERGENCE: CWEN
  [ALERT] BUY_DIP_SIGNAL: CCJ
[21:00] Correlation scan: 39 tickers, no alerts
[21:10] Correlation scan: 28 tickers, no alerts
[21:20] Correlation scan: 39 tickers, no alerts
[21:30] Correlation scan: 39 tickers, no alerts
  [ALERT] ACCELERATING_DECLINE: AMAT
  [ALERT] EXIT_SIGNAL: ASTS
  [ALERT] FUNDAMENTAL_DETERIORATION: CWEN
  [ALERT] DANGER_CONVERGENCE: BEAM
[22:00] Correlation scan: 39 tickers, no alerts
  [ALERT] ACCELERATING_DECLINE: PL
[22:10] Correlation scan: 39 tickers, no alerts
[22:20] Correlation scan: 39 tickers, no alerts
[22:30] Correlation scan: 39 tickers, no alerts
  [ALERT] NEGATIVE_CONVERGENCE: CCJ
[22:40] Correlation scan: 39 tickers, no alerts
  [ALERT] NEGATIVE_CONVERGENCE: UUUU
  [ALERT] DANGER_CONVERGENCE: BEAM
  [ALERT] NEGATIVE_CONVERGENCE: CWEN
  [ALERT] FUNDAMENTAL_DETERIORATION: FCX
[23:00] Correlation scan: 39 tickers, no alerts
[23:10] Correlation scan: 39 tickers, no alerts
[23:20] Correlation scan: 39 tickers, no alerts
[23:30] Correlation scan: 39 tickers, no alerts
[00:00] Gate closed (weekend/off-hours) — no alerts
[00:30] Gate closed (weekend/off-hours) — no alerts
[01:00] Gate closed (weekend/off-hours) — no alerts
[01:30] Gate closed (weekend/off-hours) — no alerts
[02:00] Gate closed (weekend/off-hours) — no alerts
[02:30] Gate closed (weekend/off-hours) — no alerts
[03:00] Gate closed (weekend/off-hours) — no alerts
[03:30] Gate closed (weekend/off-hours) — no alerts
[04:00] Gate closed (weekend/off-hours) — no alerts
[04:30] Gate closed (weekend/off-hours) — no alerts
[05:00] Gate closed (weekend/off-hours) — no alerts
[05:30] Gate closed (weekend/off-hours) — no alerts
[06:00] Gate closed (weekend/off-hours) — no alerts
[06:30] Gate closed (weekend/off-hours) — no alerts
[07:00] Gate closed (weekend/off-hours) — no alerts
[07:30] Gate closed (weekend/off-hours) — no alerts
[08:00] Gate closed (weekend/off-hours) — no alerts
[08:30] Gate closed (weekend/off-hours) — no alerts
[09:00] Gate closed (weekend/off-hours) — no alerts
[09:30] Gate closed (weekend/off-hours) — no alerts
[10:00] Gate closed (weekend/off-hours) — no alerts
[10:30] Gate closed (weekend/off-hours) — no alerts
[11:00] Gate closed (weekend/off-hours) — no alerts
[11:30] Gate closed (weekend/off-hours) — no alerts
[12:00] Gate closed (weekend/off-hours) — no alerts
[12:30] Gate closed (weekend/off-hours) — no alerts
[13:00] Gate closed (weekend/off-hours) — no alerts
[13:30] Correlation scan: 39 tickers, no alerts
[13:40] Correlation scan: 39 tickers, no alerts
[13:50] Correlation scan: 39 tickers, no alerts
[14:00] Correlation scan: 39 tickers, no alerts
[14:10] Correlation scan: 39 tickers, no alerts
[14:20] Correlation scan: 39 tickers, no alerts
[14:30] Correlation scan: 39 tickers, no alerts
[14:40] Correlation scan: 39 tickers, no alerts
[14:50] Correlation scan: 39 tickers, no alerts
[15:00] Correlation scan: 39 tickers, no alerts
[15:10] Correlation scan: 39 tickers, no alerts
[15:20] Correlation scan: 39 tickers, no alerts
[15:30] Correlation scan: 39 tickers, no alerts
[15:40] Correlation scan: 39 tickers, no alerts
[15:50] Correlation scan: 39 tickers, no alerts
[16:00] Correlation scan: 39 tickers, no alerts
[16:10] Correlation scan: 39 tickers, no alerts
[16:20] Correlation scan: 39 tickers, no alerts
  [ALERT] ACCELERATING_DECLINE: AMAT
  [ALERT] SECTOR_WEAKNESS: Infra
  [ALERT] ACCELERATING_DECLINE: COHR
[16:30] Correlation scan: 39 tickers, no alerts
[16:40] Correlation scan: 39 tickers, no alerts
  [ALERT] EXIT_SIGNAL: ASTS
[16:50] Correlation scan: 39 tickers, no alerts
[17:00] Correlation scan: 39 tickers, no alerts
[17:10] Correlation scan: 39 tickers, no alerts
[17:20] Correlation scan: 39 tickers, no alerts
[17:30] Correlation scan: 39 tickers, no alerts
[17:40] Correlation scan: 39 tickers, no alerts
[17:50] Correlation scan: 39 tickers, no alerts
[18:00] Correlation scan: 39 tickers, no alerts
[18:10] Correlation scan: 39 tickers, no alerts
[18:20] Correlation scan: 39 tickers, no alerts
  [ALERT] EXIT_SIGNAL: OKLO
[18:30] Correlation scan: 39 tickers, no alerts
[18:40] Correlation scan: 34 tickers, no alerts
  [ALERT] ACCELERATING_DECLINE: GEVO
  [ALERT] EXIT_SIGNAL: ASTS
[18:50] Correlation scan: 39 tickers, no alerts
[19:00] Correlation scan: 39 tickers, no alerts
[19:10] Correlation scan: 39 tickers, no alerts
[19:20] Correlation scan: 39 tickers, no alerts
  [ALERT] FUNDAMENTAL_DETERIORATION: CWEN
[19:30] Correlation scan: 39 tickers, no alerts
  [ALERT] ACCELERATING_DECLINE: COHR
[19:40] Correlation scan: 38 tickers, no alerts
[19:50] Correlation scan: 39 tickers, no alerts
[20:00] Correlation scan: 39 tickers, no alerts
[20:10] Correlation scan: 38 tickers, no alerts
[20:20] Correlation scan: 39 tickers, no alerts
  [ALERT] EXIT_SIGNAL: OKLO
  [ALERT] SECTOR_WEAKNESS: Infra
[20:30] Correlation scan: 39 tickers, no alerts
[20:40] Correlation scan: 39 tickers, no alerts
  [ALERT] EXIT_SIGNAL: ASTS
[20:50] Correlation scan: 39 tickers, no alerts
[21:00] Correlation scan: 39 tickers, no alerts
[21:10] Correlation scan: 39 tickers, no alerts
[21:20] Correlation scan: 39 tickers, no alerts
[21:30] Correlation scan: 39 tickers, no alerts
[21:40] Correlation scan: 39 tickers, no alerts
[21:50] Correlation scan: 38 tickers, no alerts
[22:00] Correlation scan: 39 tickers, no alerts
  [ALERT] SECTOR_WEAKNESS: Intelligence
[22:10] Correlation scan: 39 tickers, no alerts
[22:20] Correlation scan: 39 tickers, no alerts
  [ALERT] FUNDAMENTAL_DETERIORATION: CWEN
[22:30] Correlation scan: 39 tickers, no alerts
[22:40] Correlation scan: 39 tickers, no alerts
[22:50] Correlation scan: 39 tickers, no alerts
[23:00] Correlation scan: 39 tickers, no alerts
[23:10] Correlation scan: 39 tickers, no alerts
[23:20] Correlation scan: 39 tickers, no alerts
[23:30] Correlation scan: 39 tickers, no alerts
[00:00] Gate closed (weekend/off-hours) — no alerts
[00:30] Gate closed (weekend/off-hours) — no alerts
[01:00] Gate closed (weekend/off-hours) — no alerts
[01:30] Gate closed (weekend/off-hours) — no alerts
[02:00] Gate closed (weekend/off-hours) — no alerts
[02:30] Gate closed (weekend/off-hours) — no alerts
[03:00] Gate closed (weekend/off-hours) — no alerts
[03:30] Gate closed (weekend/off-hours) — no alerts
[04:00] Gate closed (weekend/off-hours) — no alerts
[04:30] Gate closed (weekend/off-hours) — no alerts
[05:00] Gate closed (weekend/off-hours) — no alerts
[05:30] Gate closed (weekend/off-hours) — no alerts
[06:00] Gate closed (weekend/off-hours) — no alerts
[06:30] Gate closed (weekend/off-hours) — no alerts
[07:00] Gate closed (weekend/off-hours) — no alerts
[07:30] Gate closed (weekend/off-hours) — no alerts
[08:00] Gate closed (weekend/off-hours) — no alerts
[08:30] Gate closed (weekend/off-hours) — no alerts
[09:00] Gate closed (weekend/off-hours) — no alerts
[09:30] Gate closed (weekend/off-hours) — no alerts
[10:00] Gate closed (weekend/off-hours) — no alerts
[10:30] Gate closed (weekend/off-hours) — no alerts
[11:00] Gate closed (weekend/off-hours) — no alerts
[11:30] Gate closed (weekend/off-hours) — no alerts
[12:00] Gate closed (weekend/off-hours) — no alerts
[12:30] Gate closed (weekend/off-hours) — no alerts
[13:00] Gate closed (weekend/off-hours) — no alerts
  [ALERT] SECTOR_WEAKNESS: Infra
  [ALERT] FUNDAMENTAL_DETERIORATION: CWEN
[13:40] Correlation scan: 39 tickers, no alerts
[13:50] Correlation scan: 39 tickers, no alerts
[14:00] Correlation scan: 39 tickers, no alerts
[14:10] Correlation scan: 39 tickers, no alerts
[14:20] Correlation scan: 39 tickers, no alerts
[14:30] Correlation scan: 39 tickers, no alerts
[14:40] Correlation scan: 39 tickers, no alerts
[14:50] Correlation scan: 39 tickers, no alerts
[15:00] Correlation scan: 39 tickers, no alerts
[15:10] Correlation scan: 38 tickers, no alerts
[15:20] Correlation scan: 39 tickers, no alerts
[15:30] Correlation scan: 39 tickers, no alerts
[15:40] Correlation scan: 39 tickers, no alerts
[15:50] Correlation scan: 39 tickers, no alerts
[16:00] Correlation scan: 39 tickers, no alerts
[16:10] Correlation scan: 39 tickers, no alerts
[16:20] Correlation scan: 39 tickers, no alerts
  [ALERT] FUNDAMENTAL_DETERIORATION: CWEN
[16:40] Correlation scan: 39 tickers, no alerts
[16:50] Correlation scan: 39 tickers, no alerts
[17:00] Correlation scan: 39 tickers, no alerts
[17:10] Correlation scan: 39 tickers, no alerts
[17:20] Correlation scan: 39 tickers, no alerts
  [ALERT] SECTOR_WEAKNESS: Infra
[17:40] Correlation scan: 39 tickers, no alerts
[17:50] Correlation scan: 38 tickers, no alerts
[18:00] Correlation scan: 39 tickers, no alerts
[18:10] Correlation scan: 39 tickers, no alerts
[18:20] Correlation scan: 39 tickers, no alerts
[18:30] Correlation scan: 39 tickers, no alerts
[18:40] Correlation scan: 39 tickers, no alerts
[18:50] Correlation scan: 38 tickers, no alerts
[19:00] Correlation scan: 39 tickers, no alerts
[19:10] Correlation scan: 39 tickers, no alerts
[19:20] Correlation scan: 39 tickers, no alerts
  [ALERT] FUNDAMENTAL_DETERIORATION: CWEN
[19:40] Correlation scan: 39 tickers, no alerts
[19:50] Correlation scan: 39 tickers, no alerts
[20:00] Correlation scan: 39 tickers, no alerts
[20:10] Correlation scan: 39 tickers, no alerts
[20:20] Correlation scan: 39 tickers, no alerts
[20:30] Correlation scan: 38 tickers, no alerts
[20:40] Correlation scan: 39 tickers, no alerts
[20:50] Correlation scan: 39 tickers, no alerts
[21:00] Correlation scan: 39 tickers, no alerts
[21:10] Correlation scan: 39 tickers, no alerts
[21:20] Correlation scan: 39 tickers, no alerts
  [ALERT] SECTOR_WEAKNESS: Infra
[21:40] Correlation scan: 39 tickers, no alerts
[21:50] Correlation scan: 39 tickers, no alerts
[22:00] Correlation scan: 39 tickers, no alerts
[22:10] Correlation scan: 39 tickers, no alerts
[22:20] Correlation scan: 39 tickers, no alerts
  [ALERT] FUNDAMENTAL_DETERIORATION: CWEN
[22:40] Correlation scan: 39 tickers, no alerts
[22:50] Correlation scan: 39 tickers, no alerts
[23:00] Correlation scan: 39 tickers, no alerts
[23:10] Correlation scan: 39 tickers, no alerts
[23:20] Correlation scan: 39 tickers, no alerts
[23:30] Correlation scan: 39 tickers, no alerts
[00:00] Gate closed (weekend/off-hours) — no alerts
[00:30] Gate closed (weekend/off-hours) — no alerts
[01:00] Gate closed (weekend/off-hours) — no alerts
[01:30] Gate closed (weekend/off-hours) — no alerts
[02:00] Gate closed (weekend/off-hours) — no alerts
[02:30] Gate closed (weekend/off-hours) — no alerts
[03:00] Gate closed (weekend/off-hours) — no alerts
[03:30] Gate closed (weekend/off-hours) — no alerts
[04:00] Gate closed (weekend/off-hours) — no alerts
[04:30] Gate closed (weekend/off-hours) — no alerts
[05:00] Gate closed (weekend/off-hours) — no alerts
[05:30] Gate closed (weekend/off-hours) — no alerts
[06:00] Gate closed (weekend/off-hours) — no alerts
[06:30] Gate closed (weekend/off-hours) — no alerts
[07:00] Gate closed (weekend/off-hours) — no alerts
[07:30] Gate closed (weekend/off-hours) — no alerts
[08:00] Gate closed (weekend/off-hours) — no alerts
[08:30] Gate closed (weekend/off-hours) — no alerts
[09:00] Gate closed (weekend/off-hours) — no alerts
[09:30] Gate closed (weekend/off-hours) — no alerts
[10:00] Gate closed (weekend/off-hours) — no alerts
[10:30] Gate closed (weekend/off-hours) — no alerts
[11:00] Gate closed (weekend/off-hours) — no alerts
[11:30] Gate closed (weekend/off-hours) — no alerts
[12:00] Gate closed (weekend/off-hours) — no alerts
[12:30] Gate closed (weekend/off-hours) — no alerts
[13:00] Gate closed (weekend/off-hours) — no alerts
[13:30] Gate closed (weekend/off-hours) — no alerts
[14:00] Gate closed (weekend/off-hours) — no alerts
[14:30] Gate closed (weekend/off-hours) — no alerts
[15:00] Gate closed (weekend/off-hours) — no alerts
[15:30] Gate closed (weekend/off-hours) — no alerts
[16:00] Gate closed (weekend/off-hours) — no alerts
[16:30] Gate closed (weekend/off-hours) — no alerts
[17:00] Gate closed (weekend/off-hours) — no alerts
[17:30] Gate closed (weekend/off-hours) — no alerts
[18:00] Gate closed (weekend/off-hours) — no alerts
[18:30] Gate closed (weekend/off-hours) — no alerts
[19:00] Gate closed (weekend/off-hours) — no alerts
[19:30] Gate closed (weekend/off-hours) — no alerts
[20:00] Gate closed (weekend/off-hours) — no alerts
[20:30] Gate closed (weekend/off-hours) — no alerts
[21:00] Gate closed (weekend/off-hours) — no alerts
[21:30] Gate closed (weekend/off-hours) — no alerts
[22:00] Gate closed (weekend/off-hours) — no alerts
[22:30] Gate closed (weekend/off-hours) — no alerts
[23:00] Gate closed (weekend/off-hours) — no alerts
[23:30] Gate closed (weekend/off-hours) — no alerts
[00:00] Gate closed (weekend/off-hours) — no alerts
[00:30] Gate closed (weekend/off-hours) — no alerts
[01:00] Gate closed (weekend/off-hours) — no alerts
[01:30] Gate closed (weekend/off-hours) — no alerts
[02:00] Gate closed (weekend/off-hours) — no alerts
[02:30] Gate closed (weekend/off-hours) — no alerts
[03:00] Gate closed (weekend/off-hours) — no alerts
[03:30] Gate closed (weekend/off-hours) — no alerts
[04:00] Gate closed (weekend/off-hours) — no alerts
[04:30] Gate closed (weekend/off-hours) — no alerts
[05:00] Gate closed (weekend/off-hours) — no alerts
[05:30] Gate closed (weekend/off-hours) — no alerts
[06:00] Gate closed (weekend/off-hours) — no alerts
[06:30] Gate closed (weekend/off-hours) — no alerts
[07:00] Gate closed (weekend/off-hours) — no alerts
[07:30] Gate closed (weekend/off-hours) — no alerts
[08:00] Gate closed (weekend/off-hours) — no alerts
[08:30] Gate closed (weekend/off-hours) — no alerts
[09:00] Gate closed (weekend/off-hours) — no alerts
[09:30] Gate closed (weekend/off-hours) — no alerts
[10:00] Gate closed (weekend/off-hours) — no alerts
[10:30] Gate closed (weekend/off-hours) — no alerts
[11:00] Gate closed (weekend/off-hours) — no alerts
[11:30] Gate closed (weekend/off-hours) — no alerts
[12:00] Gate closed (weekend/off-hours) — no alerts
[12:30] Gate closed (weekend/off-hours) — no alerts
[13:00] Gate closed (weekend/off-hours) — no alerts
[13:30] Gate closed (weekend/off-hours) — no alerts
[14:00] Gate closed (weekend/off-hours) — no alerts
[14:30] Gate closed (weekend/off-hours) — no alerts
[15:00] Gate closed (weekend/off-hours) — no alerts
[15:30] Gate closed (weekend/off-hours) — no alerts
[16:00] Gate closed (weekend/off-hours) — no alerts
[16:30] Gate closed (weekend/off-hours) — no alerts
[17:00] Gate closed (weekend/off-hours) — no alerts
[17:30] Gate closed (weekend/off-hours) — no alerts
[18:00] Gate closed (weekend/off-hours) — no alerts
[18:30] Gate closed (weekend/off-hours) — no alerts
[19:00] Gate closed (weekend/off-hours) — no alerts
[19:30] Gate closed (weekend/off-hours) — no alerts
[20:00] Gate closed (weekend/off-hours) — no alerts
[20:30] Gate closed (weekend/off-hours) — no alerts
[21:00] Gate closed (weekend/off-hours) — no alerts
[21:30] Gate closed (weekend/off-hours) — no alerts
[22:00] Gate closed (weekend/off-hours) — no alerts
[22:30] Gate closed (weekend/off-hours) — no alerts
[23:00] Gate closed (weekend/off-hours) — no alerts
[23:30] Gate closed (weekend/off-hours) — no alerts
[00:00] Gate closed (weekend/off-hours) — no alerts
[00:30] Gate closed (weekend/off-hours) — no alerts
[01:00] Gate closed (weekend/off-hours) — no alerts
[01:30] Gate closed (weekend/off-hours) — no alerts
[02:00] Gate closed (weekend/off-hours) — no alerts
[02:30] Gate closed (weekend/off-hours) — no alerts
[03:00] Gate closed (weekend/off-hours) — no alerts
[03:30] Gate closed (weekend/off-hours) — no alerts
[04:00] Gate closed (weekend/off-hours) — no alerts
[04:30] Gate closed (weekend/off-hours) — no alerts
[05:00] Gate closed (weekend/off-hours) — no alerts
[05:30] Gate closed (weekend/off-hours) — no alerts
[06:00] Gate closed (weekend/off-hours) — no alerts
[06:30] Gate closed (weekend/off-hours) — no alerts
[07:00] Gate closed (weekend/off-hours) — no alerts
[07:30] Gate closed (weekend/off-hours) — no alerts
[08:00] Gate closed (weekend/off-hours) — no alerts
[08:30] Gate closed (weekend/off-hours) — no alerts
[09:00] Gate closed (weekend/off-hours) — no alerts
[09:30] Gate closed (weekend/off-hours) — no alerts
[10:00] Gate closed (weekend/off-hours) — no alerts
[10:30] Gate closed (weekend/off-hours) — no alerts
[11:00] Gate closed (weekend/off-hours) — no alerts
[11:30] Gate closed (weekend/off-hours) — no alerts
[12:00] Gate closed (weekend/off-hours) — no alerts
[12:30] Gate closed (weekend/off-hours) — no alerts
[13:00] Gate closed (weekend/off-hours) — no alerts
[13:30] Correlation scan: 39 tickers, no alerts
[13:40] Correlation scan: 39 tickers, no alerts
[13:50] Correlation scan: 39 tickers, no alerts
[14:00] Correlation scan: 39 tickers, no alerts
[14:10] Correlation scan: 39 tickers, no alerts
[14:20] Correlation scan: 39 tickers, no alerts
[14:30] Correlation scan: 39 tickers, no alerts
[14:40] Correlation scan: 39 tickers, no alerts
[14:50] Correlation scan: 39 tickers, no alerts
[15:00] Correlation scan: 39 tickers, no alerts
[15:10] Correlation scan: 39 tickers, no alerts
[15:20] Correlation scan: 39 tickers, no alerts
[15:30] Correlation scan: 39 tickers, no alerts
  [ALERT] ACCELERATING_DECLINE: NTLA
  [ALERT] ACCELERATING_DECLINE: AVAV
  [ALERT] EXIT_SIGNAL: OKLO
  [ALERT] EXIT_SIGNAL: RKLB
  [ALERT] EXIT_SIGNAL: ASTS
  [ALERT] ACCELERATING_DECLINE: KTOS
[15:40] Correlation scan: 39 tickers, no alerts
  [ALERT] ACCELERATING_DECLINE: RKLB
[15:50] Correlation scan: 39 tickers, no alerts
[16:00] Correlation scan: 39 tickers, no alerts
[16:10] Correlation scan: 39 tickers, no alerts
[16:20] Correlation scan: 39 tickers, no alerts
[16:30] Correlation scan: 39 tickers, no alerts
[16:40] Correlation scan: 39 tickers, no alerts
  [ALERT] ACCELERATING_DECLINE: ASTS
[16:50] Correlation scan: 39 tickers, no alerts
[17:00] Correlation scan: 39 tickers, no alerts
[17:10] Correlation scan: 39 tickers, no alerts
  [ALERT] SECTOR_WEAKNESS: Space
[17:20] Correlation scan: 39 tickers, no alerts
[17:30] Correlation scan: 39 tickers, no alerts
  [ALERT] EXIT_SIGNAL: RKLB
  [ALERT] EXIT_SIGNAL: ASTS
[17:40] Correlation scan: 39 tickers, no alerts
[17:50] Correlation scan: 39 tickers, no alerts
[18:00] Correlation scan: 39 tickers, no alerts
[18:10] Correlation scan: 39 tickers, no alerts
[18:20] Correlation scan: 39 tickers, no alerts
  [ALERT] ACCELERATING_DECLINE: RKLB
[18:30] Correlation scan: 39 tickers, no alerts
[18:40] Correlation scan: 39 tickers, no alerts
[18:50] Correlation scan: 39 tickers, no alerts
  [ALERT] EXIT_SIGNAL: OKLO
[19:00] Correlation scan: 39 tickers, no alerts
[19:10] Correlation scan: 39 tickers, no alerts
[19:20] Correlation scan: 39 tickers, no alerts
[19:30] Correlation scan: 39 tickers, no alerts
  [ALERT] EXIT_SIGNAL: RKLB
  [ALERT] EXIT_SIGNAL: ASTS
[19:40] Correlation scan: 39 tickers, no alerts
[19:50] Correlation scan: 39 tickers, no alerts
[20:00] Correlation scan: 39 tickers, no alerts
[20:10] Correlation scan: 39 tickers, no alerts
[20:20] Correlation scan: 38 tickers, no alerts
[20:30] Correlation scan: 31 tickers, no alerts
[20:40] Correlation scan: 39 tickers, no alerts
[20:50] Correlation scan: 39 tickers, no alerts
  [ALERT] EXIT_SIGNAL: OKLO
[21:00] Correlation scan: 39 tickers, no alerts
[21:10] Correlation scan: 39 tickers, no alerts
  [ALERT] ACCELERATING_DECLINE: ASTS
  [ALERT] SECTOR_WEAKNESS: Space
[21:20] Correlation scan: 39 tickers, no alerts
[21:30] Correlation scan: 39 tickers, no alerts
  [ALERT] ACCELERATING_DECLINE: RKLB
  [ALERT] EXIT_SIGNAL: RKLB
  [ALERT] EXIT_SIGNAL: ASTS
[21:40] Correlation scan: 39 tickers, no alerts
[21:50] Correlation scan: 39 tickers, no alerts
[22:00] Correlation scan: 39 tickers, no alerts
[22:10] Correlation scan: 39 tickers, no alerts
[22:20] Correlation scan: 39 tickers, no alerts
[22:30] Correlation scan: 39 tickers, no alerts
[22:40] Correlation scan: 39 tickers, no alerts
[22:50] Correlation scan: 36 tickers, no alerts
[23:00] Correlation scan: 39 tickers, no alerts
[23:10] Correlation scan: 39 tickers, no alerts
[23:20] Correlation scan: 39 tickers, no alerts
[23:30] Correlation scan: 39 tickers, no alerts
[00:00] Gate closed (weekend/off-hours) — no alerts
[00:30] Gate closed (weekend/off-hours) — no alerts
[01:00] Gate closed (weekend/off-hours) — no alerts
[01:30] Gate closed (weekend/off-hours) — no alerts
[02:00] Gate closed (weekend/off-hours) — no alerts
[02:30] Gate closed (weekend/off-hours) — no alerts
[03:00] Gate closed (weekend/off-hours) — no alerts
[03:30] Gate closed (weekend/off-hours) — no alerts
[04:00] Gate closed (weekend/off-hours) — no alerts
[04:30] Gate closed (weekend/off-hours) — no alerts
[05:00] Gate closed (weekend/off-hours) — no alerts
[05:30] Gate closed (weekend/off-hours) — no alerts
[06:00] Gate closed (weekend/off-hours) — no alerts
[06:30] Gate closed (weekend/off-hours) — no alerts
[07:00] Gate closed (weekend/off-hours) — no alerts
[07:30] Gate closed (weekend/off-hours) — no alerts
[08:00] Gate closed (weekend/off-hours) — no alerts
[08:30] Gate closed (weekend/off-hours) — no alerts
[09:00] Gate closed (weekend/off-hours) — no alerts
[09:30] Gate closed (weekend/off-hours) — no alerts
[10:00] Gate closed (weekend/off-hours) — no alerts
[10:30] Gate closed (weekend/off-hours) — no alerts
[11:00] Gate closed (weekend/off-hours) — no alerts
[11:30] Gate closed (weekend/off-hours) — no alerts
[12:00] Gate closed (weekend/off-hours) — no alerts
[12:30] Gate closed (weekend/off-hours) — no alerts
[13:00] Gate closed (weekend/off-hours) — no alerts
[13:30] Correlation scan: 39 tickers, no alerts
[13:40] Correlation scan: 39 tickers, no alerts
[13:50] Correlation scan: 39 tickers, no alerts
[14:00] Correlation scan: 39 tickers, no alerts
[14:10] Correlation scan: 39 tickers, no alerts
[14:20] Correlation scan: 39 tickers, no alerts
[14:30] Correlation scan: 39 tickers, no alerts
[14:40] Correlation scan: 39 tickers, no alerts
[14:50] Correlation scan: 39 tickers, no alerts
[15:00] Correlation scan: 39 tickers, no alerts
[15:10] Correlation scan: 39 tickers, no alerts
[15:20] Correlation scan: 39 tickers, no alerts
  [ALERT] SECTOR_WEAKNESS: Infra
  [ALERT] EXIT_SIGNAL: RKLB
  [ALERT] ACCELERATING_DECLINE: VRT
  [ALERT] ACCELERATING_DECLINE: AMAT
  [ALERT] ACCELERATING_DECLINE: COHR
  [ALERT] ACCELERATING_DECLINE: RKLB
  [ALERT] EXIT_SIGNAL: ASTS
  [ALERT] SECTOR_WEAKNESS: Space
  [ALERT] EXIT_SIGNAL: OKLO
  [ALERT] ACCELERATING_DECLINE: PL
  [ALERT] ACCELERATING_DECLINE: IONQ
[15:40] Correlation scan: 39 tickers, no alerts
  [ALERT] SECTOR_WEAKNESS: Defense
  [ALERT] ACCELERATING_DECLINE: NTLA
  [ALERT] ACCELERATING_DECLINE: UUUU
  [ALERT] ACCELERATING_DECLINE: UEC
  [ALERT] ACCELERATING_DECLINE: OKLO
  [ALERT] ACCELERATING_DECLINE: ASTS
  [ALERT] ACCELERATING_DECLINE: CRSP
  [ALERT] SECTOR_WEAKNESS: Energy
[16:00] Correlation scan: 39 tickers, no alerts
  [ALERT] ACCELERATING_DECLINE: URNM
  [ALERT] ACCELERATING_DECLINE: KTOS
[16:10] Correlation scan: 39 tickers, no alerts
  [ALERT] ACCELERATING_DECLINE: AVAV
  [ALERT] SECTOR_WEAKNESS: Robotics
  [ALERT] FUNDAMENTAL_DETERIORATION: FCX
[16:20] Correlation scan: 39 tickers, no alerts
[16:30] Correlation scan: 39 tickers, no alerts
[16:40] Correlation scan: 39 tickers, no alerts
[16:50] Correlation scan: 39 tickers, no alerts
[17:00] Correlation scan: 39 tickers, no alerts
  [ALERT] ACCELERATING_DECLINE: RKLB
  [ALERT] ACCELERATING_DECLINE: PL
[17:10] Correlation scan: 39 tickers, no alerts
  [ALERT] ACCELERATING_DECLINE: ASTS
  [ALERT] ACCELERATING_DECLINE: COHR
[17:20] Correlation scan: 39 tickers, no alerts
[17:30] Correlation scan: 39 tickers, no alerts
  [ALERT] EXIT_SIGNAL: RKLB
  [ALERT] EXIT_SIGNAL: ASTS
  [ALERT] EXIT_SIGNAL: OKLO
[17:40] Correlation scan: 39 tickers, no alerts
[17:50] Correlation scan: 38 tickers, no alerts
[18:00] Correlation scan: 39 tickers, no alerts
[18:10] Correlation scan: 39 tickers, no alerts
[18:20] Correlation scan: 39 tickers, no alerts
[18:30] Correlation scan: 39 tickers, no alerts
[18:40] Correlation scan: 28 tickers, no alerts
[18:50] Correlation scan: 39 tickers, no alerts
[19:00] Correlation scan: 39 tickers, no alerts
[19:10] Correlation scan: 39 tickers, no alerts
[19:20] Correlation scan: 39 tickers, no alerts
[19:30] Correlation scan: 39 tickers, no alerts
  [ALERT] SECTOR_WEAKNESS: Infra
  [ALERT] EXIT_SIGNAL: RKLB
  [ALERT] EXIT_SIGNAL: ASTS
  [ALERT] SECTOR_WEAKNESS: Space
  [ALERT] EXIT_SIGNAL: OKLO
[19:40] Correlation scan: 39 tickers, no alerts
  [ALERT] SECTOR_WEAKNESS: Defense
[19:50] Correlation scan: 39 tickers, no alerts
[20:00] Correlation scan: 39 tickers, no alerts
  [ALERT] SECTOR_WEAKNESS: Energy
[20:10] Correlation scan: 39 tickers, no alerts
[20:20] Correlation scan: 39 tickers, no alerts
[20:30] Correlation scan: 39 tickers, no alerts
  [ALERT] SECTOR_WEAKNESS: Robotics
[20:40] Correlation scan: 39 tickers, no alerts
  [ALERT] FUNDAMENTAL_DETERIORATION: FCX
[20:50] Correlation scan: 39 tickers, no alerts
[21:00] Correlation scan: 39 tickers, no alerts
[21:10] Correlation scan: 39 tickers, no alerts
[21:20] Correlation scan: 39 tickers, no alerts
[21:30] Correlation scan: 39 tickers, no alerts
  [ALERT] EXIT_SIGNAL: RKLB
  [ALERT] EXIT_SIGNAL: ASTS
  [ALERT] EXIT_SIGNAL: OKLO
[21:40] Correlation scan: 39 tickers, no alerts
[21:50] Correlation scan: 39 tickers, no alerts
[22:00] Correlation scan: 39 tickers, no alerts
[22:10] Correlation scan: 39 tickers, no alerts
[22:20] Correlation scan: 39 tickers, no alerts
[22:30] Correlation scan: 39 tickers, no alerts
[22:40] Correlation scan: 39 tickers, no alerts
  [ALERT] SECTOR_WEAKNESS: Intelligence
[22:50] Correlation scan: 39 tickers, no alerts
[23:00] Correlation scan: 39 tickers, no alerts
[23:10] Correlation scan: 39 tickers, no alerts
[23:20] Correlation scan: 39 tickers, no alerts
[23:30] Correlation scan: 39 tickers, no alerts
[00:00] Gate closed (weekend/off-hours) — no alerts
[00:30] Gate closed (weekend/off-hours) — no alerts
[01:00] Gate closed (weekend/off-hours) — no alerts
[01:30] Gate closed (weekend/off-hours) — no alerts
[02:00] Gate closed (weekend/off-hours) — no alerts
[02:30] Gate closed (weekend/off-hours) — no alerts
[03:00] Gate closed (weekend/off-hours) — no alerts
[03:30] Gate closed (weekend/off-hours) — no alerts
[04:00] Gate closed (weekend/off-hours) — no alerts
[04:30] Gate closed (weekend/off-hours) — no alerts
[05:00] Gate closed (weekend/off-hours) — no alerts
[05:30] Gate closed (weekend/off-hours) — no alerts
[06:00] Gate closed (weekend/off-hours) — no alerts
[06:30] Gate closed (weekend/off-hours) — no alerts
OLYMPUS Correlation Engine starting...
  Interval: 60s
  Prices: /root/gods_plan/data/prices.json
  Skills loaded: {'gem': True, 'risk': True, 'fundamentals': True, 'sentiment': True}
[07:00] Gate closed (weekend/off-hours) — no alerts
[07:30] Gate closed (weekend/off-hours) — no alerts
[08:00] Gate closed (weekend/off-hours) — no alerts
[08:30] Gate closed (weekend/off-hours) — no alerts
[09:00] Gate closed (weekend/off-hours) — no alerts
[09:30] Gate closed (weekend/off-hours) — no alerts
[10:00] Gate closed (weekend/off-hours) — no alerts
[10:30] Gate closed (weekend/off-hours) — no alerts
[11:00] Gate closed (weekend/off-hours) — no alerts
[11:30] Gate closed (weekend/off-hours) — no alerts
[12:00] Gate closed (weekend/off-hours) — no alerts
[12:30] Gate closed (weekend/off-hours) — no alerts
[13:00] Gate closed (weekend/off-hours) — no alerts
[13:30] Correlation scan: 39 tickers, no alerts
[13:40] Correlation scan: 39 tickers, no alerts
[13:50] Correlation scan: 39 tickers, no alerts
[14:00] Correlation scan: 39 tickers, no alerts
[14:10] Correlation scan: 39 tickers, no alerts
[14:20] Correlation scan: 39 tickers, no alerts
[14:30] Correlation scan: 39 tickers, no alerts
[14:40] Correlation scan: 39 tickers, no alerts
[14:50] Correlation scan: 39 tickers, no alerts
[15:00] Correlation scan: 39 tickers, no alerts
[15:10] Correlation scan: 39 tickers, no alerts
[15:20] Correlation scan: 39 tickers, no alerts
[15:30] Correlation scan: 39 tickers, no alerts
  [CORR] Telegram failed: ('Connection aborted.', ConnectionResetError(104, 'Connection reset by peer'))
  [ALERT] DANGER_CONVERGENCE: BEAM
  [ALERT] SECTOR_WEAKNESS: Bio
  [ALERT] ACCELERATING_DECLINE: PLTR
  [ALERT] ACCELERATING_DECLINE: BEAM
[15:40] Correlation scan: 39 tickers, no alerts
[15:50] Correlation scan: 38 tickers, no alerts
[16:00] Correlation scan: 39 tickers, no alerts
[16:10] Correlation scan: 39 tickers, no alerts
  [ALERT] FUNDAMENTAL_DETERIORATION: FCX
[16:20] Correlation scan: 39 tickers, no alerts
[16:30] Correlation scan: 39 tickers, no alerts
  [ALERT] DANGER_CONVERGENCE: BEAM
[16:40] Correlation scan: 39 tickers, no alerts
  [ALERT] ACCELERATING_DECLINE: BEAM
  [ALERT] SECTOR_WEAKNESS: Defense
  [ALERT] EXIT_SIGNAL: OKLO
[16:50] Correlation scan: 39 tickers, no alerts
[17:00] Correlation scan: 39 tickers, no alerts
[17:10] Correlation scan: 39 tickers, no alerts
  [ALERT] EXIT_SIGNAL: RKLB
[17:20] Correlation scan: 39 tickers, no alerts
[17:30] Correlation scan: 30 tickers, no alerts
  [ALERT] DANGER_CONVERGENCE: BEAM
[17:40] Correlation scan: 39 tickers, no alerts
  [ALERT] ACCELERATING_DECLINE: NTLA
[17:50] Correlation scan: 39 tickers, no alerts
[18:00] Correlation scan: 39 tickers, no alerts
[18:10] Correlation scan: 39 tickers, no alerts
[18:20] Correlation scan: 39 tickers, no alerts
[18:30] Correlation scan: 39 tickers, no alerts
  [ALERT] DANGER_CONVERGENCE: BEAM
[18:40] Correlation scan: 39 tickers, no alerts
  [ALERT] EXIT_SIGNAL: OKLO
[19:00] Correlation scan: 38 tickers, no alerts
[19:10] Correlation scan: 39 tickers, no alerts
  [ALERT] FUNDAMENTAL_DETERIORATION: FCX
  [ALERT] EXIT_SIGNAL: RKLB
[19:20] Correlation scan: 39 tickers, no alerts
[19:30] Correlation scan: 39 tickers, no alerts
  [ALERT] DANGER_CONVERGENCE: BEAM
[19:40] Correlation scan: 39 tickers, no alerts
[19:50] Correlation scan: 39 tickers, no alerts
[20:00] Correlation scan: 39 tickers, no alerts
[20:10] Correlation scan: 39 tickers, no alerts
[20:20] Correlation scan: 39 tickers, no alerts
[20:30] Correlation scan: 39 tickers, no alerts
[20:40] Correlation scan: 39 tickers, no alerts
[20:50] Correlation scan: 39 tickers, no alerts
  [ALERT] SECTOR_WEAKNESS: Defense
  [ALERT] DANGER_CONVERGENCE: BEAM
[21:00] Correlation scan: 39 tickers, no alerts
[21:10] Correlation scan: 39 tickers, no alerts
  [ALERT] EXIT_SIGNAL: OKLO
[21:20] Correlation scan: 38 tickers, no alerts
[21:30] Correlation scan: 39 tickers, no alerts
[21:40] Correlation scan: 39 tickers, no alerts
[21:50] Correlation scan: 39 tickers, no alerts
  [ALERT] DANGER_CONVERGENCE: BEAM
[22:10] Correlation scan: 39 tickers, no alerts
  [ALERT] FUNDAMENTAL_DETERIORATION: FCX
[22:20] Correlation scan: 39 tickers, no alerts
[22:30] Correlation scan: 39 tickers, no alerts
[22:40] Correlation scan: 39 tickers, no alerts
[22:50] Correlation scan: 39 tickers, no alerts
  [ALERT] DANGER_CONVERGENCE: BEAM
[23:10] Correlation scan: 39 tickers, no alerts
[23:20] Correlation scan: 39 tickers, no alerts
[23:30] Correlation scan: 39 tickers, no alerts
[00:00] Gate closed (weekend/off-hours) — no alerts
[00:30] Gate closed (weekend/off-hours) — no alerts
[01:00] Gate closed (weekend/off-hours) — no alerts
[01:30] Gate closed (weekend/off-hours) — no alerts
[02:00] Gate closed (weekend/off-hours) — no alerts
[02:30] Gate closed (weekend/off-hours) — no alerts
[03:00] Gate closed (weekend/off-hours) — no alerts
[03:30] Gate closed (weekend/off-hours) — no alerts
[04:00] Gate closed (weekend/off-hours) — no alerts
[04:30] Gate closed (weekend/off-hours) — no alerts
[05:00] Gate closed (weekend/off-hours) — no alerts
[05:30] Gate closed (weekend/off-hours) — no alerts
[06:00] Gate closed (weekend/off-hours) — no alerts
[06:30] Gate closed (weekend/off-hours) — no alerts
[07:00] Gate closed (weekend/off-hours) — no alerts
[07:30] Gate closed (weekend/off-hours) — no alerts
[08:00] Gate closed (weekend/off-hours) — no alerts
[08:30] Gate closed (weekend/off-hours) — no alerts
[09:00] Gate closed (weekend/off-hours) — no alerts
[09:30] Gate closed (weekend/off-hours) — no alerts
[10:00] Gate closed (weekend/off-hours) — no alerts
[10:30] Gate closed (weekend/off-hours) — no alerts
[11:00] Gate closed (weekend/off-hours) — no alerts
[11:30] Gate closed (weekend/off-hours) — no alerts
[12:00] Gate closed (weekend/off-hours) — no alerts
[12:30] Gate closed (weekend/off-hours) — no alerts
[13:00] Gate closed (weekend/off-hours) — no alerts
[13:30] Correlation scan: 39 tickers, no alerts
[13:40] Correlation scan: 37 tickers, no alerts
[13:50] Correlation scan: 39 tickers, no alerts
[14:00] Correlation scan: 39 tickers, no alerts
[14:10] Correlation scan: 39 tickers, no alerts
[14:20] Correlation scan: 39 tickers, no alerts
[14:30] Correlation scan: 39 tickers, no alerts
[14:40] Correlation scan: 39 tickers, no alerts
[14:50] Correlation scan: 39 tickers, no alerts
[15:00] Correlation scan: 39 tickers, no alerts
[15:10] Correlation scan: 39 tickers, no alerts
[15:20] Correlation scan: 39 tickers, no alerts
[15:30] Correlation scan: 39 tickers, no alerts
  [ALERT] DANGER_CONVERGENCE: BEAM
  [ALERT] ACCELERATING_DECLINE: AVAV
  [ALERT] ACCELERATING_DECLINE: GEVO
  [ALERT] SECTOR_WEAKNESS: Defense
[15:40] Correlation scan: 39 tickers, no alerts
[15:50] Correlation scan: 39 tickers, no alerts
[16:00] Correlation scan: 39 tickers, no alerts
  [ALERT] EXIT_SIGNAL: ASTS
[16:10] Correlation scan: 39 tickers, no alerts
  [ALERT] EXIT_SIGNAL: RKLB
  [ALERT] ACCELERATING_DECLINE: KTOS
  [ALERT] ACCELERATING_DECLINE: PLTR
[16:30] Correlation scan: 39 tickers, no alerts
[16:40] Correlation scan: 39 tickers, no alerts
[16:50] Correlation scan: 39 tickers, no alerts
[17:00] Correlation scan: 39 tickers, no alerts
[17:10] Correlation scan: 39 tickers, no alerts
  [ALERT] ACCELERATING_DECLINE: NTLA
  [ALERT] DANGER_CONVERGENCE: BEAM
[17:20] Correlation scan: 39 tickers, no alerts
[17:30] Correlation scan: 39 tickers, no alerts
[17:40] Correlation scan: 39 tickers, no alerts
[17:50] Correlation scan: 39 tickers, no alerts
[18:00] Correlation scan: 39 tickers, no alerts
[18:10] Correlation scan: 39 tickers, no alerts
  [ALERT] SECTOR_WEAKNESS: Bio
  [ALERT] DANGER_CONVERGENCE: BEAM
  [ALERT] EXIT_SIGNAL: ASTS
[18:20] Correlation scan: 39 tickers, no alerts
[18:30] Correlation scan: 39 tickers, no alerts
[18:40] Correlation scan: 39 tickers, no alerts
[18:50] Correlation scan: 39 tickers, no alerts
[19:00] Correlation scan: 39 tickers, no alerts
[19:10] Correlation scan: 39 tickers, no alerts
[19:20] Correlation scan: 39 tickers, no alerts
[19:30] Correlation scan: 39 tickers, no alerts
[19:40] Correlation scan: 39 tickers, no alerts
[19:50] Correlation scan: 39 tickers, no alerts
[20:00] Correlation scan: 39 tickers, no alerts
[20:10] Correlation scan: 39 tickers, no alerts
[20:20] Correlation scan: 39 tickers, no alerts
  [ALERT] EXIT_SIGNAL: ASTS
[20:30] Correlation scan: 39 tickers, no alerts
[20:40] Correlation scan: 39 tickers, no alerts
[20:50] Correlation scan: 39 tickers, no alerts
  [ALERT] DANGER_CONVERGENCE: BEAM
[21:10] Correlation scan: 39 tickers, no alerts
  [ALERT] SECTOR_WEAKNESS: Defense
  [ALERT] ACCELERATING_DECLINE: NTLA
[21:20] Correlation scan: 39 tickers, no alerts
  [ALERT] ACCELERATING_DECLINE: BEAM
  [ALERT] ACCELERATING_DECLINE: AVAV
[21:40] Correlation scan: 39 tickers, no alerts
[21:50] Correlation scan: 39 tickers, no alerts
  [ALERT] EXIT_SIGNAL: RKLB
  [ALERT] FUNDAMENTAL_DETERIORATION: NTR
[22:00] Correlation scan: 34 tickers, no alerts
  [ALERT] DANGER_CONVERGENCE: BEAM
[22:10] Correlation scan: 38 tickers, no alerts
[22:20] Correlation scan: 39 tickers, no alerts
[22:30] Correlation scan: 39 tickers, no alerts
[22:40] Correlation scan: 39 tickers, no alerts
[22:50] Correlation scan: 39 tickers, no alerts
[23:00] Correlation scan: 39 tickers, no alerts
  [ALERT] DANGER_CONVERGENCE: BEAM
[23:10] Correlation scan: 39 tickers, no alerts
[23:20] Correlation scan: 39 tickers, no alerts
[23:30] Correlation scan: 38 tickers, no alerts
[00:00] Gate closed (weekend/off-hours) — no alerts
[00:30] Gate closed (weekend/off-hours) — no alerts
[01:00] Gate closed (weekend/off-hours) — no alerts
[01:30] Gate closed (weekend/off-hours) — no alerts
[02:00] Gate closed (weekend/off-hours) — no alerts
[02:30] Gate closed (weekend/off-hours) — no alerts
[03:00] Gate closed (weekend/off-hours) — no alerts
[03:30] Gate closed (weekend/off-hours) — no alerts
[04:00] Gate closed (weekend/off-hours) — no alerts
[04:30] Gate closed (weekend/off-hours) — no alerts
[05:00] Gate closed (weekend/off-hours) — no alerts
[05:30] Gate closed (weekend/off-hours) — no alerts
[06:00] Gate closed (weekend/off-hours) — no alerts
[06:30] Gate closed (weekend/off-hours) — no alerts
[07:00] Gate closed (weekend/off-hours) — no alerts
[07:30] Gate closed (weekend/off-hours) — no alerts
[08:00] Gate closed (weekend/off-hours) — no alerts
[08:30] Gate closed (weekend/off-hours) — no alerts
[09:00] Gate closed (weekend/off-hours) — no alerts
[09:30] Gate closed (weekend/off-hours) — no alerts
[10:00] Gate closed (weekend/off-hours) — no alerts
[10:30] Gate closed (weekend/off-hours) — no alerts
[11:00] Gate closed (weekend/off-hours) — no alerts
[11:30] Gate closed (weekend/off-hours) — no alerts
[12:00] Gate closed (weekend/off-hours) — no alerts
[12:30] Gate closed (weekend/off-hours) — no alerts
[13:00] Gate closed (weekend/off-hours) — no alerts
[13:30] Correlation scan: 34 tickers, no alerts
[13:40] Correlation scan: 39 tickers, no alerts
[13:50] Correlation scan: 39 tickers, no alerts
[14:00] Correlation scan: 39 tickers, no alerts
[14:10] Correlation scan: 39 tickers, no alerts
[14:20] Correlation scan: 39 tickers, no alerts
[14:30] Correlation scan: 39 tickers, no alerts
[14:40] Correlation scan: 39 tickers, no alerts
[14:50] Correlation scan: 39 tickers, no alerts
[15:00] Correlation scan: 39 tickers, no alerts
[15:10] Correlation scan: 39 tickers, no alerts
[15:20] Correlation scan: 28 tickers, no alerts
[15:30] Correlation scan: 39 tickers, no alerts
  [ALERT] DANGER_CONVERGENCE: BEAM
  [ALERT] EXIT_SIGNAL: RKLB
  [ALERT] ACCELERATING_DECLINE: BEAM
  [ALERT] ACCELERATING_DECLINE: CRSP
  [ALERT] SECTOR_WEAKNESS: Bio
[15:40] Correlation scan: 39 tickers, no alerts
  [ALERT] EXIT_SIGNAL: ASTS
  [ALERT] ACCELERATING_DECLINE: NTLA
  [ALERT] SECTOR_WEAKNESS: Space
  [ALERT] ACCELERATING_DECLINE: PL
[15:50] Correlation scan: 39 tickers, no alerts
  [ALERT] EXIT_SIGNAL: OKLO
  [ALERT] ACCELERATING_DECLINE: IONQ
[16:00] Correlation scan: 39 tickers, no alerts
  [ALERT] ACCELERATING_DECLINE: RKLB
[16:10] Correlation scan: 39 tickers, no alerts
[16:20] Correlation scan: 39 tickers, no alerts
[16:30] Correlation scan: 39 tickers, no alerts
  [ALERT] DANGER_CONVERGENCE: BEAM
  [ALERT] ACCELERATING_DECLINE: CRSP
[16:40] Correlation scan: 39 tickers, no alerts
[16:50] Correlation scan: 39 tickers, no alerts
  [ALERT] ACCELERATING_DECLINE: PL
  [ALERT] ACCELERATING_DECLINE: NTLA
  [ALERT] ACCELERATING_DECLINE: BEAM
[17:00] Correlation scan: 39 tickers, no alerts
[17:10] Correlation scan: 39 tickers, no alerts
[17:20] Correlation scan: 39 tickers, no alerts
[17:30] Correlation scan: 39 tickers, no alerts
  [ALERT] DANGER_CONVERGENCE: BEAM
  [ALERT] EXIT_SIGNAL: RKLB
[17:40] Correlation scan: 39 tickers, no alerts
  [ALERT] EXIT_SIGNAL: ASTS
[17:50] Correlation scan: 39 tickers, no alerts
  [ALERT] EXIT_SIGNAL: OKLO
[18:00] Correlation scan: 39 tickers, no alerts
[18:10] Correlation scan: 39 tickers, no alerts
[18:20] Correlation scan: 39 tickers, no alerts
[18:30] Correlation scan: 39 tickers, no alerts
  [ALERT] DANGER_CONVERGENCE: BEAM
[18:40] Correlation scan: 39 tickers, no alerts
[18:50] Correlation scan: 39 tickers, no alerts
[19:00] Correlation scan: 39 tickers, no alerts
[19:10] Correlation scan: 39 tickers, no alerts
[19:20] Correlation scan: 39 tickers, no alerts
[19:30] Correlation scan: 39 tickers, no alerts
  [ALERT] DANGER_CONVERGENCE: BEAM
  [ALERT] EXIT_SIGNAL: RKLB
  [ALERT] SECTOR_WEAKNESS: Bio
[19:40] Correlation scan: 39 tickers, no alerts
[19:50] Correlation scan: 39 tickers, no alerts
  [ALERT] EXIT_SIGNAL: OKLO
[20:00] Correlation scan: 39 tickers, no alerts
[20:10] Correlation scan: 39 tickers, no alerts
[20:20] Correlation scan: 39 tickers, no alerts
[20:30] Correlation scan: 39 tickers, no alerts
  [ALERT] DANGER_CONVERGENCE: BEAM
[20:40] Correlation scan: 39 tickers, no alerts
[20:50] Correlation scan: 39 tickers, no alerts
[21:00] Correlation scan: 39 tickers, no alerts
[21:10] Correlation scan: 39 tickers, no alerts
[21:20] Correlation scan: 39 tickers, no alerts
[21:30] Correlation scan: 39 tickers, no alerts
  [ALERT] DANGER_CONVERGENCE: BEAM
  [ALERT] EXIT_SIGNAL: RKLB
[21:40] Correlation scan: 39 tickers, no alerts
[21:50] Correlation scan: 39 tickers, no alerts
  [ALERT] EXIT_SIGNAL: OKLO
[22:00] Correlation scan: 39 tickers, no alerts
[22:10] Correlation scan: 39 tickers, no alerts
[22:20] Correlation scan: 38 tickers, no alerts
[22:30] Correlation scan: 39 tickers, no alerts
  [ALERT] DANGER_CONVERGENCE: BEAM
[22:40] Correlation scan: 39 tickers, no alerts
[22:50] Correlation scan: 39 tickers, no alerts
[23:00] Correlation scan: 38 tickers, no alerts
[23:10] Correlation scan: 39 tickers, no alerts
[23:20] Correlation scan: 39 tickers, no alerts
[23:30] Correlation scan: 39 tickers, no alerts
[00:00] Gate closed (weekend/off-hours) — no alerts
[00:30] Gate closed (weekend/off-hours) — no alerts
[01:00] Gate closed (weekend/off-hours) — no alerts
[01:30] Gate closed (weekend/off-hours) — no alerts
[02:00] Gate closed (weekend/off-hours) — no alerts
[02:30] Gate closed (weekend/off-hours) — no alerts
[03:00] Gate closed (weekend/off-hours) — no alerts
[03:30] Gate closed (weekend/off-hours) — no alerts
[04:00] Gate closed (weekend/off-hours) — no alerts
[04:30] Gate closed (weekend/off-hours) — no alerts
[05:00] Gate closed (weekend/off-hours) — no alerts
[05:30] Gate closed (weekend/off-hours) — no alerts
[06:00] Gate closed (weekend/off-hours) — no alerts
[06:30] Gate closed (weekend/off-hours) — no alerts
[07:00] Gate closed (weekend/off-hours) — no alerts
[07:30] Gate closed (weekend/off-hours) — no alerts
[08:00] Gate closed (weekend/off-hours) — no alerts
[08:30] Gate closed (weekend/off-hours) — no alerts
[09:00] Gate closed (weekend/off-hours) — no alerts
[09:30] Gate closed (weekend/off-hours) — no alerts
[10:00] Gate closed (weekend/off-hours) — no alerts
[10:30] Gate closed (weekend/off-hours) — no alerts
[11:00] Gate closed (weekend/off-hours) — no alerts
[11:30] Gate closed (weekend/off-hours) — no alerts
[12:00] Gate closed (weekend/off-hours) — no alerts
[12:30] Gate closed (weekend/off-hours) — no alerts
[13:00] Gate closed (weekend/off-hours) — no alerts
[13:30] Gate closed (weekend/off-hours) — no alerts
[14:00] Gate closed (weekend/off-hours) — no alerts
[14:30] Gate closed (weekend/off-hours) — no alerts
[15:00] Gate closed (weekend/off-hours) — no alerts
[15:30] Gate closed (weekend/off-hours) — no alerts
[16:00] Gate closed (weekend/off-hours) — no alerts
[16:30] Gate closed (weekend/off-hours) — no alerts
[17:00] Gate closed (weekend/off-hours) — no alerts
[17:30] Gate closed (weekend/off-hours) — no alerts
[18:00] Gate closed (weekend/off-hours) — no alerts
[18:30] Gate closed (weekend/off-hours) — no alerts
[19:00] Gate closed (weekend/off-hours) — no alerts
[19:30] Gate closed (weekend/off-hours) — no alerts
[20:00] Gate closed (weekend/off-hours) — no alerts
[20:30] Gate closed (weekend/off-hours) — no alerts
[21:00] Gate closed (weekend/off-hours) — no alerts
[21:30] Gate closed (weekend/off-hours) — no alerts
[22:00] Gate closed (weekend/off-hours) — no alerts
[22:30] Gate closed (weekend/off-hours) — no alerts
[23:00] Gate closed (weekend/off-hours) — no alerts
[23:30] Gate closed (weekend/off-hours) — no alerts
[00:00] Gate closed (weekend/off-hours) — no alerts
[00:30] Gate closed (weekend/off-hours) — no alerts
[01:00] Gate closed (weekend/off-hours) — no alerts
[01:30] Gate closed (weekend/off-hours) — no alerts
[02:00] Gate closed (weekend/off-hours) — no alerts
[02:30] Gate closed (weekend/off-hours) — no alerts
[03:00] Gate closed (weekend/off-hours) — no alerts
[03:30] Gate closed (weekend/off-hours) — no alerts
[04:00] Gate closed (weekend/off-hours) — no alerts
[04:30] Gate closed (weekend/off-hours) — no alerts
[05:00] Gate closed (weekend/off-hours) — no alerts
[05:30] Gate closed (weekend/off-hours) — no alerts
[06:00] Gate closed (weekend/off-hours) — no alerts
[06:30] Gate closed (weekend/off-hours) — no alerts
[07:00] Gate closed (weekend/off-hours) — no alerts
[07:30] Gate closed (weekend/off-hours) — no alerts
[08:00] Gate closed (weekend/off-hours) — no alerts
[08:30] Gate closed (weekend/off-hours) — no alerts
[09:00] Gate closed (weekend/off-hours) — no alerts
[09:30] Gate closed (weekend/off-hours) — no alerts
[10:00] Gate closed (weekend/off-hours) — no alerts
[10:30] Gate closed (weekend/off-hours) — no alerts
[11:00] Gate closed (weekend/off-hours) — no alerts
[11:30] Gate closed (weekend/off-hours) — no alerts
[12:00] Gate closed (weekend/off-hours) — no alerts
[12:30] Gate closed (weekend/off-hours) — no alerts
[13:00] Gate closed (weekend/off-hours) — no alerts
[13:30] Gate closed (weekend/off-hours) — no alerts
[14:00] Gate closed (weekend/off-hours) — no alerts
[14:30] Gate closed (weekend/off-hours) — no alerts
[15:00] Gate closed (weekend/off-hours) — no alerts
[15:30] Gate closed (weekend/off-hours) — no alerts
[16:00] Gate closed (weekend/off-hours) — no alerts
[16:30] Gate closed (weekend/off-hours) — no alerts
[17:00] Gate closed (weekend/off-hours) — no alerts
[17:30] Gate closed (weekend/off-hours) — no alerts
[18:00] Gate closed (weekend/off-hours) — no alerts
[18:30] Gate closed (weekend/off-hours) — no alerts
[19:00] Gate closed (weekend/off-hours) — no alerts
[19:30] Gate closed (weekend/off-hours) — no alerts
[20:00] Gate closed (weekend/off-hours) — no alerts
[20:30] Gate closed (weekend/off-hours) — no alerts
[21:00] Gate closed (weekend/off-hours) — no alerts
[21:30] Gate closed (weekend/off-hours) — no alerts
[22:00] Gate closed (weekend/off-hours) — no alerts
[22:30] Gate closed (weekend/off-hours) — no alerts
[23:00] Gate closed (weekend/off-hours) — no alerts
[23:30] Gate closed (weekend/off-hours) — no alerts
[00:00] Gate closed (weekend/off-hours) — no alerts
[00:30] Gate closed (weekend/off-hours) — no alerts
[01:00] Gate closed (weekend/off-hours) — no alerts
[01:30] Gate closed (weekend/off-hours) — no alerts
[02:00] Gate closed (weekend/off-hours) — no alerts
[02:30] Gate closed (weekend/off-hours) — no alerts
[03:00] Gate closed (weekend/off-hours) — no alerts
[03:30] Gate closed (weekend/off-hours) — no alerts
[04:00] Gate closed (weekend/off-hours) — no alerts
[04:30] Gate closed (weekend/off-hours) — no alerts
[05:00] Gate closed (weekend/off-hours) — no alerts
[05:30] Gate closed (weekend/off-hours) — no alerts
[06:00] Gate closed (weekend/off-hours) — no alerts
[06:30] Gate closed (weekend/off-hours) — no alerts
[07:00] Gate closed (weekend/off-hours) — no alerts
[07:30] Gate closed (weekend/off-hours) — no alerts
[08:00] Gate closed (weekend/off-hours) — no alerts
[08:30] Gate closed (weekend/off-hours) — no alerts
[09:00] Gate closed (weekend/off-hours) — no alerts
[09:30] Gate closed (weekend/off-hours) — no alerts
[10:00] Gate closed (weekend/off-hours) — no alerts
[10:30] Gate closed (weekend/off-hours) — no alerts
[11:00] Gate closed (weekend/off-hours) — no alerts
[11:30] Gate closed (weekend/off-hours) — no alerts
[12:00] Gate closed (weekend/off-hours) — no alerts
[12:30] Gate closed (weekend/off-hours) — no alerts
[13:00] Gate closed (weekend/off-hours) — no alerts
[13:30] Correlation scan: 39 tickers, no alerts
[13:40] Correlation scan: 39 tickers, no alerts
[13:50] Correlation scan: 39 tickers, no alerts
[14:00] Correlation scan: 39 tickers, no alerts
[14:10] Correlation scan: 39 tickers, no alerts
[14:20] Correlation scan: 39 tickers, no alerts
[14:40] Correlation scan: 39 tickers, no alerts
[14:50] Correlation scan: 39 tickers, no alerts
[15:00] Correlation scan: 39 tickers, no alerts
[15:10] Correlation scan: 39 tickers, no alerts
[15:20] Correlation scan: 39 tickers, no alerts
[15:30] Correlation scan: 39 tickers, no alerts
  [ALERT] EXIT_SIGNAL: RKLB
  [ALERT] SECTOR_WEAKNESS: Defense
  [ALERT] EXIT_SIGNAL: OKLO
  [ALERT] EXIT_SIGNAL: ASTS
  [ALERT] DANGER_CONVERGENCE: BEAM
  [ALERT] SECTOR_WEAKNESS: Bio
  [ALERT] ACCELERATING_DECLINE: CRSP
  [ALERT] ACCELERATING_DECLINE: NTLA
  [ALERT] ACCELERATING_DECLINE: BEAM
  [ALERT] ACCELERATING_DECLINE: IONQ
  [ALERT] ACCELERATING_DECLINE: ASTS
  [ALERT] SECTOR_WEAKNESS: Space
  [ALERT] ACCELERATING_DECLINE: UEC
  [ALERT] ACCELERATING_DECLINE: OKLO
  [ALERT] SECTOR_WEAKNESS: Infra
  [ALERT] SECTOR_WEAKNESS: Energy
  [ALERT] ACCELERATING_DECLINE: RKLB
[15:50] Correlation scan: 39 tickers, no alerts
  [ALERT] ACCELERATING_DECLINE: COHR
[16:00] Correlation scan: 39 tickers, no alerts
[16:10] Correlation scan: 39 tickers, no alerts
[16:20] Correlation scan: 39 tickers, no alerts
[16:30] Correlation scan: 39 tickers, no alerts
  [ALERT] DANGER_CONVERGENCE: BEAM
  [ALERT] ACCELERATING_DECLINE: IONQ
  [ALERT] ACCELERATING_DECLINE: BEAM
[16:50] Correlation scan: 39 tickers, no alerts
[17:00] Correlation scan: 39 tickers, no alerts
[17:10] Correlation scan: 39 tickers, no alerts
  [ALERT] ACCELERATING_DECLINE: RKLB
[17:20] Correlation scan: 39 tickers, no alerts
[17:30] Correlation scan: 39 tickers, no alerts
  [ALERT] EXIT_SIGNAL: RKLB
  [ALERT] EXIT_SIGNAL: OKLO
  [ALERT] EXIT_SIGNAL: ASTS
  [ALERT] DANGER_CONVERGENCE: BEAM
[17:40] Correlation scan: 39 tickers, no alerts
[17:50] Correlation scan: 39 tickers, no alerts
[18:00] Correlation scan: 39 tickers, no alerts
[18:10] Correlation scan: 39 tickers, no alerts
[18:20] Correlation scan: 39 tickers, no alerts
  [ALERT] SECTOR_WEAKNESS: Robotics
[18:30] Correlation scan: 39 tickers, no alerts
  [ALERT] DANGER_CONVERGENCE: BEAM
[18:40] Correlation scan: 39 tickers, no alerts
[18:50] Correlation scan: 39 tickers, no alerts
[19:00] Correlation scan: 39 tickers, no alerts
[19:10] Correlation scan: 39 tickers, no alerts
[19:20] Correlation scan: 39 tickers, no alerts
[19:30] Correlation scan: 39 tickers, no alerts
  [ALERT] SECTOR_WEAKNESS: Defense
  [ALERT] EXIT_SIGNAL: RKLB
  [ALERT] EXIT_SIGNAL: OKLO
  [ALERT] EXIT_SIGNAL: ASTS
  [ALERT] SECTOR_WEAKNESS: Bio
  [ALERT] DANGER_CONVERGENCE: BEAM
  [ALERT] SECTOR_WEAKNESS: Space
[19:40] Correlation scan: 39 tickers, no alerts
  [ALERT] SECTOR_WEAKNESS: Infra
  [ALERT] SECTOR_WEAKNESS: Energy
[19:50] Correlation scan: 39 tickers, no alerts
[20:00] Correlation scan: 39 tickers, no alerts
[20:10] Correlation scan: 39 tickers, no alerts
[20:20] Correlation scan: 39 tickers, no alerts
[20:30] Correlation scan: 39 tickers, no alerts
  [ALERT] DANGER_CONVERGENCE: BEAM
[20:40] Correlation scan: 39 tickers, no alerts
[20:50] Correlation scan: 39 tickers, no alerts
[21:00] Correlation scan: 39 tickers, no alerts
  [ALERT] ACCELERATING_DECLINE: ASTS
  [ALERT] FUNDAMENTAL_DETERIORATION: FCX
[21:20] Correlation scan: 39 tickers, no alerts
[21:30] Correlation scan: 39 tickers, no alerts
  [ALERT] EXIT_SIGNAL: RKLB
  [ALERT] EXIT_SIGNAL: OKLO
  [ALERT] EXIT_SIGNAL: ASTS
  [ALERT] DANGER_CONVERGENCE: BEAM
[21:40] Correlation scan: 39 tickers, no alerts
[21:50] Correlation scan: 39 tickers, no alerts
[22:00] Correlation scan: 39 tickers, no alerts
[22:10] Correlation scan: 39 tickers, no alerts
[22:20] Correlation scan: 39 tickers, no alerts
  [ALERT] SECTOR_WEAKNESS: Robotics
[22:30] Correlation scan: 39 tickers, no alerts
  [ALERT] DANGER_CONVERGENCE: BEAM
[22:40] Correlation scan: 39 tickers, no alerts
[22:50] Correlation scan: 39 tickers, no alerts
[23:00] Correlation scan: 39 tickers, no alerts
[23:10] Correlation scan: 39 tickers, no alerts
[23:20] Correlation scan: 39 tickers, no alerts
[23:30] Correlation scan: 39 tickers, no alerts
[00:00] Gate closed (weekend/off-hours) — no alerts
[00:30] Gate closed (weekend/off-hours) — no alerts
[01:00] Gate closed (weekend/off-hours) — no alerts
[01:30] Gate closed (weekend/off-hours) — no alerts
[02:00] Gate closed (weekend/off-hours) — no alerts
[02:30] Gate closed (weekend/off-hours) — no alerts
[03:00] Gate closed (weekend/off-hours) — no alerts
[03:30] Gate closed (weekend/off-hours) — no alerts
[04:00] Gate closed (weekend/off-hours) — no alerts
[04:30] Gate closed (weekend/off-hours) — no alerts
[05:00] Gate closed (weekend/off-hours) — no alerts
[05:30] Gate closed (weekend/off-hours) — no alerts
[06:00] Gate closed (weekend/off-hours) — no alerts
[06:30] Gate closed (weekend/off-hours) — no alerts
[07:00] Gate closed (weekend/off-hours) — no alerts
[07:30] Gate closed (weekend/off-hours) — no alerts
[08:00] Gate closed (weekend/off-hours) — no alerts
[08:30] Gate closed (weekend/off-hours) — no alerts
[09:00] Gate closed (weekend/off-hours) — no alerts
[09:30] Gate closed (weekend/off-hours) — no alerts
[10:00] Gate closed (weekend/off-hours) — no alerts
[10:30] Gate closed (weekend/off-hours) — no alerts
[11:00] Gate closed (weekend/off-hours) — no alerts
[11:30] Gate closed (weekend/off-hours) — no alerts
[12:00] Gate closed (weekend/off-hours) — no alerts
[12:30] Gate closed (weekend/off-hours) — no alerts
[13:00] Gate closed (weekend/off-hours) — no alerts
[13:30] Correlation scan: 39 tickers, no alerts
[13:40] Correlation scan: 39 tickers, no alerts
[13:50] Correlation scan: 39 tickers, no alerts
[14:00] Correlation scan: 39 tickers, no alerts
[14:10] Correlation scan: 39 tickers, no alerts
[14:20] Correlation scan: 39 tickers, no alerts
[14:30] Correlation scan: 39 tickers, no alerts
[14:40] Correlation scan: 39 tickers, no alerts
[14:50] Correlation scan: 39 tickers, no alerts
[15:00] Correlation scan: 39 tickers, no alerts
[15:10] Correlation scan: 39 tickers, no alerts
[15:20] Correlation scan: 39 tickers, no alerts
[15:30] Correlation scan: 39 tickers, no alerts
  [ALERT] ACCELERATING_DECLINE: PLTR
[15:40] Correlation scan: 39 tickers, no alerts
[15:50] Correlation scan: 39 tickers, no alerts
[16:00] Correlation scan: 39 tickers, no alerts
[16:10] Correlation scan: 39 tickers, no alerts
[16:20] Correlation scan: 39 tickers, no alerts
[16:30] Correlation scan: 39 tickers, no alerts
[16:40] Correlation scan: 39 tickers, no alerts
[16:50] Correlation scan: 39 tickers, no alerts
[17:00] Correlation scan: 39 tickers, no alerts
[17:10] Correlation scan: 39 tickers, no alerts
[17:20] Correlation scan: 39 tickers, no alerts
[17:30] Correlation scan: 39 tickers, no alerts
[17:40] Correlation scan: 39 tickers, no alerts
[17:50] Correlation scan: 39 tickers, no alerts
[18:00] Correlation scan: 39 tickers, no alerts
[18:10] Correlation scan: 39 tickers, no alerts
[18:20] Correlation scan: 39 tickers, no alerts
[18:30] Correlation scan: 39 tickers, no alerts
[18:40] Correlation scan: 39 tickers, no alerts
[18:50] Correlation scan: 39 tickers, no alerts
[19:00] Correlation scan: 39 tickers, no alerts
[19:10] Correlation scan: 39 tickers, no alerts
[19:20] Correlation scan: 39 tickers, no alerts
[19:30] Correlation scan: 39 tickers, no alerts
[19:40] Correlation scan: 39 tickers, no alerts
[19:50] Correlation scan: 39 tickers, no alerts
[20:00] Correlation scan: 39 tickers, no alerts
[20:10] Correlation scan: 39 tickers, no alerts
[20:20] Correlation scan: 39 tickers, no alerts
[20:30] Correlation scan: 39 tickers, no alerts
[20:40] Correlation scan: 39 tickers, no alerts
[20:50] Correlation scan: 38 tickers, no alerts
[21:00] Correlation scan: 39 tickers, no alerts
[21:10] Correlation scan: 39 tickers, no alerts
[21:20] Correlation scan: 39 tickers, no alerts
[21:30] Correlation scan: 39 tickers, no alerts
[21:40] Correlation scan: 39 tickers, no alerts
[21:50] Correlation scan: 39 tickers, no alerts
[22:00] Correlation scan: 39 tickers, no alerts
[22:10] Correlation scan: 39 tickers, no alerts
[22:20] Correlation scan: 39 tickers, no alerts
[22:30] Correlation scan: 39 tickers, no alerts
[22:40] Correlation scan: 39 tickers, no alerts
[22:50] Correlation scan: 39 tickers, no alerts
[23:00] Correlation scan: 39 tickers, no alerts
[23:10] Correlation scan: 39 tickers, no alerts
[23:20] Correlation scan: 39 tickers, no alerts
[23:30] Correlation scan: 39 tickers, no alerts
[00:00] Gate closed (weekend/off-hours) — no alerts
[00:30] Gate closed (weekend/off-hours) — no alerts
[01:00] Gate closed (weekend/off-hours) — no alerts
[01:30] Gate closed (weekend/off-hours) — no alerts
[02:00] Gate closed (weekend/off-hours) — no alerts
[02:30] Gate closed (weekend/off-hours) — no alerts
[03:00] Gate closed (weekend/off-hours) — no alerts
[03:30] Gate closed (weekend/off-hours) — no alerts
[04:00] Gate closed (weekend/off-hours) — no alerts
[04:30] Gate closed (weekend/off-hours) — no alerts
[05:00] Gate closed (weekend/off-hours) — no alerts
[05:30] Gate closed (weekend/off-hours) — no alerts
[06:00] Gate closed (weekend/off-hours) — no alerts
[06:30] Gate closed (weekend/off-hours) — no alerts
[07:00] Gate closed (weekend/off-hours) — no alerts
[07:30] Gate closed (weekend/off-hours) — no alerts
[08:00] Gate closed (weekend/off-hours) — no alerts
[08:30] Gate closed (weekend/off-hours) — no alerts
[09:00] Gate closed (weekend/off-hours) — no alerts
[09:30] Gate closed (weekend/off-hours) — no alerts
[10:00] Gate closed (weekend/off-hours) — no alerts
[10:30] Gate closed (weekend/off-hours) — no alerts
[11:00] Gate closed (weekend/off-hours) — no alerts
[11:30] Gate closed (weekend/off-hours) — no alerts
[12:00] Gate closed (weekend/off-hours) — no alerts
[12:30] Gate closed (weekend/off-hours) — no alerts
[13:00] Gate closed (weekend/off-hours) — no alerts
[13:30] Correlation scan: 39 tickers, no alerts
[13:40] Correlation scan: 39 tickers, no alerts
[13:50] Correlation scan: 39 tickers, no alerts
[14:00] Correlation scan: 39 tickers, no alerts
[14:10] Correlation scan: 39 tickers, no alerts
[14:20] Correlation scan: 39 tickers, no alerts
[14:30] Correlation scan: 39 tickers, no alerts
[14:40] Correlation scan: 39 tickers, no alerts
[14:50] Correlation scan: 39 tickers, no alerts
[15:00] Correlation scan: 39 tickers, no alerts
[15:10] Correlation scan: 39 tickers, no alerts
[15:20] Correlation scan: 39 tickers, no alerts
[15:30] Correlation scan: 39 tickers, no alerts
[15:40] Correlation scan: 39 tickers, no alerts
  [ALERT] EXIT_SIGNAL: ASTS
[15:50] Correlation scan: 39 tickers, no alerts
  [ALERT] EXIT_SIGNAL: RKLB
  [ALERT] ACCELERATING_DECLINE: IONQ
[16:00] Correlation scan: 39 tickers, no alerts
[16:10] Correlation scan: 39 tickers, no alerts
[16:20] Correlation scan: 39 tickers, no alerts
[16:30] Correlation scan: 39 tickers, no alerts
  [ALERT] SECTOR_WEAKNESS: Infra
  [ALERT] ACCELERATING_DECLINE: COHR
  [ALERT] ACCELERATING_DECLINE: AMAT
[16:50] Correlation scan: 39 tickers, no alerts
[17:00] Correlation scan: 39 tickers, no alerts
[17:10] Correlation scan: 39 tickers, no alerts
  [ALERT] EXIT_SIGNAL: OKLO
[17:20] Correlation scan: 39 tickers, no alerts
[17:30] Correlation scan: 39 tickers, no alerts
[17:40] Correlation scan: 39 tickers, no alerts
  [ALERT] EXIT_SIGNAL: ASTS
  [ALERT] ACCELERATING_DECLINE: COHR
[17:50] Correlation scan: 39 tickers, no alerts
  [ALERT] EXIT_SIGNAL: RKLB
[18:00] Correlation scan: 39 tickers, no alerts
  [ALERT] ACCELERATING_DECLINE: UEC
  [ALERT] SECTOR_WEAKNESS: Space
  [ALERT] FUNDAMENTAL_DETERIORATION: FCX
  [ALERT] ACCELERATING_DECLINE: ASTS
[18:10] Correlation scan: 39 tickers, no alerts
[18:20] Correlation scan: 39 tickers, no alerts
  [ALERT] SECTOR_WEAKNESS: Energy
  [ALERT] ACCELERATING_DECLINE: PL
[18:40] Correlation scan: 39 tickers, no alerts
[18:50] Correlation scan: 39 tickers, no alerts
[19:00] Correlation scan: 39 tickers, no alerts
[19:10] Correlation scan: 39 tickers, no alerts
  [ALERT] EXIT_SIGNAL: OKLO
[19:20] Correlation scan: 39 tickers, no alerts
[19:30] Correlation scan: 39 tickers, no alerts
[19:40] Correlation scan: 39 tickers, no alerts
  [ALERT] EXIT_SIGNAL: ASTS
[19:50] Correlation scan: 39 tickers, no alerts
  [ALERT] EXIT_SIGNAL: RKLB
[20:00] Correlation scan: 39 tickers, no alerts
[20:10] Correlation scan: 39 tickers, no alerts
[20:20] Correlation scan: 39 tickers, no alerts
[20:30] Correlation scan: 39 tickers, no alerts
[20:40] Correlation scan: 39 tickers, no alerts
[20:50] Correlation scan: 39 tickers, no alerts
  [ALERT] ACCELERATING_DECLINE: IONQ
[21:00] Correlation scan: 39 tickers, no alerts
[21:10] Correlation scan: 39 tickers, no alerts
  [ALERT] EXIT_SIGNAL: OKLO
[21:20] Correlation scan: 39 tickers, no alerts
[21:30] Correlation scan: 39 tickers, no alerts
[21:40] Correlation scan: 39 tickers, no alerts
  [ALERT] EXIT_SIGNAL: ASTS
[21:50] Correlation scan: 39 tickers, no alerts
  [ALERT] EXIT_SIGNAL: RKLB
[22:00] Correlation scan: 39 tickers, no alerts
  [ALERT] SECTOR_WEAKNESS: Space
[22:10] Correlation scan: 39 tickers, no alerts
[22:20] Correlation scan: 39 tickers, no alerts
[22:30] Correlation scan: 39 tickers, no alerts
[22:40] Correlation scan: 39 tickers, no alerts
[22:50] Correlation scan: 39 tickers, no alerts
[23:00] Correlation scan: 39 tickers, no alerts
[23:10] Correlation scan: 39 tickers, no alerts
[23:20] Correlation scan: 39 tickers, no alerts
[23:30] Correlation scan: 39 tickers, no alerts
[00:00] Gate closed (weekend/off-hours) — no alerts
[00:30] Gate closed (weekend/off-hours) — no alerts
[01:00] Gate closed (weekend/off-hours) — no alerts
[01:30] Gate closed (weekend/off-hours) — no alerts
[02:00] Gate closed (weekend/off-hours) — no alerts
[02:30] Gate closed (weekend/off-hours) — no alerts
[03:00] Gate closed (weekend/off-hours) — no alerts
[03:30] Gate closed (weekend/off-hours) — no alerts
[04:00] Gate closed (weekend/off-hours) — no alerts
[04:30] Gate closed (weekend/off-hours) — no alerts
[05:00] Gate closed (weekend/off-hours) — no alerts
[05:30] Gate closed (weekend/off-hours) — no alerts
[06:00] Gate closed (weekend/off-hours) — no alerts
[06:30] Gate closed (weekend/off-hours) — no alerts
[07:00] Gate closed (weekend/off-hours) — no alerts
[07:30] Gate closed (weekend/off-hours) — no alerts
[08:00] Gate closed (weekend/off-hours) — no alerts
[08:30] Gate closed (weekend/off-hours) — no alerts
[09:00] Gate closed (weekend/off-hours) — no alerts
[09:30] Gate closed (weekend/off-hours) — no alerts
[10:00] Gate closed (weekend/off-hours) — no alerts
[10:30] Gate closed (weekend/off-hours) — no alerts
[11:00] Gate closed (weekend/off-hours) — no alerts
[11:30] Gate closed (weekend/off-hours) — no alerts
[12:00] Gate closed (weekend/off-hours) — no alerts
[12:30] Gate closed (weekend/off-hours) — no alerts
[13:00] Gate closed (weekend/off-hours) — no alerts
[13:30] Correlation scan: 39 tickers, no alerts
[13:40] Correlation scan: 39 tickers, no alerts
[13:50] Correlation scan: 39 tickers, no alerts
[14:00] Correlation scan: 39 tickers, no alerts
[14:10] Correlation scan: 39 tickers, no alerts
[14:20] Correlation scan: 39 tickers, no alerts
[14:30] Correlation scan: 39 tickers, no alerts
[14:40] Correlation scan: 39 tickers, no alerts
[14:50] Correlation scan: 39 tickers, no alerts
[15:00] Correlation scan: 39 tickers, no alerts
[15:10] Correlation scan: 39 tickers, no alerts
[15:20] Correlation scan: 39 tickers, no alerts
[15:30] Correlation scan: 39 tickers, no alerts
  [ALERT] EXIT_SIGNAL: OKLO
  [ALERT] EXIT_SIGNAL: RKLB
  [ALERT] DANGER_CONVERGENCE: BEAM
  [ALERT] SECTOR_WEAKNESS: Bio
  [ALERT] ACCELERATING_DECLINE: NTLA
  [ALERT] ACCELERATING_DECLINE: BEAM
  [ALERT] ACCELERATING_DECLINE: CRSP
  [ALERT] FUNDAMENTAL_DETERIORATION: FCX
  [ALERT] ACCELERATING_DECLINE: RKLB
  [ALERT] ACCELERATING_DECLINE: UUUU
[15:40] Correlation scan: 39 tickers, no alerts
  [ALERT] ACCELERATING_DECLINE: IONQ
  [ALERT] ACCELERATING_DECLINE: KTOS
  [ALERT] SECTOR_WEAKNESS: Energy
  [ALERT] SECTOR_WEAKNESS: Space
[15:50] Correlation scan: 39 tickers, no alerts
  [ALERT] ACCELERATING_DECLINE: OKLO
  [ALERT] ACCELERATING_DECLINE: PL
[16:00] Correlation scan: 39 tickers, no alerts
[16:10] Correlation scan: 39 tickers, no alerts
[16:20] Correlation scan: 39 tickers, no alerts
[16:30] Correlation scan: 39 tickers, no alerts
  [ALERT] DANGER_CONVERGENCE: BEAM
  [ALERT] EXIT_SIGNAL: ASTS
[16:50] Correlation scan: 39 tickers, no alerts
  [ALERT] ACCELERATING_DECLINE: COHR
[17:00] Correlation scan: 39 tickers, no alerts
  [ALERT] ACCELERATING_DECLINE: IONQ
[17:10] Correlation scan: 39 tickers, no alerts
  [ALERT] ACCELERATING_DECLINE: OKLO
[17:20] Correlation scan: 39 tickers, no alerts
[17:30] Correlation scan: 39 tickers, no alerts
  [ALERT] EXIT_SIGNAL: OKLO
  [ALERT] EXIT_SIGNAL: RKLB
  [ALERT] DANGER_CONVERGENCE: BEAM
[17:40] Correlation scan: 39 tickers, no alerts
[17:50] Correlation scan: 39 tickers, no alerts
[18:00] Correlation scan: 39 tickers, no alerts
[18:10] Correlation scan: 39 tickers, no alerts
[18:20] Correlation scan: 39 tickers, no alerts
  [ALERT] SECTOR_WEAKNESS: Infra
[18:30] Correlation scan: 39 tickers, no alerts
  [ALERT] DANGER_CONVERGENCE: BEAM
  [ALERT] ACCELERATING_DECLINE: BEAM
  [ALERT] FUNDAMENTAL_DETERIORATION: FCX
  [ALERT] EXIT_SIGNAL: ASTS
  [ALERT] ACCELERATING_DECLINE: PL
[18:50] Correlation scan: 39 tickers, no alerts
[19:00] Correlation scan: 39 tickers, no alerts
[19:10] Correlation scan: 39 tickers, no alerts
[19:20] Correlation scan: 39 tickers, no alerts
[19:30] Correlation scan: 39 tickers, no alerts
  [ALERT] EXIT_SIGNAL: OKLO
  [ALERT] EXIT_SIGNAL: RKLB
  [ALERT] DANGER_CONVERGENCE: BEAM
  [ALERT] SECTOR_WEAKNESS: Bio
[19:40] Correlation scan: 39 tickers, no alerts
  [ALERT] SECTOR_WEAKNESS: Energy
  [ALERT] SECTOR_WEAKNESS: Space
[19:50] Correlation scan: 39 tickers, no alerts
[20:00] Correlation scan: 39 tickers, no alerts
[20:10] Correlation scan: 39 tickers, no alerts
[20:20] Correlation scan: 39 tickers, no alerts
[20:30] Correlation scan: 39 tickers, no alerts
  [ALERT] DANGER_CONVERGENCE: BEAM
  [ALERT] EXIT_SIGNAL: ASTS
[20:50] Correlation scan: 39 tickers, no alerts
[21:00] Correlation scan: 39 tickers, no alerts
  [ALERT] ACCELERATING_DECLINE: PL
[21:10] Correlation scan: 39 tickers, no alerts
[21:20] Correlation scan: 39 tickers, no alerts
[21:30] Correlation scan: 39 tickers, no alerts
  [ALERT] EXIT_SIGNAL: OKLO
  [ALERT] EXIT_SIGNAL: RKLB
  [ALERT] DANGER_CONVERGENCE: BEAM
  [ALERT] FUNDAMENTAL_DETERIORATION: FCX
[21:40] Correlation scan: 39 tickers, no alerts
[21:50] Correlation scan: 39 tickers, no alerts
[22:00] Correlation scan: 39 tickers, no alerts
  [ALERT] ACCELERATING_DECLINE: NTLA
[22:10] Correlation scan: 39 tickers, no alerts
[22:20] Correlation scan: 39 tickers, no alerts
[22:30] Correlation scan: 39 tickers, no alerts
  [ALERT] DANGER_CONVERGENCE: BEAM
[22:40] Correlation scan: 39 tickers, no alerts
  [ALERT] EXIT_SIGNAL: ASTS
[22:50] Correlation scan: 39 tickers, no alerts
[23:00] Correlation scan: 39 tickers, no alerts
[23:10] Correlation scan: 39 tickers, no alerts
[23:20] Correlation scan: 39 tickers, no alerts
[23:30] Correlation scan: 39 tickers, no alerts
[00:00] Gate closed (weekend/off-hours) — no alerts
[00:30] Gate closed (weekend/off-hours) — no alerts
[01:00] Gate closed (weekend/off-hours) — no alerts
[01:30] Gate closed (weekend/off-hours) — no alerts
[02:00] Gate closed (weekend/off-hours) — no alerts
[02:30] Gate closed (weekend/off-hours) — no alerts
[03:00] Gate closed (weekend/off-hours) — no alerts
[03:30] Gate closed (weekend/off-hours) — no alerts
[04:00] Gate closed (weekend/off-hours) — no alerts
[04:30] Gate closed (weekend/off-hours) — no alerts
[05:00] Gate closed (weekend/off-hours) — no alerts
[05:30] Gate closed (weekend/off-hours) — no alerts
[06:00] Gate closed (weekend/off-hours) — no alerts
[06:30] Gate closed (weekend/off-hours) — no alerts
[07:00] Gate closed (weekend/off-hours) — no alerts
[07:30] Gate closed (weekend/off-hours) — no alerts
[08:00] Gate closed (weekend/off-hours) — no alerts
[08:30] Gate closed (weekend/off-hours) — no alerts
[09:00] Gate closed (weekend/off-hours) — no alerts
[09:30] Gate closed (weekend/off-hours) — no alerts
[10:00] Gate closed (weekend/off-hours) — no alerts
[10:30] Gate closed (weekend/off-hours) — no alerts
[11:00] Gate closed (weekend/off-hours) — no alerts
[11:30] Gate closed (weekend/off-hours) — no alerts
[12:00] Gate closed (weekend/off-hours) — no alerts
[12:30] Gate closed (weekend/off-hours) — no alerts
[13:00] Gate closed (weekend/off-hours) — no alerts
[13:30] Correlation scan: 39 tickers, no alerts
[13:40] Correlation scan: 39 tickers, no alerts
[13:50] Correlation scan: 39 tickers, no alerts
[14:00] Correlation scan: 39 tickers, no alerts
[14:10] Correlation scan: 39 tickers, no alerts
[14:20] Correlation scan: 39 tickers, no alerts
[14:30] Correlation scan: 39 tickers, no alerts
[14:40] Correlation scan: 39 tickers, no alerts
[14:50] Correlation scan: 39 tickers, no alerts
[15:00] Correlation scan: 39 tickers, no alerts
[15:10] Correlation scan: 39 tickers, no alerts
[15:20] Correlation scan: 39 tickers, no alerts
[15:30] Correlation scan: 38 tickers, no alerts
  [ALERT] DANGER_CONVERGENCE: BEAM
  [ALERT] FUNDAMENTAL_DETERIORATION: FCX
  [ALERT] BUY_DIP_SIGNAL: FCX
  [ALERT] EXIT_SIGNAL: OKLO
  [ALERT] SECTOR_WEAKNESS: Intelligence
  [ALERT] ACCELERATING_DECLINE: NTLA
  [ALERT] ACCELERATING_DECLINE: BEAM
  [ALERT] ACCELERATING_DECLINE: BOTZ
  [ALERT] ACCELERATING_DECLINE: VRT
  [ALERT] ACCELERATING_DECLINE: AMAT
  [ALERT] SECTOR_WEAKNESS: Bio
  [ALERT] SECTOR_WEAKNESS: Infra
  [ALERT] ACCELERATING_DECLINE: TSM
  [ALERT] ACCELERATING_DECLINE: COHR
  [ALERT] ACCELERATING_DECLINE: IONQ
  [ALERT] SECTOR_WEAKNESS: Robotics
  [ALERT] EXIT_SIGNAL: RKLB
  [ALERT] SECTOR_WEAKNESS: Energy
[15:50] Correlation scan: 39 tickers, no alerts
[16:00] Correlation scan: 39 tickers, no alerts
[16:10] Correlation scan: 39 tickers, no alerts
[16:20] Correlation scan: 39 tickers, no alerts
[16:30] Correlation scan: 39 tickers, no alerts
[16:40] Correlation scan: 39 tickers, no alerts
[16:50] Correlation scan: 39 tickers, no alerts
[17:00] Correlation scan: 39 tickers, no alerts
[17:10] Correlation scan: 39 tickers, no alerts
[17:20] Correlation scan: 39 tickers, no alerts
[17:30] Correlation scan: 39 tickers, no alerts
[17:40] Correlation scan: 39 tickers, no alerts
[17:50] Correlation scan: 38 tickers, no alerts
[18:00] Correlation scan: 39 tickers, no alerts
[18:10] Correlation scan: 39 tickers, no alerts
[18:20] Correlation scan: 39 tickers, no alerts
[18:30] Correlation scan: 39 tickers, no alerts
[18:40] Correlation scan: 39 tickers, no alerts
[18:50] Correlation scan: 39 tickers, no alerts
[19:00] Correlation scan: 39 tickers, no alerts
[19:10] Correlation scan: 39 tickers, no alerts
[19:20] Correlation scan: 39 tickers, no alerts
[19:30] Correlation scan: 39 tickers, no alerts
[19:40] Correlation scan: 39 tickers, no alerts
[19:50] Correlation scan: 39 tickers, no alerts
  [ALERT] DANGER_CONVERGENCE: BEAM
[20:00] Correlation scan: 39 tickers, no alerts
[20:10] Correlation scan: 39 tickers, no alerts
[20:20] Correlation scan: 39 tickers, no alerts
[20:30] Correlation scan: 39 tickers, no alerts
[20:40] Correlation scan: 38 tickers, no alerts
[20:50] Correlation scan: 39 tickers, no alerts
  [ALERT] DANGER_CONVERGENCE: BEAM
[21:00] Correlation scan: 39 tickers, no alerts
[21:10] Correlation scan: 39 tickers, no alerts
  [ALERT] SECTOR_WEAKNESS: Intelligence
[21:20] Correlation scan: 39 tickers, no alerts
[21:30] Correlation scan: 39 tickers, no alerts
[21:40] Correlation scan: 39 tickers, no alerts
[21:50] Correlation scan: 39 tickers, no alerts
  [ALERT] DANGER_CONVERGENCE: BEAM
  [ALERT] SECTOR_WEAKNESS: Bio
[22:10] Correlation scan: 39 tickers, no alerts
[22:20] Correlation scan: 28 tickers, no alerts
[22:30] Correlation scan: 39 tickers, no alerts
[22:40] Correlation scan: 39 tickers, no alerts
[22:50] Correlation scan: 39 tickers, no alerts
  [ALERT] DANGER_CONVERGENCE: BEAM
[23:00] Correlation scan: 39 tickers, no alerts
[23:10] Correlation scan: 39 tickers, no alerts
[23:20] Correlation scan: 39 tickers, no alerts
[23:30] Correlation scan: 38 tickers, no alerts
[00:00] Gate closed (weekend/off-hours) — no alerts
[00:30] Gate closed (weekend/off-hours) — no alerts
[01:00] Gate closed (weekend/off-hours) — no alerts
[01:30] Gate closed (weekend/off-hours) — no alerts
[02:00] Gate closed (weekend/off-hours) — no alerts
[02:30] Gate closed (weekend/off-hours) — no alerts
[03:00] Gate closed (weekend/off-hours) — no alerts
[03:30] Gate closed (weekend/off-hours) — no alerts
[04:00] Gate closed (weekend/off-hours) — no alerts
[04:30] Gate closed (weekend/off-hours) — no alerts
[05:00] Gate closed (weekend/off-hours) — no alerts
[05:30] Gate closed (weekend/off-hours) — no alerts
[06:00] Gate closed (weekend/off-hours) — no alerts
[06:30] Gate closed (weekend/off-hours) — no alerts
[07:00] Gate closed (weekend/off-hours) — no alerts
[07:30] Gate closed (weekend/off-hours) — no alerts
[08:00] Gate closed (weekend/off-hours) — no alerts
[08:30] Gate closed (weekend/off-hours) — no alerts
[09:00] Gate closed (weekend/off-hours) — no alerts
[09:30] Gate closed (weekend/off-hours) — no alerts
[10:00] Gate closed (weekend/off-hours) — no alerts
[10:30] Gate closed (weekend/off-hours) — no alerts
[11:00] Gate closed (weekend/off-hours) — no alerts
[11:30] Gate closed (weekend/off-hours) — no alerts
[12:00] Gate closed (weekend/off-hours) — no alerts
[12:30] Gate closed (weekend/off-hours) — no alerts
[13:00] Gate closed (weekend/off-hours) — no alerts
[13:30] Gate closed (weekend/off-hours) — no alerts
[14:00] Gate closed (weekend/off-hours) — no alerts
[14:30] Gate closed (weekend/off-hours) — no alerts
[15:00] Gate closed (weekend/off-hours) — no alerts
[15:30] Gate closed (weekend/off-hours) — no alerts
[16:00] Gate closed (weekend/off-hours) — no alerts
[16:30] Gate closed (weekend/off-hours) — no alerts
[17:00] Gate closed (weekend/off-hours) — no alerts
[17:30] Gate closed (weekend/off-hours) — no alerts
[18:00] Gate closed (weekend/off-hours) — no alerts
[18:30] Gate closed (weekend/off-hours) — no alerts
[19:00] Gate closed (weekend/off-hours) — no alerts
[19:30] Gate closed (weekend/off-hours) — no alerts
[20:00] Gate closed (weekend/off-hours) — no alerts
[20:30] Gate closed (weekend/off-hours) — no alerts
[21:00] Gate closed (weekend/off-hours) — no alerts
[21:30] Gate closed (weekend/off-hours) — no alerts
[22:00] Gate closed (weekend/off-hours) — no alerts
[22:30] Gate closed (weekend/off-hours) — no alerts
[23:00] Gate closed (weekend/off-hours) — no alerts
[23:30] Gate closed (weekend/off-hours) — no alerts
[00:00] Gate closed (weekend/off-hours) — no alerts
[00:30] Gate closed (weekend/off-hours) — no alerts
[01:00] Gate closed (weekend/off-hours) — no alerts
[01:30] Gate closed (weekend/off-hours) — no alerts
[02:00] Gate closed (weekend/off-hours) — no alerts
[02:30] Gate closed (weekend/off-hours) — no alerts
[03:00] Gate closed (weekend/off-hours) — no alerts
[03:30] Gate closed (weekend/off-hours) — no alerts
[04:00] Gate closed (weekend/off-hours) — no alerts
[04:30] Gate closed (weekend/off-hours) — no alerts
[05:00] Gate closed (weekend/off-hours) — no alerts
[05:30] Gate closed (weekend/off-hours) — no alerts
[06:00] Gate closed (weekend/off-hours) — no alerts
[06:30] Gate closed (weekend/off-hours) — no alerts
[07:00] Gate closed (weekend/off-hours) — no alerts
[07:30] Gate closed (weekend/off-hours) — no alerts
[08:00] Gate closed (weekend/off-hours) — no alerts
[08:30] Gate closed (weekend/off-hours) — no alerts
[09:00] Gate closed (weekend/off-hours) — no alerts
[09:30] Gate closed (weekend/off-hours) — no alerts
[10:00] Gate closed (weekend/off-hours) — no alerts
[10:30] Gate closed (weekend/off-hours) — no alerts
[11:00] Gate closed (weekend/off-hours) — no alerts
[11:30] Gate closed (weekend/off-hours) — no alerts
[12:00] Gate closed (weekend/off-hours) — no alerts
[12:30] Gate closed (weekend/off-hours) — no alerts
[13:00] Gate closed (weekend/off-hours) — no alerts
[13:30] Gate closed (weekend/off-hours) — no alerts
[14:00] Gate closed (weekend/off-hours) — no alerts
[14:30] Gate closed (weekend/off-hours) — no alerts
[15:00] Gate closed (weekend/off-hours) — no alerts
[15:30] Gate closed (weekend/off-hours) — no alerts
[16:00] Gate closed (weekend/off-hours) — no alerts
[16:30] Gate closed (weekend/off-hours) — no alerts
[17:00] Gate closed (weekend/off-hours) — no alerts
[17:30] Gate closed (weekend/off-hours) — no alerts
[18:00] Gate closed (weekend/off-hours) — no alerts
[18:30] Gate closed (weekend/off-hours) — no alerts
[19:00] Gate closed (weekend/off-hours) — no alerts
[19:30] Gate closed (weekend/off-hours) — no alerts
[20:00] Gate closed (weekend/off-hours) — no alerts
[20:30] Gate closed (weekend/off-hours) — no alerts
[21:00] Gate closed (weekend/off-hours) — no alerts
[21:30] Gate closed (weekend/off-hours) — no alerts
[22:00] Gate closed (weekend/off-hours) — no alerts
[22:30] Gate closed (weekend/off-hours) — no alerts
[23:00] Gate closed (weekend/off-hours) — no alerts
[23:30] Gate closed (weekend/off-hours) — no alerts
[00:00] Gate closed (weekend/off-hours) — no alerts
[00:30] Gate closed (weekend/off-hours) — no alerts
[01:00] Gate closed (weekend/off-hours) — no alerts
[01:30] Gate closed (weekend/off-hours) — no alerts
[02:00] Gate closed (weekend/off-hours) — no alerts
[02:30] Gate closed (weekend/off-hours) — no alerts
[03:00] Gate closed (weekend/off-hours) — no alerts
[03:30] Gate closed (weekend/off-hours) — no alerts
[04:00] Gate closed (weekend/off-hours) — no alerts
[04:30] Gate closed (weekend/off-hours) — no alerts
[05:00] Gate closed (weekend/off-hours) — no alerts
[05:30] Gate closed (weekend/off-hours) — no alerts
[06:00] Gate closed (weekend/off-hours) — no alerts
[06:30] Gate closed (weekend/off-hours) — no alerts
[07:00] Gate closed (weekend/off-hours) — no alerts
[07:30] Gate closed (weekend/off-hours) — no alerts
[08:00] Gate closed (weekend/off-hours) — no alerts
[08:30] Gate closed (weekend/off-hours) — no alerts
[09:00] Gate closed (weekend/off-hours) — no alerts
[09:30] Gate closed (weekend/off-hours) — no alerts
[10:00] Gate closed (weekend/off-hours) — no alerts
[10:30] Gate closed (weekend/off-hours) — no alerts
[11:00] Gate closed (weekend/off-hours) — no alerts
[11:30] Gate closed (weekend/off-hours) — no alerts
[12:00] Gate closed (weekend/off-hours) — no alerts
[12:30] Gate closed (weekend/off-hours) — no alerts
[13:00] Gate closed (weekend/off-hours) — no alerts
[13:30] Correlation scan: 39 tickers, no alerts
[13:40] Correlation scan: 39 tickers, no alerts
[13:50] Correlation scan: 39 tickers, no alerts
[14:00] Correlation scan: 39 tickers, no alerts
[14:10] Correlation scan: 39 tickers, no alerts
[14:20] Correlation scan: 38 tickers, no alerts
[14:30] Correlation scan: 39 tickers, no alerts
[14:40] Correlation scan: 39 tickers, no alerts
[14:50] Correlation scan: 39 tickers, no alerts
[15:00] Correlation scan: 39 tickers, no alerts
[15:10] Correlation scan: 39 tickers, no alerts
[15:20] Correlation scan: 39 tickers, no alerts
[15:30] Correlation scan: 39 tickers, no alerts
[15:40] Correlation scan: 39 tickers, no alerts
  [ALERT] EXIT_SIGNAL: ASTS
  [ALERT] DANGER_CONVERGENCE: BEAM
[15:50] Correlation scan: 39 tickers, no alerts
  [ALERT] EXIT_SIGNAL: RKLB
[16:00] Correlation scan: 39 tickers, no alerts
[16:10] Correlation scan: 39 tickers, no alerts
[16:20] Correlation scan: 39 tickers, no alerts
[16:30] Correlation scan: 39 tickers, no alerts
[16:40] Correlation scan: 39 tickers, no alerts
  [ALERT] DANGER_CONVERGENCE: BEAM
[16:50] Correlation scan: 39 tickers, no alerts
  [ALERT] ACCELERATING_DECLINE: NTLA
[17:00] Correlation scan: 39 tickers, no alerts
[17:10] Correlation scan: 39 tickers, no alerts
[17:20] Correlation scan: 39 tickers, no alerts
[17:30] Correlation scan: 39 tickers, no alerts
[17:40] Correlation scan: 39 tickers, no alerts
  [ALERT] EXIT_SIGNAL: ASTS
  [ALERT] DANGER_CONVERGENCE: BEAM
[17:50] Correlation scan: 39 tickers, no alerts
  [ALERT] EXIT_SIGNAL: RKLB
[18:00] Correlation scan: 39 tickers, no alerts
[18:10] Correlation scan: 39 tickers, no alerts
[18:20] Correlation scan: 39 tickers, no alerts
[18:30] Correlation scan: 39 tickers, no alerts
[18:40] Correlation scan: 39 tickers, no alerts
  [ALERT] DANGER_CONVERGENCE: BEAM
[19:00] Correlation scan: 39 tickers, no alerts
[19:10] Correlation scan: 37 tickers, no alerts
[19:20] Correlation scan: 39 tickers, no alerts
[19:30] Correlation scan: 39 tickers, no alerts
[19:40] Correlation scan: 39 tickers, no alerts
  [ALERT] DANGER_CONVERGENCE: BEAM
[20:00] Correlation scan: 39 tickers, no alerts
[20:10] Correlation scan: 39 tickers, no alerts
[20:20] Correlation scan: 39 tickers, no alerts
[20:30] Correlation scan: 38 tickers, no alerts
  [ALERT] EXIT_SIGNAL: RKLB
[20:40] Correlation scan: 39 tickers, no alerts
  [ALERT] DANGER_CONVERGENCE: BEAM
[21:00] Correlation scan: 39 tickers, no alerts
[21:10] Correlation scan: 39 tickers, no alerts
  [ALERT] EXIT_SIGNAL: ASTS
[21:20] Correlation scan: 39 tickers, no alerts
[21:30] Correlation scan: 39 tickers, no alerts
[21:40] Correlation scan: 39 tickers, no alerts
  [ALERT] DANGER_CONVERGENCE: BEAM
[22:00] Correlation scan: 39 tickers, no alerts
[22:10] Correlation scan: 39 tickers, no alerts
[22:20] Correlation scan: 39 tickers, no alerts
[22:30] Correlation scan: 39 tickers, no alerts
  [ALERT] EXIT_SIGNAL: RKLB
  [ALERT] SECTOR_WEAKNESS: Bio
[22:40] Correlation scan: 39 tickers, no alerts
  [ALERT] DANGER_CONVERGENCE: BEAM
[23:00] Correlation scan: 39 tickers, no alerts
[23:10] Correlation scan: 39 tickers, no alerts
[23:20] Correlation scan: 39 tickers, no alerts
[23:30] Correlation scan: 39 tickers, no alerts
[00:00] Gate closed (weekend/off-hours) — no alerts
[00:30] Gate closed (weekend/off-hours) — no alerts
[01:00] Gate closed (weekend/off-hours) — no alerts
[01:30] Gate closed (weekend/off-hours) — no alerts
[02:00] Gate closed (weekend/off-hours) — no alerts
[02:30] Gate closed (weekend/off-hours) — no alerts
[03:00] Gate closed (weekend/off-hours) — no alerts
[03:30] Gate closed (weekend/off-hours) — no alerts
[04:00] Gate closed (weekend/off-hours) — no alerts
[04:30] Gate closed (weekend/off-hours) — no alerts
[05:00] Gate closed (weekend/off-hours) — no alerts
[05:30] Gate closed (weekend/off-hours) — no alerts
[06:00] Gate closed (weekend/off-hours) — no alerts
[06:30] Gate closed (weekend/off-hours) — no alerts
[07:00] Gate closed (weekend/off-hours) — no alerts
[07:30] Gate closed (weekend/off-hours) — no alerts
[08:00] Gate closed (weekend/off-hours) — no alerts
[08:30] Gate closed (weekend/off-hours) — no alerts
[09:00] Gate closed (weekend/off-hours) — no alerts
[09:30] Gate closed (weekend/off-hours) — no alerts
[10:00] Gate closed (weekend/off-hours) — no alerts
[10:30] Gate closed (weekend/off-hours) — no alerts
[11:00] Gate closed (weekend/off-hours) — no alerts
[11:30] Gate closed (weekend/off-hours) — no alerts
[12:00] Gate closed (weekend/off-hours) — no alerts
[12:30] Gate closed (weekend/off-hours) — no alerts
[13:00] Gate closed (weekend/off-hours) — no alerts
[13:30] Correlation scan: 39 tickers, no alerts
[13:40] Correlation scan: 39 tickers, no alerts
[13:50] Correlation scan: 39 tickers, no alerts
[14:00] Correlation scan: 39 tickers, no alerts
[14:10] Correlation scan: 39 tickers, no alerts
[14:20] Correlation scan: 39 tickers, no alerts
[14:30] Correlation scan: 39 tickers, no alerts
[14:40] Correlation scan: 39 tickers, no alerts
[14:50] Correlation scan: 39 tickers, no alerts
[15:00] Correlation scan: 39 tickers, no alerts
[15:10] Correlation scan: 39 tickers, no alerts
[15:20] Correlation scan: 39 tickers, no alerts
[15:30] Correlation scan: 39 tickers, no alerts
  [ALERT] ACCELERATING_DECLINE: NOC
  [ALERT] ACCELERATING_DECLINE: TMO
  [ALERT] ACCELERATING_DECLINE: LMT
  [ALERT] DANGER_CONVERGENCE: BEAM
[15:40] Correlation scan: 39 tickers, no alerts
[15:50] Correlation scan: 39 tickers, no alerts
[16:00] Correlation scan: 39 tickers, no alerts
[16:10] Correlation scan: 39 tickers, no alerts
[16:20] Correlation scan: 39 tickers, no alerts
[16:30] Correlation scan: 39 tickers, no alerts
[16:40] Correlation scan: 39 tickers, no alerts
[16:50] Correlation scan: 39 tickers, no alerts
[17:00] Correlation scan: 39 tickers, no alerts
[17:10] Correlation scan: 39 tickers, no alerts
[17:20] Correlation scan: 39 tickers, no alerts
[17:30] Correlation scan: 39 tickers, no alerts
[17:40] Correlation scan: 39 tickers, no alerts
[17:50] Correlation scan: 39 tickers, no alerts
[18:00] Correlation scan: 39 tickers, no alerts
[18:10] Correlation scan: 39 tickers, no alerts
[18:20] Correlation scan: 39 tickers, no alerts
[18:30] Correlation scan: 39 tickers, no alerts
[18:40] Correlation scan: 39 tickers, no alerts
[18:50] Correlation scan: 39 tickers, no alerts
[19:00] Correlation scan: 39 tickers, no alerts
[19:10] Correlation scan: 39 tickers, no alerts
[19:20] Correlation scan: 39 tickers, no alerts
[19:30] Correlation scan: 39 tickers, no alerts
[19:40] Correlation scan: 39 tickers, no alerts
[19:50] Correlation scan: 39 tickers, no alerts
[20:00] Correlation scan: 39 tickers, no alerts
[20:10] Correlation scan: 39 tickers, no alerts
[20:20] Correlation scan: 39 tickers, no alerts
[20:30] Correlation scan: 39 tickers, no alerts
[20:40] Correlation scan: 39 tickers, no alerts
[20:50] Correlation scan: 39 tickers, no alerts
[21:00] Correlation scan: 39 tickers, no alerts
[21:10] Correlation scan: 39 tickers, no alerts
[21:20] Correlation scan: 39 tickers, no alerts
[21:30] Correlation scan: 39 tickers, no alerts
[21:40] Correlation scan: 39 tickers, no alerts
[21:50] Correlation scan: 39 tickers, no alerts
[22:00] Correlation scan: 38 tickers, no alerts
[22:10] Correlation scan: 39 tickers, no alerts
[22:20] Correlation scan: 39 tickers, no alerts
[22:30] Correlation scan: 39 tickers, no alerts
[22:40] Correlation scan: 39 tickers, no alerts
[22:50] Correlation scan: 39 tickers, no alerts
[23:00] Correlation scan: 39 tickers, no alerts
[23:10] Correlation scan: 39 tickers, no alerts
[23:20] Correlation scan: 39 tickers, no alerts
[23:30] Correlation scan: 39 tickers, no alerts
[00:00] Gate closed (weekend/off-hours) — no alerts
[00:30] Gate closed (weekend/off-hours) — no alerts
[01:00] Gate closed (weekend/off-hours) — no alerts
[01:30] Gate closed (weekend/off-hours) — no alerts
[02:00] Gate closed (weekend/off-hours) — no alerts
[02:30] Gate closed (weekend/off-hours) — no alerts
[03:00] Gate closed (weekend/off-hours) — no alerts
[03:30] Gate closed (weekend/off-hours) — no alerts
[04:00] Gate closed (weekend/off-hours) — no alerts
[04:30] Gate closed (weekend/off-hours) — no alerts
[05:00] Gate closed (weekend/off-hours) — no alerts
[05:30] Gate closed (weekend/off-hours) — no alerts
[06:00] Gate closed (weekend/off-hours) — no alerts
OLYMPUS Correlation Engine starting...
  Interval: 60s
  Prices: /root/gods_plan/data/prices.json
  Skills loaded: {'gem': True, 'risk': True, 'fundamentals': True, 'sentiment': True}
[06:30] Gate closed (weekend/off-hours) — no alerts
[07:00] Gate closed (weekend/off-hours) — no alerts
[07:30] Gate closed (weekend/off-hours) — no alerts
[08:00] Gate closed (weekend/off-hours) — no alerts
[08:30] Gate closed (weekend/off-hours) — no alerts
[09:00] Gate closed (weekend/off-hours) — no alerts
[09:30] Gate closed (weekend/off-hours) — no alerts
[10:00] Gate closed (weekend/off-hours) — no alerts
[10:30] Gate closed (weekend/off-hours) — no alerts
[11:00] Gate closed (weekend/off-hours) — no alerts
[11:30] Gate closed (weekend/off-hours) — no alerts
[12:00] Gate closed (weekend/off-hours) — no alerts
[12:30] Gate closed (weekend/off-hours) — no alerts
[13:00] Gate closed (weekend/off-hours) — no alerts
  [ALERT] EXIT_SIGNAL: OKLO
  [ALERT] EXIT_SIGNAL: RKLB
  [ALERT] EXIT_SIGNAL: ASTS
  [ALERT] SECTOR_WEAKNESS: Space
[13:40] Correlation scan: 39 tickers, no alerts
[13:50] Correlation scan: 39 tickers, no alerts
[14:00] Correlation scan: 39 tickers, no alerts
[14:10] Correlation scan: 39 tickers, no alerts
[14:20] Correlation scan: 39 tickers, no alerts
[14:30] Correlation scan: 39 tickers, no alerts
[14:40] Correlation scan: 39 tickers, no alerts
[14:50] Correlation scan: 39 tickers, no alerts
[15:00] Correlation scan: 39 tickers, no alerts
[15:10] Correlation scan: 39 tickers, no alerts
[15:20] Correlation scan: 39 tickers, no alerts
  [ALERT] EXIT_SIGNAL: OKLO
  [ALERT] EXIT_SIGNAL: RKLB
  [ALERT] EXIT_SIGNAL: ASTS
  [ALERT] ACCELERATING_DECLINE: RKLB
  [ALERT] ACCELERATING_DECLINE: ASTS
  [ALERT] ACCELERATING_DECLINE: PL
[15:50] Correlation scan: 39 tickers, no alerts
[16:00] Correlation scan: 39 tickers, no alerts
[16:10] Correlation scan: 39 tickers, no alerts
[16:20] Correlation scan: 39 tickers, no alerts
[16:30] Correlation scan: 39 tickers, no alerts
[16:40] Correlation scan: 39 tickers, no alerts
[16:50] Correlation scan: 39 tickers, no alerts
[17:00] Correlation scan: 39 tickers, no alerts
[17:10] Correlation scan: 38 tickers, no alerts
[17:20] Correlation scan: 39 tickers, no alerts
[17:30] Correlation scan: 39 tickers, no alerts
  [ALERT] EXIT_SIGNAL: OKLO
  [ALERT] EXIT_SIGNAL: ASTS
  [ALERT] EXIT_SIGNAL: RKLB
[17:40] Correlation scan: 39 tickers, no alerts
[17:50] Correlation scan: 39 tickers, no alerts
[18:00] Correlation scan: 39 tickers, no alerts
[18:10] Correlation scan: 39 tickers, no alerts
[18:20] Correlation scan: 39 tickers, no alerts
[18:30] Correlation scan: 39 tickers, no alerts
[18:40] Correlation scan: 39 tickers, no alerts
  [ALERT] SECTOR_WEAKNESS: Space
[18:50] Correlation scan: 39 tickers, no alerts
[19:00] Correlation scan: 39 tickers, no alerts
[19:10] Correlation scan: 39 tickers, no alerts
[19:20] Correlation scan: 39 tickers, no alerts
[19:30] Correlation scan: 39 tickers, no alerts
  [ALERT] EXIT_SIGNAL: OKLO
  [ALERT] EXIT_SIGNAL: ASTS
  [ALERT] EXIT_SIGNAL: RKLB
[19:40] Correlation scan: 39 tickers, no alerts
[19:50] Correlation scan: 39 tickers, no alerts
[20:00] Correlation scan: 39 tickers, no alerts
[20:10] Correlation scan: 39 tickers, no alerts
  [ALERT] ACCELERATING_DECLINE: RKLB
[20:20] Correlation scan: 39 tickers, no alerts
[20:30] Correlation scan: 39 tickers, no alerts
[20:40] Correlation scan: 39 tickers, no alerts
[20:50] Correlation scan: 39 tickers, no alerts
[21:00] Correlation scan: 39 tickers, no alerts
[21:10] Correlation scan: 39 tickers, no alerts
  [ALERT] DANGER_CONVERGENCE: BEAM
[21:20] Correlation scan: 39 tickers, no alerts
[21:30] Correlation scan: 39 tickers, no alerts
  [ALERT] EXIT_SIGNAL: OKLO
  [ALERT] EXIT_SIGNAL: ASTS
  [ALERT] EXIT_SIGNAL: RKLB
[21:40] Correlation scan: 39 tickers, no alerts
[21:50] Correlation scan: 39 tickers, no alerts
[22:00] Correlation scan: 39 tickers, no alerts
[22:10] Correlation scan: 39 tickers, no alerts
[22:20] Correlation scan: 39 tickers, no alerts
[22:30] Correlation scan: 39 tickers, no alerts
[22:40] Correlation scan: 39 tickers, no alerts
  [ALERT] SECTOR_WEAKNESS: Space
[22:50] Correlation scan: 39 tickers, no alerts
[23:00] Correlation scan: 39 tickers, no alerts
[23:10] Correlation scan: 39 tickers, no alerts
[23:20] Correlation scan: 39 tickers, no alerts
[23:30] Correlation scan: 39 tickers, no alerts
[00:00] Gate closed (weekend/off-hours) — no alerts
[00:30] Gate closed (weekend/off-hours) — no alerts
[01:00] Gate closed (weekend/off-hours) — no alerts
[01:30] Gate closed (weekend/off-hours) — no alerts
[02:00] Gate closed (weekend/off-hours) — no alerts
[02:30] Gate closed (weekend/off-hours) — no alerts
[03:00] Gate closed (weekend/off-hours) — no alerts
[03:30] Gate closed (weekend/off-hours) — no alerts
[04:00] Gate closed (weekend/off-hours) — no alerts
[04:30] Gate closed (weekend/off-hours) — no alerts
[05:00] Gate closed (weekend/off-hours) — no alerts
[05:30] Gate closed (weekend/off-hours) — no alerts
[06:00] Gate closed (weekend/off-hours) — no alerts
[06:30] Gate closed (weekend/off-hours) — no alerts
[07:00] Gate closed (weekend/off-hours) — no alerts
[07:30] Gate closed (weekend/off-hours) — no alerts
[08:00] Gate closed (weekend/off-hours) — no alerts
[08:30] Gate closed (weekend/off-hours) — no alerts
[09:00] Gate closed (weekend/off-hours) — no alerts
[09:30] Gate closed (weekend/off-hours) — no alerts
[10:00] Gate closed (weekend/off-hours) — no alerts
[10:30] Gate closed (weekend/off-hours) — no alerts
[11:00] Gate closed (weekend/off-hours) — no alerts
[11:30] Gate closed (weekend/off-hours) — no alerts
[12:00] Gate closed (weekend/off-hours) — no alerts
[12:30] Gate closed (weekend/off-hours) — no alerts
[13:00] Gate closed (weekend/off-hours) — no alerts
[13:30] Correlation scan: 39 tickers, no alerts
[13:40] Correlation scan: 39 tickers, no alerts
[13:50] Correlation scan: 39 tickers, no alerts
[14:00] Correlation scan: 39 tickers, no alerts
[14:10] Correlation scan: 39 tickers, no alerts
[14:20] Correlation scan: 39 tickers, no alerts
[14:30] Correlation scan: 39 tickers, no alerts
[14:40] Correlation scan: 38 tickers, no alerts
[14:50] Correlation scan: 39 tickers, no alerts
[15:00] Correlation scan: 39 tickers, no alerts
[15:10] Correlation scan: 38 tickers, no alerts
[15:20] Correlation scan: 39 tickers, no alerts
[15:30] Correlation scan: 39 tickers, no alerts
  [ALERT] EXIT_SIGNAL: OKLO
  [ALERT] EXIT_SIGNAL: ASTS
[15:40] Correlation scan: 39 tickers, no alerts
  [ALERT] DANGER_CONVERGENCE: BEAM
[15:50] Correlation scan: 39 tickers, no alerts
[16:00] Correlation scan: 39 tickers, no alerts
[16:10] Correlation scan: 39 tickers, no alerts
[16:20] Correlation scan: 39 tickers, no alerts
[16:30] Correlation scan: 39 tickers, no alerts
  [ALERT] EXIT_SIGNAL: RKLB
  [ALERT] ACCELERATING_DECLINE: ASTS
[16:40] Correlation scan: 39 tickers, no alerts
  [ALERT] SECTOR_WEAKNESS: Space
[16:50] Correlation scan: 39 tickers, no alerts
  [ALERT] FUNDAMENTAL_DETERIORATION: FCX
[17:00] Correlation scan: 39 tickers, no alerts
  [ALERT] DANGER_CONVERGENCE: BEAM
[17:10] Correlation scan: 39 tickers, no alerts
[17:20] Correlation scan: 39 tickers, no alerts
[17:30] Correlation scan: 39 tickers, no alerts
  [ALERT] EXIT_SIGNAL: OKLO
  [ALERT] EXIT_SIGNAL: ASTS
[17:40] Correlation scan: 39 tickers, no alerts
[17:50] Correlation scan: 39 tickers, no alerts
[18:00] Correlation scan: 39 tickers, no alerts
  [ALERT] DANGER_CONVERGENCE: BEAM
[18:10] Correlation scan: 39 tickers, no alerts
[18:20] Correlation scan: 39 tickers, no alerts
[18:30] Correlation scan: 39 tickers, no alerts
[18:40] Correlation scan: 39 tickers, no alerts
[18:50] Correlation scan: 39 tickers, no alerts
[19:00] Correlation scan: 39 tickers, no alerts
[19:10] Correlation scan: 39 tickers, no alerts
[19:20] Correlation scan: 39 tickers, no alerts
[19:30] Correlation scan: 39 tickers, no alerts
  [ALERT] EXIT_SIGNAL: ASTS
  [ALERT] DANGER_CONVERGENCE: BEAM
  [ALERT] EXIT_SIGNAL: OKLO
[19:50] Correlation scan: 39 tickers, no alerts
[20:00] Correlation scan: 39 tickers, no alerts
[20:10] Correlation scan: 39 tickers, no alerts
[20:20] Correlation scan: 39 tickers, no alerts
[20:30] Correlation scan: 39 tickers, no alerts
[20:40] Correlation scan: 39 tickers, no alerts
[20:50] Correlation scan: 39 tickers, no alerts
[21:00] Correlation scan: 39 tickers, no alerts
[21:10] Correlation scan: 39 tickers, no alerts
[21:20] Correlation scan: 39 tickers, no alerts
[21:30] Correlation scan: 39 tickers, no alerts
  [ALERT] EXIT_SIGNAL: ASTS
[21:40] Correlation scan: 39 tickers, no alerts
[21:50] Correlation scan: 39 tickers, no alerts
  [ALERT] EXIT_SIGNAL: OKLO
  [ALERT] DANGER_CONVERGENCE: BEAM
[22:00] Correlation scan: 39 tickers, no alerts
[22:10] Correlation scan: 39 tickers, no alerts
[22:20] Correlation scan: 39 tickers, no alerts
[22:30] Correlation scan: 39 tickers, no alerts
[22:40] Correlation scan: 39 tickers, no alerts
[22:50] Correlation scan: 39 tickers, no alerts
  [ALERT] DANGER_CONVERGENCE: BEAM
[23:00] Correlation scan: 39 tickers, no alerts
[23:10] Correlation scan: 39 tickers, no alerts
[23:20] Correlation scan: 39 tickers, no alerts
[23:30] Correlation scan: 39 tickers, no alerts
[00:00] Gate closed (weekend/off-hours) — no alerts
[00:30] Gate closed (weekend/off-hours) — no alerts
[01:00] Gate closed (weekend/off-hours) — no alerts
[01:30] Gate closed (weekend/off-hours) — no alerts
[02:00] Gate closed (weekend/off-hours) — no alerts
[02:30] Gate closed (weekend/off-hours) — no alerts
[03:00] Gate closed (weekend/off-hours) — no alerts
[03:30] Gate closed (weekend/off-hours) — no alerts
[04:00] Gate closed (weekend/off-hours) — no alerts
[04:30] Gate closed (weekend/off-hours) — no alerts
[05:00] Gate closed (weekend/off-hours) — no alerts
[05:30] Gate closed (weekend/off-hours) — no alerts
[06:00] Gate closed (weekend/off-hours) — no alerts
[06:30] Gate closed (weekend/off-hours) — no alerts
[07:00] Gate closed (weekend/off-hours) — no alerts
[07:30] Gate closed (weekend/off-hours) — no alerts
[08:00] Gate closed (weekend/off-hours) — no alerts
[08:30] Gate closed (weekend/off-hours) — no alerts
[09:00] Gate closed (weekend/off-hours) — no alerts
[09:30] Gate closed (weekend/off-hours) — no alerts
[10:00] Gate closed (weekend/off-hours) — no alerts
[10:30] Gate closed (weekend/off-hours) — no alerts
[11:00] Gate closed (weekend/off-hours) — no alerts
[11:30] Gate closed (weekend/off-hours) — no alerts
[12:00] Gate closed (weekend/off-hours) — no alerts
[12:30] Gate closed (weekend/off-hours) — no alerts
[13:00] Gate closed (weekend/off-hours) — no alerts
[13:30] Correlation scan: 39 tickers, no alerts
[13:40] Correlation scan: 39 tickers, no alerts
[13:50] Correlation scan: 39 tickers, no alerts
[14:00] Correlation scan: 39 tickers, no alerts
[14:10] Correlation scan: 39 tickers, no alerts
[14:20] Correlation scan: 39 tickers, no alerts
[14:30] Correlation scan: 39 tickers, no alerts
[14:40] Correlation scan: 38 tickers, no alerts
[14:50] Correlation scan: 39 tickers, no alerts
[15:00] Correlation scan: 39 tickers, no alerts
[15:10] Correlation scan: 39 tickers, no alerts
[15:20] Correlation scan: 39 tickers, no alerts
[15:30] Correlation scan: 39 tickers, no alerts
  [ALERT] EXIT_SIGNAL: OKLO
  [ALERT] EXIT_SIGNAL: RKLB
  [ALERT] ACCELERATING_DECLINE: GEVO
  [ALERT] ACCELERATING_DECLINE: COHR
  [ALERT] ACCELERATING_DECLINE: OKLO
  [ALERT] EXIT_SIGNAL: ASTS
  [ALERT] SECTOR_WEAKNESS: Infra
  [ALERT] ACCELERATING_DECLINE: UUUU
  [ALERT] ACCELERATING_DECLINE: PL
[15:50] Correlation scan: 39 tickers, no alerts
  [ALERT] SECTOR_WEAKNESS: Space
  [ALERT] FUNDAMENTAL_DETERIORATION: FCX
  [ALERT] ACCELERATING_DECLINE: RKLB
  [ALERT] ACCELERATING_DECLINE: AMAT
  [ALERT] DANGER_CONVERGENCE: BEAM
  [ALERT] ACCELERATING_DECLINE: AVAV
[16:00] Correlation scan: 39 tickers, no alerts
  [ALERT] SECTOR_WEAKNESS: Defense
[16:10] Correlation scan: 39 tickers, no alerts
  [ALERT] SECTOR_WEAKNESS: Energy
  [ALERT] ACCELERATING_DECLINE: ASTS
[16:30] Correlation scan: 39 tickers, no alerts
  [ALERT] ACCELERATING_DECLINE: UEC
[16:40] Correlation scan: 39 tickers, no alerts
  [ALERT] ACCELERATING_DECLINE: GEVO
[16:50] Correlation scan: 39 tickers, no alerts
  [ALERT] DANGER_CONVERGENCE: BEAM
[17:00] Correlation scan: 39 tickers, no alerts
  [ALERT] ACCELERATING_DECLINE: OKLO
  [ALERT] ACCELERATING_DECLINE: PL
[17:10] Correlation scan: 39 tickers, no alerts
[17:20] Correlation scan: 39 tickers, no alerts
[17:30] Correlation scan: 39 tickers, no alerts
  [ALERT] EXIT_SIGNAL: OKLO
  [ALERT] EXIT_SIGNAL: RKLB
[17:40] Correlation scan: 39 tickers, no alerts
  [ALERT] EXIT_SIGNAL: ASTS
[17:50] Correlation scan: 39 tickers, no alerts
[18:00] Correlation scan: 39 tickers, no alerts
[18:10] Correlation scan: 39 tickers, no alerts
[18:20] Correlation scan: 39 tickers, no alerts
  [ALERT] ACCELERATING_DECLINE: GEVO
[18:40] Correlation scan: 38 tickers, no alerts
[18:50] Correlation scan: 37 tickers, no alerts
[19:00] Correlation scan: 28 tickers, no alerts
[19:10] Correlation scan: 39 tickers, no alerts
[19:20] Correlation scan: 39 tickers, no alerts
[19:30] Correlation scan: 39 tickers, no alerts
  [ALERT] EXIT_SIGNAL: OKLO
  [ALERT] EXIT_SIGNAL: RKLB
[19:40] Correlation scan: 39 tickers, no alerts
  [ALERT] EXIT_SIGNAL: ASTS
  [ALERT] SECTOR_WEAKNESS: Infra
  [ALERT] SECTOR_WEAKNESS: Space
[20:00] Correlation scan: 39 tickers, no alerts
  [ALERT] SECTOR_WEAKNESS: Defense
[20:10] Correlation scan: 39 tickers, no alerts
  [ALERT] SECTOR_WEAKNESS: Energy
  [ALERT] FUNDAMENTAL_DETERIORATION: CWEN
[20:30] Correlation scan: 39 tickers, no alerts
[20:40] Correlation scan: 39 tickers, no alerts
[20:50] Correlation scan: 39 tickers, no alerts
[21:00] Correlation scan: 39 tickers, no alerts
  [ALERT] DANGER_CONVERGENCE: BEAM
[21:10] Correlation scan: 39 tickers, no alerts
  [ALERT] ACCELERATING_DECLINE: OKLO
  [ALERT] ACCELERATING_DECLINE: COHR
  [ALERT] ACCELERATING_DECLINE: AMAT
[21:20] Correlation scan: 39 tickers, no alerts
[21:30] Correlation scan: 39 tickers, no alerts
  [ALERT] EXIT_SIGNAL: OKLO
  [ALERT] EXIT_SIGNAL: RKLB
  [ALERT] ACCELERATING_DECLINE: GEVO
[21:40] Correlation scan: 39 tickers, no alerts
  [ALERT] EXIT_SIGNAL: ASTS
[21:50] Correlation scan: 39 tickers, no alerts
[22:00] Correlation scan: 39 tickers, no alerts
  [ALERT] DANGER_CONVERGENCE: BEAM
[22:10] Correlation scan: 39 tickers, no alerts
[22:20] Correlation scan: 39 tickers, no alerts
[22:30] Correlation scan: 39 tickers, no alerts
[22:40] Correlation scan: 39 tickers, no alerts
[22:50] Correlation scan: 39 tickers, no alerts
[23:00] Correlation scan: 39 tickers, no alerts
  [ALERT] DANGER_CONVERGENCE: BEAM
[23:10] Correlation scan: 39 tickers, no alerts
[23:20] Correlation scan: 37 tickers, no alerts
  [ALERT] FUNDAMENTAL_DETERIORATION: CWEN
[23:30] Correlation scan: 39 tickers, no alerts
[00:00] Gate closed (weekend/off-hours) — no alerts
[00:30] Gate closed (weekend/off-hours) — no alerts
[01:00] Gate closed (weekend/off-hours) — no alerts
[01:30] Gate closed (weekend/off-hours) — no alerts
[02:00] Gate closed (weekend/off-hours) — no alerts
[02:30] Gate closed (weekend/off-hours) — no alerts
[03:00] Gate closed (weekend/off-hours) — no alerts
[03:30] Gate closed (weekend/off-hours) — no alerts
[04:00] Gate closed (weekend/off-hours) — no alerts
[04:30] Gate closed (weekend/off-hours) — no alerts
[05:00] Gate closed (weekend/off-hours) — no alerts
[05:30] Gate closed (weekend/off-hours) — no alerts
[06:00] Gate closed (weekend/off-hours) — no alerts
[06:30] Gate closed (weekend/off-hours) — no alerts
[07:00] Gate closed (weekend/off-hours) — no alerts
[07:30] Gate closed (weekend/off-hours) — no alerts
[08:00] Gate closed (weekend/off-hours) — no alerts
[08:30] Gate closed (weekend/off-hours) — no alerts
[09:00] Gate closed (weekend/off-hours) — no alerts
[09:30] Gate closed (weekend/off-hours) — no alerts
[10:00] Gate closed (weekend/off-hours) — no alerts
[10:30] Gate closed (weekend/off-hours) — no alerts
[11:00] Gate closed (weekend/off-hours) — no alerts
[11:30] Gate closed (weekend/off-hours) — no alerts
[12:00] Gate closed (weekend/off-hours) — no alerts
[12:30] Gate closed (weekend/off-hours) — no alerts
[13:00] Gate closed (weekend/off-hours) — no alerts
[13:30] Gate closed (weekend/off-hours) — no alerts
[14:00] Gate closed (weekend/off-hours) — no alerts
[14:30] Gate closed (weekend/off-hours) — no alerts
[15:00] Gate closed (weekend/off-hours) — no alerts
[15:30] Gate closed (weekend/off-hours) — no alerts
[16:00] Gate closed (weekend/off-hours) — no alerts
[16:30] Gate closed (weekend/off-hours) — no alerts
[17:00] Gate closed (weekend/off-hours) — no alerts
[17:30] Gate closed (weekend/off-hours) — no alerts
[18:00] Gate closed (weekend/off-hours) — no alerts
[18:30] Gate closed (weekend/off-hours) — no alerts
[19:00] Gate closed (weekend/off-hours) — no alerts
[19:30] Gate closed (weekend/off-hours) — no alerts
[20:00] Gate closed (weekend/off-hours) — no alerts
[20:30] Gate closed (weekend/off-hours) — no alerts
[21:00] Gate closed (weekend/off-hours) — no alerts
[21:30] Gate closed (weekend/off-hours) — no alerts
[22:00] Gate closed (weekend/off-hours) — no alerts
[22:30] Gate closed (weekend/off-hours) — no alerts
[23:00] Gate closed (weekend/off-hours) — no alerts
[23:30] Gate closed (weekend/off-hours) — no alerts
[00:00] Gate closed (weekend/off-hours) — no alerts
[00:30] Gate closed (weekend/off-hours) — no alerts
[01:00] Gate closed (weekend/off-hours) — no alerts
[01:30] Gate closed (weekend/off-hours) — no alerts
[02:00] Gate closed (weekend/off-hours) — no alerts
[02:30] Gate closed (weekend/off-hours) — no alerts
[03:00] Gate closed (weekend/off-hours) — no alerts
[03:30] Gate closed (weekend/off-hours) — no alerts
[04:00] Gate closed (weekend/off-hours) — no alerts
[04:30] Gate closed (weekend/off-hours) — no alerts
[05:00] Gate closed (weekend/off-hours) — no alerts
[05:30] Gate closed (weekend/off-hours) — no alerts
[06:00] Gate closed (weekend/off-hours) — no alerts
[06:30] Gate closed (weekend/off-hours) — no alerts
[07:00] Gate closed (weekend/off-hours) — no alerts
[07:30] Gate closed (weekend/off-hours) — no alerts
[08:00] Gate closed (weekend/off-hours) — no alerts
[08:30] Gate closed (weekend/off-hours) — no alerts
[09:00] Gate closed (weekend/off-hours) — no alerts
[09:30] Gate closed (weekend/off-hours) — no alerts
[10:00] Gate closed (weekend/off-hours) — no alerts
[10:30] Gate closed (weekend/off-hours) — no alerts
[11:00] Gate closed (weekend/off-hours) — no alerts
[11:30] Gate closed (weekend/off-hours) — no alerts
[12:00] Gate closed (weekend/off-hours) — no alerts
[12:30] Gate closed (weekend/off-hours) — no alerts
[13:00] Gate closed (weekend/off-hours) — no alerts
[13:30] Gate closed (weekend/off-hours) — no alerts
[14:00] Gate closed (weekend/off-hours) — no alerts
[14:30] Gate closed (weekend/off-hours) — no alerts
[15:00] Gate closed (weekend/off-hours) — no alerts
[15:30] Gate closed (weekend/off-hours) — no alerts
[16:00] Gate closed (weekend/off-hours) — no alerts
[16:30] Gate closed (weekend/off-hours) — no alerts
[17:00] Gate closed (weekend/off-hours) — no alerts
[17:30] Gate closed (weekend/off-hours) — no alerts
[18:00] Gate closed (weekend/off-hours) — no alerts
[18:30] Gate closed (weekend/off-hours) — no alerts
[19:00] Gate closed (weekend/off-hours) — no alerts
[19:30] Gate closed (weekend/off-hours) — no alerts
[20:00] Gate closed (weekend/off-hours) — no alerts
[20:30] Gate closed (weekend/off-hours) — no alerts
[21:00] Gate closed (weekend/off-hours) — no alerts
[21:30] Gate closed (weekend/off-hours) — no alerts
[22:00] Gate closed (weekend/off-hours) — no alerts
[22:30] Gate closed (weekend/off-hours) — no alerts
[23:00] Gate closed (weekend/off-hours) — no alerts
[23:30] Gate closed (weekend/off-hours) — no alerts
[00:00] Gate closed (weekend/off-hours) — no alerts
[00:30] Gate closed (weekend/off-hours) — no alerts
[01:00] Gate closed (weekend/off-hours) — no alerts
[01:30] Gate closed (weekend/off-hours) — no alerts
[02:00] Gate closed (weekend/off-hours) — no alerts
[02:30] Gate closed (weekend/off-hours) — no alerts
[03:00] Gate closed (weekend/off-hours) — no alerts
[03:30] Gate closed (weekend/off-hours) — no alerts
[04:00] Gate closed (weekend/off-hours) — no alerts
[04:30] Gate closed (weekend/off-hours) — no alerts
[05:00] Gate closed (weekend/off-hours) — no alerts
[05:30] Gate closed (weekend/off-hours) — no alerts
[06:00] Gate closed (weekend/off-hours) — no alerts
[06:30] Gate closed (weekend/off-hours) — no alerts
[07:00] Gate closed (weekend/off-hours) — no alerts
[07:30] Gate closed (weekend/off-hours) — no alerts
[08:00] Gate closed (weekend/off-hours) — no alerts
[08:30] Gate closed (weekend/off-hours) — no alerts
[09:00] Gate closed (weekend/off-hours) — no alerts
[09:30] Gate closed (weekend/off-hours) — no alerts
[10:00] Gate closed (weekend/off-hours) — no alerts
[10:30] Gate closed (weekend/off-hours) — no alerts
[11:00] Gate closed (weekend/off-hours) — no alerts
[11:30] Gate closed (weekend/off-hours) — no alerts
[12:00] Gate closed (weekend/off-hours) — no alerts
[12:30] Gate closed (weekend/off-hours) — no alerts
[13:00] Gate closed (weekend/off-hours) — no alerts
[13:30] Correlation scan: 39 tickers, no alerts
[13:40] Correlation scan: 39 tickers, no alerts
[13:50] Correlation scan: 39 tickers, no alerts
[14:00] Correlation scan: 39 tickers, no alerts
[14:10] Correlation scan: 39 tickers, no alerts
[14:20] Correlation scan: 39 tickers, no alerts
[14:30] Correlation scan: 39 tickers, no alerts
[14:40] Correlation scan: 39 tickers, no alerts
[14:50] Correlation scan: 39 tickers, no alerts
[15:00] Correlation scan: 39 tickers, no alerts
[15:10] Correlation scan: 39 tickers, no alerts
[15:20] Correlation scan: 39 tickers, no alerts
[15:30] Correlation scan: 39 tickers, no alerts
[15:40] Correlation scan: 39 tickers, no alerts
[15:50] Correlation scan: 39 tickers, no alerts
[16:00] Correlation scan: 39 tickers, no alerts
  [ALERT] SECTOR_WEAKNESS: Infra
[16:10] Correlation scan: 39 tickers, no alerts
  [ALERT] ACCELERATING_DECLINE: COHR
  [ALERT] ACCELERATING_DECLINE: ASML
[16:20] Correlation scan: 39 tickers, no alerts
  [ALERT] ACCELERATING_DECLINE: GEVO
  [ALERT] BUY_DIP_SIGNAL: NVDA
  [ALERT] ACCELERATING_DECLINE: AMAT
[16:30] Correlation scan: 39 tickers, no alerts
[16:40] Correlation scan: 39 tickers, no alerts
[16:50] Correlation scan: 39 tickers, no alerts
[17:00] Correlation scan: 39 tickers, no alerts
[17:10] Correlation scan: 39 tickers, no alerts
[17:20] Correlation scan: 39 tickers, no alerts
[17:30] Correlation scan: 39 tickers, no alerts
  [ALERT] ACCELERATING_DECLINE: GEVO
[17:40] Correlation scan: 39 tickers, no alerts
[17:50] Correlation scan: 39 tickers, no alerts
[18:00] Correlation scan: 39 tickers, no alerts
[18:10] Correlation scan: 39 tickers, no alerts
[18:20] Correlation scan: 39 tickers, no alerts
[18:30] Correlation scan: 39 tickers, no alerts
[18:40] Correlation scan: 39 tickers, no alerts
[18:50] Correlation scan: 39 tickers, no alerts
[19:00] Correlation scan: 39 tickers, no alerts
[19:10] Correlation scan: 38 tickers, no alerts
[19:20] Correlation scan: 39 tickers, no alerts
  [ALERT] BUY_DIP_SIGNAL: NVDA
[19:30] Correlation scan: 39 tickers, no alerts
[19:40] Correlation scan: 39 tickers, no alerts
[19:50] Correlation scan: 39 tickers, no alerts
  [ALERT] ACCELERATING_DECLINE: GEVO
[20:00] Correlation scan: 39 tickers, no alerts
  [ALERT] SECTOR_WEAKNESS: Infra
[20:10] Correlation scan: 39 tickers, no alerts
[20:20] Correlation scan: 39 tickers, no alerts
[20:30] Correlation scan: 39 tickers, no alerts
[20:40] Correlation scan: 39 tickers, no alerts
[20:50] Correlation scan: 39 tickers, no alerts
[21:00] Correlation scan: 39 tickers, no alerts
[21:10] Correlation scan: 39 tickers, no alerts
  [ALERT] ACCELERATING_DECLINE: GEVO
[21:20] Correlation scan: 39 tickers, no alerts
[21:30] Correlation scan: 39 tickers, no alerts
[21:40] Correlation scan: 39 tickers, no alerts
[21:50] Correlation scan: 39 tickers, no alerts
[22:00] Correlation scan: 39 tickers, no alerts
[22:10] Correlation scan: 39 tickers, no alerts
[22:20] Correlation scan: 38 tickers, no alerts
  [CORR] Telegram failed: HTTPSConnectionPool(host='api.telegram.org', port=443): Read timed out. (read timeout=10)
  [ALERT] BUY_DIP_SIGNAL: NVDA
[22:30] Correlation scan: 39 tickers, no alerts
[22:40] Correlation scan: 39 tickers, no alerts
[22:50] Correlation scan: 39 tickers, no alerts
[23:00] Correlation scan: 39 tickers, no alerts
[23:10] Correlation scan: 34 tickers, no alerts
[23:20] Correlation scan: 39 tickers, no alerts
[23:30] Correlation scan: 39 tickers, no alerts
[00:00] Gate closed (weekend/off-hours) — no alerts
[00:30] Gate closed (weekend/off-hours) — no alerts
[01:00] Gate closed (weekend/off-hours) — no alerts
[01:30] Gate closed (weekend/off-hours) — no alerts
[02:00] Gate closed (weekend/off-hours) — no alerts
[02:30] Gate closed (weekend/off-hours) — no alerts
[03:00] Gate closed (weekend/off-hours) — no alerts
[03:30] Gate closed (weekend/off-hours) — no alerts
[04:00] Gate closed (weekend/off-hours) — no alerts
[04:30] Gate closed (weekend/off-hours) — no alerts
[05:00] Gate closed (weekend/off-hours) — no alerts
[05:30] Gate closed (weekend/off-hours) — no alerts
[06:00] Gate closed (weekend/off-hours) — no alerts
OLYMPUS Correlation Engine starting...
  Interval: 60s
  Prices: /root/gods_plan/data/prices.json
  Skills loaded: {'gem': True, 'risk': True, 'fundamentals': True, 'sentiment': True}
[06:30] Gate closed (weekend/off-hours) — no alerts
[07:00] Gate closed (weekend/off-hours) — no alerts
[07:30] Gate closed (weekend/off-hours) — no alerts
[08:00] Gate closed (weekend/off-hours) — no alerts
[08:30] Gate closed (weekend/off-hours) — no alerts
[09:00] Gate closed (weekend/off-hours) — no alerts
[09:30] Gate closed (weekend/off-hours) — no alerts
[10:00] Gate closed (weekend/off-hours) — no alerts
[10:30] Gate closed (weekend/off-hours) — no alerts
[11:00] Gate closed (weekend/off-hours) — no alerts
[11:30] Gate closed (weekend/off-hours) — no alerts
[12:00] Gate closed (weekend/off-hours) — no alerts
[12:30] Gate closed (weekend/off-hours) — no alerts
[13:00] Gate closed (weekend/off-hours) — no alerts
[13:30] Correlation scan: 39 tickers, no alerts
[13:40] Correlation scan: 39 tickers, no alerts
[13:50] Correlation scan: 39 tickers, no alerts
[14:00] Correlation scan: 39 tickers, no alerts
[14:10] Correlation scan: 39 tickers, no alerts
[14:20] Correlation scan: 39 tickers, no alerts
[14:30] Correlation scan: 39 tickers, no alerts
[14:40] Correlation scan: 39 tickers, no alerts
[14:50] Correlation scan: 39 tickers, no alerts
[15:00] Correlation scan: 39 tickers, no alerts
[15:10] Correlation scan: 39 tickers, no alerts
[15:20] Correlation scan: 39 tickers, no alerts
[15:30] Correlation scan: 39 tickers, no alerts
  [ALERT] EXIT_SIGNAL: OKLO
  [ALERT] EXIT_SIGNAL: RKLB
  [ALERT] EXIT_SIGNAL: ASTS
  [ALERT] SECTOR_WEAKNESS: Space
  [ALERT] SECTOR_WEAKNESS: Infra
  [ALERT] FUNDAMENTAL_DETERIORATION: FCX
  [ALERT] ACCELERATING_DECLINE: AMAT
  [ALERT] ACCELERATING_DECLINE: ASML
  [ALERT] ACCELERATING_DECLINE: PLTR
  [ALERT] ACCELERATING_DECLINE: IONQ
  [ALERT] ACCELERATING_DECLINE: UEC
  [ALERT] ACCELERATING_DECLINE: OKLO
  [ALERT] ACCELERATING_DECLINE: RKLB
  [ALERT] ACCELERATING_DECLINE: ASTS
  [ALERT] ACCELERATING_DECLINE: UUUU
  [ALERT] ACCELERATING_DECLINE: COHR
  [ALERT] ACCELERATING_DECLINE: VRT
  [ALERT] ACCELERATING_DECLINE: PL
  [ALERT] SECTOR_WEAKNESS: Energy
  [ALERT] ACCELERATING_DECLINE: ARKQ
  [ALERT] ACCELERATING_DECLINE: URNM
  [ALERT] ACCELERATING_DECLINE: KTOS
  [ALERT] SECTOR_WEAKNESS: Defense
  [ALERT] SECTOR_WEAKNESS: Robotics
  [ALERT] ACCELERATING_DECLINE: GEVO
  [ALERT] ACCELERATING_DECLINE: NTLA
[16:00] Correlation scan: 39 tickers, no alerts
[16:10] Correlation scan: 39 tickers, no alerts
  [ALERT] ACCELERATING_DECLINE: AVAV
  [ALERT] FUNDAMENTAL_DETERIORATION: CWEN
[16:20] Correlation scan: 39 tickers, no alerts
[16:30] Correlation scan: 39 tickers, no alerts
[16:40] Correlation scan: 39 tickers, no alerts
[16:50] Correlation scan: 39 tickers, no alerts
[17:00] Correlation scan: 39 tickers, no alerts
  [ALERT] ACCELERATING_DECLINE: GEVO
  [ALERT] ACCELERATING_DECLINE: UUUU
[17:10] Correlation scan: 39 tickers, no alerts
[17:20] Correlation scan: 39 tickers, no alerts
[17:30] Correlation scan: 38 tickers, no alerts
  [ALERT] EXIT_SIGNAL: OKLO
  [ALERT] EXIT_SIGNAL: RKLB
[17:40] Correlation scan: 39 tickers, no alerts
[17:50] Correlation scan: 39 tickers, no alerts
[18:00] Correlation scan: 39 tickers, no alerts
[18:10] Correlation scan: 39 tickers, no alerts
[18:20] Correlation scan: 39 tickers, no alerts
  [ALERT] ACCELERATING_DECLINE: GEVO
[18:30] Correlation scan: 39 tickers, no alerts
[18:40] Correlation scan: 39 tickers, no alerts
[18:50] Correlation scan: 39 tickers, no alerts
[19:00] Correlation scan: 39 tickers, no alerts
[19:10] Correlation scan: 39 tickers, no alerts
[19:20] Correlation scan: 39 tickers, no alerts
[19:30] Correlation scan: 39 tickers, no alerts
  [ALERT] EXIT_SIGNAL: OKLO
  [ALERT] EXIT_SIGNAL: RKLB
  [ALERT] EXIT_SIGNAL: ASTS
  [ALERT] SECTOR_WEAKNESS: Infra
  [ALERT] SECTOR_WEAKNESS: Energy
  [ALERT] SECTOR_WEAKNESS: Space
[19:40] Correlation scan: 39 tickers, no alerts
[19:50] Correlation scan: 39 tickers, no alerts
  [ALERT] FUNDAMENTAL_DETERIORATION: CWEN
[20:00] Correlation scan: 39 tickers, no alerts
[20:10] Correlation scan: 39 tickers, no alerts
[20:20] Correlation scan: 39 tickers, no alerts
[20:30] Correlation scan: 39 tickers, no alerts
[20:40] Correlation scan: 39 tickers, no alerts
  [ALERT] ACCELERATING_DECLINE: GEVO
[20:50] Correlation scan: 39 tickers, no alerts
[21:00] Correlation scan: 39 tickers, no alerts
[21:10] Correlation scan: 39 tickers, no alerts
[21:20] Correlation scan: 39 tickers, no alerts
[21:30] Correlation scan: 39 tickers, no alerts
  [ALERT] EXIT_SIGNAL: OKLO
  [ALERT] EXIT_SIGNAL: RKLB
  [ALERT] EXIT_SIGNAL: ASTS
[21:40] Correlation scan: 39 tickers, no alerts
[21:50] Correlation scan: 39 tickers, no alerts
[22:00] Correlation scan: 39 tickers, no alerts
  [ALERT] ACCELERATING_DECLINE: GEVO
[22:10] Correlation scan: 39 tickers, no alerts
[22:20] Correlation scan: 39 tickers, no alerts
[22:30] Correlation scan: 39 tickers, no alerts
[22:40] Correlation scan: 37 tickers, no alerts
[22:50] Correlation scan: 39 tickers, no alerts
[23:00] Correlation scan: 38 tickers, no alerts
[23:10] Correlation scan: 39 tickers, no alerts
[23:20] Correlation scan: 39 tickers, no alerts
[23:30] Correlation scan: 39 tickers, no alerts
[00:00] Gate closed (weekend/off-hours) — no alerts
[00:30] Gate closed (weekend/off-hours) — no alerts
[01:00] Gate closed (weekend/off-hours) — no alerts
[01:30] Gate closed (weekend/off-hours) — no alerts
[02:00] Gate closed (weekend/off-hours) — no alerts
[02:30] Gate closed (weekend/off-hours) — no alerts
[03:00] Gate closed (weekend/off-hours) — no alerts
[03:30] Gate closed (weekend/off-hours) — no alerts
[04:00] Gate closed (weekend/off-hours) — no alerts
[04:30] Gate closed (weekend/off-hours) — no alerts
[05:00] Gate closed (weekend/off-hours) — no alerts
[05:30] Gate closed (weekend/off-hours) — no alerts
[06:00] Gate closed (weekend/off-hours) — no alerts
[06:30] Gate closed (weekend/off-hours) — no alerts
[07:00] Gate closed (weekend/off-hours) — no alerts
[07:30] Gate closed (weekend/off-hours) — no alerts
[08:00] Gate closed (weekend/off-hours) — no alerts
[08:30] Gate closed (weekend/off-hours) — no alerts
[09:00] Gate closed (weekend/off-hours) — no alerts
[09:30] Gate closed (weekend/off-hours) — no alerts
[10:00] Gate closed (weekend/off-hours) — no alerts
[10:30] Gate closed (weekend/off-hours) — no alerts
[11:00] Gate closed (weekend/off-hours) — no alerts
[11:30] Gate closed (weekend/off-hours) — no alerts
[12:00] Gate closed (weekend/off-hours) — no alerts
[12:30] Gate closed (weekend/off-hours) — no alerts
[13:00] Gate closed (weekend/off-hours) — no alerts
[13:30] Correlation scan: 39 tickers, no alerts
[13:40] Correlation scan: 39 tickers, no alerts
[13:50] Correlation scan: 39 tickers, no alerts
[14:00] Correlation scan: 39 tickers, no alerts
[14:10] Correlation scan: 39 tickers, no alerts
[14:20] Correlation scan: 39 tickers, no alerts
[14:30] Correlation scan: 39 tickers, no alerts
[14:40] Correlation scan: 39 tickers, no alerts
[14:50] Correlation scan: 39 tickers, no alerts
[15:00] Correlation scan: 39 tickers, no alerts
[15:10] Correlation scan: 39 tickers, no alerts
[15:20] Correlation scan: 39 tickers, no alerts
  [ALERT] SECTOR_WEAKNESS: Infra
  [ALERT] ACCELERATING_DECLINE: VRT
  [ALERT] SECTOR_WEAKNESS: Defense
[15:50] Correlation scan: 38 tickers, no alerts
  [ALERT] ACCELERATING_DECLINE: COHR
  [ALERT] ACCELERATING_DECLINE: AMAT
  [ALERT] FUNDAMENTAL_DETERIORATION: FCX
[16:00] Correlation scan: 39 tickers, no alerts
[16:10] Correlation scan: 39 tickers, no alerts
  [ALERT] BUY_DIP_SIGNAL: NVDA
[16:20] Correlation scan: 39 tickers, no alerts
  [ALERT] ACCELERATING_DECLINE: OKLO
[16:30] Correlation scan: 39 tickers, no alerts
[16:40] Correlation scan: 39 tickers, no alerts
  [ALERT] ACCELERATING_DECLINE: VRT
  [ALERT] DANGER_CONVERGENCE: BEAM
  [ALERT] FUNDAMENTAL_DETERIORATION: CWEN
[17:00] Correlation scan: 39 tickers, no alerts
[17:10] Correlation scan: 39 tickers, no alerts
[17:20] Correlation scan: 39 tickers, no alerts
  [ALERT] ACCELERATING_DECLINE: RKLB
[17:30] Correlation scan: 39 tickers, no alerts
  [ALERT] EXIT_SIGNAL: ASTS
[17:40] Correlation scan: 39 tickers, no alerts
  [ALERT] SECTOR_WEAKNESS: Global
[17:50] Correlation scan: 39 tickers, no alerts
  [ALERT] SECTOR_WEAKNESS: Energy
  [ALERT] ACCELERATING_DECLINE: IONQ
[18:00] Correlation scan: 39 tickers, no alerts
  [ALERT] SECTOR_WEAKNESS: Space
[18:10] Correlation scan: 39 tickers, no alerts
[18:20] Correlation scan: 39 tickers, no alerts
[18:30] Correlation scan: 39 tickers, no alerts
[18:40] Correlation scan: 39 tickers, no alerts
[18:50] Correlation scan: 39 tickers, no alerts
  [ALERT] FUNDAMENTAL_DETERIORATION: FCX
[19:00] Correlation scan: 39 tickers, no alerts
[19:10] Correlation scan: 39 tickers, no alerts
[19:20] Correlation scan: 39 tickers, no alerts
  [ALERT] SECTOR_WEAKNESS: Infra
  [ALERT] EXIT_SIGNAL: ASTS
  [ALERT] SECTOR_WEAKNESS: Defense
[19:50] Correlation scan: 39 tickers, no alerts
[20:00] Correlation scan: 39 tickers, no alerts
  [ALERT] ACCELERATING_DECLINE: VRT
[20:10] Correlation scan: 39 tickers, no alerts
[20:20] Correlation scan: 39 tickers, no alerts
[20:30] Correlation scan: 39 tickers, no alerts
[20:40] Correlation scan: 39 tickers, no alerts
[20:50] Correlation scan: 39 tickers, no alerts
[21:00] Correlation scan: 39 tickers, no alerts
  [ALERT] ACCELERATING_DECLINE: COHR
  [ALERT] ACCELERATING_DECLINE: VRT
[21:10] Correlation scan: 39 tickers, no alerts
[21:20] Correlation scan: 39 tickers, no alerts
  [ALERT] ACCELERATING_DECLINE: RKLB
  [ALERT] ACCELERATING_DECLINE: AMAT
  [ALERT] ACCELERATING_DECLINE: OKLO
[21:30] Correlation scan: 39 tickers, no alerts
  [ALERT] ACCELERATING_DECLINE: ASTS
  [ALERT] ACCELERATING_DECLINE: KTOS
  [ALERT] ACCELERATING_DECLINE: AVAV
  [ALERT] EXIT_SIGNAL: ASTS
  [ALERT] BUY_DIP_SIGNAL: NVDA
  [ALERT] ACCELERATING_DECLINE: IONQ
[21:50] Correlation scan: 39 tickers, no alerts
  [ALERT] SECTOR_WEAKNESS: Energy
[22:00] Correlation scan: 39 tickers, no alerts
  [ALERT] SECTOR_WEAKNESS: Space
[22:10] Correlation scan: 39 tickers, no alerts
[22:20] Correlation scan: 30 tickers, no alerts
[22:30] Correlation scan: 39 tickers, no alerts
[22:40] Correlation scan: 39 tickers, no alerts
[22:50] Correlation scan: 39 tickers, no alerts
[23:00] Correlation scan: 39 tickers, no alerts
[23:10] Correlation scan: 39 tickers, no alerts
[23:20] Correlation scan: 39 tickers, no alerts
[23:30] Correlation scan: 28 tickers, no alerts
[00:00] Gate closed (weekend/off-hours) — no alerts
[00:30] Gate closed (weekend/off-hours) — no alerts
[01:00] Gate closed (weekend/off-hours) — no alerts
[01:30] Gate closed (weekend/off-hours) — no alerts
[02:00] Gate closed (weekend/off-hours) — no alerts
[02:30] Gate closed (weekend/off-hours) — no alerts
[03:00] Gate closed (weekend/off-hours) — no alerts
[03:30] Gate closed (weekend/off-hours) — no alerts
[04:00] Gate closed (weekend/off-hours) — no alerts
[04:30] Gate closed (weekend/off-hours) — no alerts
[05:00] Gate closed (weekend/off-hours) — no alerts
[05:30] Gate closed (weekend/off-hours) — no alerts
[06:00] Gate closed (weekend/off-hours) — no alerts
[06:30] Gate closed (weekend/off-hours) — no alerts
[07:00] Gate closed (weekend/off-hours) — no alerts
[07:30] Gate closed (weekend/off-hours) — no alerts
[08:00] Gate closed (weekend/off-hours) — no alerts
[08:30] Gate closed (weekend/off-hours) — no alerts
[09:00] Gate closed (weekend/off-hours) — no alerts
[09:30] Gate closed (weekend/off-hours) — no alerts
[10:00] Gate closed (weekend/off-hours) — no alerts
[10:30] Gate closed (weekend/off-hours) — no alerts
[11:00] Gate closed (weekend/off-hours) — no alerts
[11:30] Gate closed (weekend/off-hours) — no alerts
[12:00] Gate closed (weekend/off-hours) — no alerts
[12:30] Gate closed (weekend/off-hours) — no alerts
[13:00] Gate closed (weekend/off-hours) — no alerts
[13:30] Correlation scan: 39 tickers, no alerts
[13:40] Correlation scan: 39 tickers, no alerts
[13:50] Correlation scan: 39 tickers, no alerts
[14:00] Correlation scan: 39 tickers, no alerts
[14:10] Correlation scan: 39 tickers, no alerts
[14:20] Correlation scan: 39 tickers, no alerts
[14:30] Correlation scan: 39 tickers, no alerts
[14:40] Correlation scan: 39 tickers, no alerts
[14:50] Correlation scan: 39 tickers, no alerts
[15:00] Correlation scan: 39 tickers, no alerts
[15:10] Correlation scan: 39 tickers, no alerts
[15:20] Correlation scan: 39 tickers, no alerts
  [ALERT] EXIT_SIGNAL: OKLO
  [ALERT] EXIT_SIGNAL: ASTS
  [ALERT] ACCELERATING_DECLINE: PKX
[15:40] Correlation scan: 39 tickers, no alerts
[15:50] Correlation scan: 39 tickers, no alerts
[16:00] Correlation scan: 39 tickers, no alerts
[16:10] Correlation scan: 39 tickers, no alerts
[16:20] Correlation scan: 39 tickers, no alerts
[16:30] Correlation scan: 39 tickers, no alerts
[16:40] Correlation scan: 39 tickers, no alerts
[16:50] Correlation scan: 38 tickers, no alerts
[17:00] Correlation scan: 39 tickers, no alerts
[17:10] Correlation scan: 39 tickers, no alerts
[17:20] Correlation scan: 39 tickers, no alerts
[17:30] Correlation scan: 39 tickers, no alerts
[17:40] Correlation scan: 39 tickers, no alerts
[17:50] Correlation scan: 39 tickers, no alerts
[18:00] Correlation scan: 28 tickers, no alerts
[18:10] Correlation scan: 39 tickers, no alerts
[18:20] Correlation scan: 39 tickers, no alerts
[18:30] Correlation scan: 39 tickers, no alerts
[18:40] Correlation scan: 39 tickers, no alerts
[18:50] Correlation scan: 39 tickers, no alerts
[19:00] Correlation scan: 39 tickers, no alerts
[19:10] Correlation scan: 39 tickers, no alerts
[19:20] Correlation scan: 39 tickers, no alerts
[19:30] Correlation scan: 39 tickers, no alerts
[19:40] Correlation scan: 39 tickers, no alerts
[19:50] Correlation scan: 39 tickers, no alerts
[20:00] Correlation scan: 38 tickers, no alerts
[20:10] Correlation scan: 39 tickers, no alerts
[20:20] Correlation scan: 39 tickers, no alerts
[20:30] Correlation scan: 39 tickers, no alerts
[20:40] Correlation scan: 39 tickers, no alerts
[20:50] Correlation scan: 39 tickers, no alerts
[21:00] Correlation scan: 39 tickers, no alerts
[21:10] Correlation scan: 39 tickers, no alerts
[21:20] Correlation scan: 39 tickers, no alerts
[21:30] Correlation scan: 39 tickers, no alerts
[21:40] Correlation scan: 39 tickers, no alerts
[21:50] Correlation scan: 39 tickers, no alerts
[22:00] Correlation scan: 39 tickers, no alerts
[22:10] Correlation scan: 39 tickers, no alerts
[22:20] Correlation scan: 39 tickers, no alerts
[22:30] Correlation scan: 39 tickers, no alerts
[22:40] Correlation scan: 39 tickers, no alerts
[22:50] Correlation scan: 39 tickers, no alerts
[23:00] Correlation scan: 39 tickers, no alerts
[23:10] Correlation scan: 39 tickers, no alerts
[23:20] Correlation scan: 39 tickers, no alerts
[23:30] Correlation scan: 39 tickers, no alerts
[00:00] Gate closed (weekend/off-hours) — no alerts
[00:30] Gate closed (weekend/off-hours) — no alerts
[01:00] Gate closed (weekend/off-hours) — no alerts
[01:30] Gate closed (weekend/off-hours) — no alerts
[02:00] Gate closed (weekend/off-hours) — no alerts
[02:30] Gate closed (weekend/off-hours) — no alerts
[03:00] Gate closed (weekend/off-hours) — no alerts
[03:30] Gate closed (weekend/off-hours) — no alerts
[04:00] Gate closed (weekend/off-hours) — no alerts
[04:30] Gate closed (weekend/off-hours) — no alerts
[05:00] Gate closed (weekend/off-hours) — no alerts
[05:30] Gate closed (weekend/off-hours) — no alerts
[06:00] Gate closed (weekend/off-hours) — no alerts
[06:30] Gate closed (weekend/off-hours) — no alerts
[07:00] Gate closed (weekend/off-hours) — no alerts
[07:30] Gate closed (weekend/off-hours) — no alerts
[08:00] Gate closed (weekend/off-hours) — no alerts
[08:30] Gate closed (weekend/off-hours) — no alerts
[09:00] Gate closed (weekend/off-hours) — no alerts
[09:30] Gate closed (weekend/off-hours) — no alerts
[10:00] Gate closed (weekend/off-hours) — no alerts
[10:30] Gate closed (weekend/off-hours) — no alerts
[11:00] Gate closed (weekend/off-hours) — no alerts
[11:30] Gate closed (weekend/off-hours) — no alerts
[12:00] Gate closed (weekend/off-hours) — no alerts
[12:30] Gate closed (weekend/off-hours) — no alerts
[13:00] Gate closed (weekend/off-hours) — no alerts
  [ALERT] EXIT_SIGNAL: RKLB
  [ALERT] EXIT_SIGNAL: ASTS
[13:40] Correlation scan: 39 tickers, no alerts
[13:50] Correlation scan: 39 tickers, no alerts
[14:00] Correlation scan: 39 tickers, no alerts
[14:10] Correlation scan: 38 tickers, no alerts
[14:20] Correlation scan: 39 tickers, no alerts
[14:30] Correlation scan: 39 tickers, no alerts
[14:40] Correlation scan: 34 tickers, no alerts
[14:50] Correlation scan: 39 tickers, no alerts
[15:00] Correlation scan: 39 tickers, no alerts
[15:10] Correlation scan: 27 tickers, no alerts
[15:20] Correlation scan: 29 tickers, no alerts
  [ALERT] EXIT_SIGNAL: RKLB
  [ALERT] EXIT_SIGNAL: ASTS
  [ALERT] DANGER_CONVERGENCE: BEAM
  [ALERT] ACCELERATING_DECLINE: BEAM
[15:40] Correlation scan: 39 tickers, no alerts
  [ALERT] ACCELERATING_DECLINE: NTLA
[15:50] Correlation scan: 39 tickers, no alerts
  [ALERT] EXIT_SIGNAL: OKLO
  [ALERT] ACCELERATING_DECLINE: RKLB
  [ALERT] ACCELERATING_DECLINE: ASTS
[16:00] Correlation scan: 39 tickers, no alerts
  [ALERT] SECTOR_WEAKNESS: Space
  [ALERT] SECTOR_WEAKNESS: Bio
  [ALERT] FUNDAMENTAL_DETERIORATION: FCX
[16:10] Correlation scan: 39 tickers, no alerts
  [ALERT] ACCELERATING_DECLINE: UEC
  [ALERT] ACCELERATING_DECLINE: OKLO
  [ALERT] ACCELERATING_DECLINE: CCJ
  [ALERT] ACCELERATING_DECLINE: UUUU
  [ALERT] SECTOR_WEAKNESS: Energy
[16:20] Correlation scan: 39 tickers, no alerts
[16:30] Correlation scan: 39 tickers, no alerts
  [ALERT] DANGER_CONVERGENCE: BEAM
[16:40] Correlation scan: 39 tickers, no alerts
[16:50] Correlation scan: 39 tickers, no alerts
[17:00] Correlation scan: 39 tickers, no alerts
[17:10] Correlation scan: 39 tickers, no alerts
[17:20] Correlation scan: 39 tickers, no alerts
[17:30] Correlation scan: 39 tickers, no alerts
  [ALERT] EXIT_SIGNAL: RKLB
  [ALERT] EXIT_SIGNAL: ASTS
  [ALERT] DANGER_CONVERGENCE: BEAM
[17:40] Correlation scan: 39 tickers, no alerts
[17:50] Correlation scan: 39 tickers, no alerts
  [ALERT] EXIT_SIGNAL: OKLO
[18:00] Correlation scan: 39 tickers, no alerts
[18:10] Correlation scan: 39 tickers, no alerts
[18:20] Correlation scan: 39 tickers, no alerts
[18:30] Correlation scan: 39 tickers, no alerts
  [ALERT] DANGER_CONVERGENCE: BEAM
[18:40] Correlation scan: 39 tickers, no alerts
[18:50] Correlation scan: 39 tickers, no alerts
[19:00] Correlation scan: 39 tickers, no alerts
[19:10] Correlation scan: 39 tickers, no alerts
[19:20] Correlation scan: 39 tickers, no alerts
[19:30] Correlation scan: 39 tickers, no alerts
  [ALERT] EXIT_SIGNAL: RKLB
  [ALERT] EXIT_SIGNAL: ASTS
  [ALERT] DANGER_CONVERGENCE: BEAM
[19:40] Correlation scan: 39 tickers, no alerts
[19:50] Correlation scan: 39 tickers, no alerts
  [ALERT] EXIT_SIGNAL: OKLO
[20:00] Correlation scan: 39 tickers, no alerts
[20:10] Correlation scan: 39 tickers, no alerts
[20:20] Correlation scan: 39 tickers, no alerts
[20:30] Correlation scan: 39 tickers, no alerts
  [ALERT] DANGER_CONVERGENCE: BEAM
[20:40] Correlation scan: 39 tickers, no alerts
[20:50] Correlation scan: 38 tickers, no alerts
[21:00] Correlation scan: 39 tickers, no alerts
[21:10] Correlation scan: 39 tickers, no alerts
[21:20] Correlation scan: 39 tickers, no alerts
[21:30] Correlation scan: 39 tickers, no alerts
  [ALERT] EXIT_SIGNAL: RKLB
  [ALERT] DANGER_CONVERGENCE: BEAM
[21:40] Correlation scan: 28 tickers, no alerts
[21:50] Correlation scan: 39 tickers, no alerts
  [ALERT] EXIT_SIGNAL: OKLO
[22:00] Correlation scan: 39 tickers, no alerts
[22:10] Correlation scan: 39 tickers, no alerts
[22:20] Correlation scan: 39 tickers, no alerts
[22:30] Correlation scan: 39 tickers, no alerts
  [ALERT] DANGER_CONVERGENCE: BEAM
[22:40] Correlation scan: 39 tickers, no alerts
[22:50] Correlation scan: 39 tickers, no alerts
  [ALERT] SECTOR_WEAKNESS: Bio
[23:00] Correlation scan: 39 tickers, no alerts
[23:10] Correlation scan: 39 tickers, no alerts
[23:20] Correlation scan: 39 tickers, no alerts
[23:30] Correlation scan: 39 tickers, no alerts
[00:00] Gate closed (weekend/off-hours) — no alerts
[00:30] Gate closed (weekend/off-hours) — no alerts
[01:00] Gate closed (weekend/off-hours) — no alerts
[01:30] Gate closed (weekend/off-hours) — no alerts
[02:00] Gate closed (weekend/off-hours) — no alerts
[02:30] Gate closed (weekend/off-hours) — no alerts
[03:00] Gate closed (weekend/off-hours) — no alerts
[03:30] Gate closed (weekend/off-hours) — no alerts
[04:00] Gate closed (weekend/off-hours) — no alerts
[04:30] Gate closed (weekend/off-hours) — no alerts
[05:00] Gate closed (weekend/off-hours) — no alerts
[05:30] Gate closed (weekend/off-hours) — no alerts
[06:00] Gate closed (weekend/off-hours) — no alerts
OLYMPUS Correlation Engine starting...
  Interval: 60s
  Prices: /root/gods_plan/data/prices.json
  Skills loaded: {'gem': True, 'risk': True, 'fundamentals': True, 'sentiment': True}
[06:30] Gate closed (weekend/off-hours) — no alerts
[07:00] Gate closed (weekend/off-hours) — no alerts
[07:30] Gate closed (weekend/off-hours) — no alerts
[08:00] Gate closed (weekend/off-hours) — no alerts
[08:30] Gate closed (weekend/off-hours) — no alerts
[09:00] Gate closed (weekend/off-hours) — no alerts
[09:30] Gate closed (weekend/off-hours) — no alerts
[10:00] Gate closed (weekend/off-hours) — no alerts
[10:30] Gate closed (weekend/off-hours) — no alerts
[11:00] Gate closed (weekend/off-hours) — no alerts
[11:30] Gate closed (weekend/off-hours) — no alerts
[12:00] Gate closed (weekend/off-hours) — no alerts
[12:30] Gate closed (weekend/off-hours) — no alerts
[13:00] Gate closed (weekend/off-hours) — no alerts
[13:30] Gate closed (weekend/off-hours) — no alerts
[14:00] Gate closed (weekend/off-hours) — no alerts
[14:30] Gate closed (weekend/off-hours) — no alerts
[15:00] Gate closed (weekend/off-hours) — no alerts
[15:30] Gate closed (weekend/off-hours) — no alerts
[16:00] Gate closed (weekend/off-hours) — no alerts
[16:30] Gate closed (weekend/off-hours) — no alerts
[17:00] Gate closed (weekend/off-hours) — no alerts
[17:30] Gate closed (weekend/off-hours) — no alerts
[18:00] Gate closed (weekend/off-hours) — no alerts
[18:30] Gate closed (weekend/off-hours) — no alerts
[19:00] Gate closed (weekend/off-hours) — no alerts
[19:30] Gate closed (weekend/off-hours) — no alerts
[20:00] Gate closed (weekend/off-hours) — no alerts
[20:30] Gate closed (weekend/off-hours) — no alerts
[21:00] Gate closed (weekend/off-hours) — no alerts
[21:30] Gate closed (weekend/off-hours) — no alerts
[22:00] Gate closed (weekend/off-hours) — no alerts
[22:30] Gate closed (weekend/off-hours) — no alerts
[23:00] Gate closed (weekend/off-hours) — no alerts
[23:30] Gate closed (weekend/off-hours) — no alerts
[00:00] Gate closed (weekend/off-hours) — no alerts
[00:30] Gate closed (weekend/off-hours) — no alerts
[01:00] Gate closed (weekend/off-hours) — no alerts
[01:30] Gate closed (weekend/off-hours) — no alerts
[02:00] Gate closed (weekend/off-hours) — no alerts
[02:30] Gate closed (weekend/off-hours) — no alerts
[03:00] Gate closed (weekend/off-hours) — no alerts
[03:30] Gate closed (weekend/off-hours) — no alerts
[04:00] Gate closed (weekend/off-hours) — no alerts
[04:30] Gate closed (weekend/off-hours) — no alerts
[05:00] Gate closed (weekend/off-hours) — no alerts
[05:30] Gate closed (weekend/off-hours) — no alerts
[06:00] Gate closed (weekend/off-hours) — no alerts
[06:30] Gate closed (weekend/off-hours) — no alerts
[07:00] Gate closed (weekend/off-hours) — no alerts
[07:30] Gate closed (weekend/off-hours) — no alerts
[08:00] Gate closed (weekend/off-hours) — no alerts
[08:30] Gate closed (weekend/off-hours) — no alerts
[09:00] Gate closed (weekend/off-hours) — no alerts
[09:30] Gate closed (weekend/off-hours) — no alerts
[10:00] Gate closed (weekend/off-hours) — no alerts
[10:30] Gate closed (weekend/off-hours) — no alerts
[11:00] Gate closed (weekend/off-hours) — no alerts
[11:30] Gate closed (weekend/off-hours) — no alerts
[12:00] Gate closed (weekend/off-hours) — no alerts
[12:30] Gate closed (weekend/off-hours) — no alerts
[13:00] Gate closed (weekend/off-hours) — no alerts
[13:30] Gate closed (weekend/off-hours) — no alerts
[14:00] Gate closed (weekend/off-hours) — no alerts
[14:30] Gate closed (weekend/off-hours) — no alerts
[15:00] Gate closed (weekend/off-hours) — no alerts
[15:30] Gate closed (weekend/off-hours) — no alerts
[16:00] Gate closed (weekend/off-hours) — no alerts
[16:30] Gate closed (weekend/off-hours) — no alerts
[17:00] Gate closed (weekend/off-hours) — no alerts
[17:30] Gate closed (weekend/off-hours) — no alerts
[18:00] Gate closed (weekend/off-hours) — no alerts
[18:30] Gate closed (weekend/off-hours) — no alerts
[19:00] Gate closed (weekend/off-hours) — no alerts
[19:30] Gate closed (weekend/off-hours) — no alerts
[20:00] Gate closed (weekend/off-hours) — no alerts
[20:30] Gate closed (weekend/off-hours) — no alerts
[21:00] Gate closed (weekend/off-hours) — no alerts
[21:30] Gate closed (weekend/off-hours) — no alerts
[22:00] Gate closed (weekend/off-hours) — no alerts
[22:30] Gate closed (weekend/off-hours) — no alerts
[23:00] Gate closed (weekend/off-hours) — no alerts
[23:30] Gate closed (weekend/off-hours) — no alerts
[00:00] Gate closed (weekend/off-hours) — no alerts
[00:30] Gate closed (weekend/off-hours) — no alerts
[01:00] Gate closed (weekend/off-hours) — no alerts
[01:30] Gate closed (weekend/off-hours) — no alerts
[02:00] Gate closed (weekend/off-hours) — no alerts
[02:30] Gate closed (weekend/off-hours) — no alerts
[03:00] Gate closed (weekend/off-hours) — no alerts
[03:30] Gate closed (weekend/off-hours) — no alerts
[04:00] Gate closed (weekend/off-hours) — no alerts
[04:30] Gate closed (weekend/off-hours) — no alerts
[05:00] Gate closed (weekend/off-hours) — no alerts
[05:30] Gate closed (weekend/off-hours) — no alerts
[06:00] Gate closed (weekend/off-hours) — no alerts
[06:30] Gate closed (weekend/off-hours) — no alerts
[07:00] Gate closed (weekend/off-hours) — no alerts
[07:30] Gate closed (weekend/off-hours) — no alerts
[08:00] Gate closed (weekend/off-hours) — no alerts
[08:30] Gate closed (weekend/off-hours) — no alerts
[09:00] Gate closed (weekend/off-hours) — no alerts
[09:30] Gate closed (weekend/off-hours) — no alerts
[10:00] Gate closed (weekend/off-hours) — no alerts
[10:30] Gate closed (weekend/off-hours) — no alerts
[11:00] Gate closed (weekend/off-hours) — no alerts
[11:30] Gate closed (weekend/off-hours) — no alerts
[12:00] Gate closed (weekend/off-hours) — no alerts
[12:30] Gate closed (weekend/off-hours) — no alerts
[13:00] Gate closed (weekend/off-hours) — no alerts
[13:30] Correlation scan: 39 tickers, no alerts
[13:40] Correlation scan: 39 tickers, no alerts
[13:50] Correlation scan: 39 tickers, no alerts
[14:00] Correlation scan: 39 tickers, no alerts
[14:10] Correlation scan: 39 tickers, no alerts
[14:20] Correlation scan: 39 tickers, no alerts
[14:30] Correlation scan: 39 tickers, no alerts
[14:40] Correlation scan: 39 tickers, no alerts
[14:50] Correlation scan: 39 tickers, no alerts
[15:00] Correlation scan: 39 tickers, no alerts
[15:10] Correlation scan: 39 tickers, no alerts
[15:20] Correlation scan: 39 tickers, no alerts
[15:30] Correlation scan: 39 tickers, no alerts
  [ALERT] EXIT_SIGNAL: RKLB
  [ALERT] EXIT_SIGNAL: ASTS
[15:40] Correlation scan: 39 tickers, no alerts
  [ALERT] FUNDAMENTAL_DETERIORATION: NTR
[15:50] Correlation scan: 39 tickers, no alerts
  [ALERT] ACCELERATING_DECLINE: GEVO
[16:00] Correlation scan: 39 tickers, no alerts
[16:10] Correlation scan: 39 tickers, no alerts
[16:20] Correlation scan: 39 tickers, no alerts
[16:30] Correlation scan: 39 tickers, no alerts
[16:40] Correlation scan: 39 tickers, no alerts
[16:50] Correlation scan: 39 tickers, no alerts
[17:00] Correlation scan: 39 tickers, no alerts
[17:10] Correlation scan: 39 tickers, no alerts
[17:20] Correlation scan: 39 tickers, no alerts
[17:30] Correlation scan: 39 tickers, no alerts
[17:40] Correlation scan: 39 tickers, no alerts
[17:50] Correlation scan: 39 tickers, no alerts
[18:00] Correlation scan: 39 tickers, no alerts
[18:10] Correlation scan: 39 tickers, no alerts
[18:20] Correlation scan: 39 tickers, no alerts
[18:30] Correlation scan: 39 tickers, no alerts
[18:40] Correlation scan: 39 tickers, no alerts
  [ALERT] FUNDAMENTAL_DETERIORATION: NTR
[18:50] Correlation scan: 39 tickers, no alerts
[19:00] Correlation scan: 39 tickers, no alerts
[19:10] Correlation scan: 39 tickers, no alerts
[19:20] Correlation scan: 39 tickers, no alerts
[19:30] Correlation scan: 39 tickers, no alerts
[19:40] Correlation scan: 39 tickers, no alerts
[19:50] Correlation scan: 39 tickers, no alerts
[20:00] Correlation scan: 39 tickers, no alerts
[20:10] Correlation scan: 39 tickers, no alerts
[20:20] Correlation scan: 39 tickers, no alerts
[20:30] Correlation scan: 39 tickers, no alerts
[20:40] Correlation scan: 39 tickers, no alerts
[20:50] Correlation scan: 39 tickers, no alerts
[21:00] Correlation scan: 39 tickers, no alerts
[21:10] Correlation scan: 39 tickers, no alerts
[21:20] Correlation scan: 39 tickers, no alerts
[21:30] Correlation scan: 39 tickers, no alerts
[21:40] Correlation scan: 39 tickers, no alerts
  [ALERT] FUNDAMENTAL_DETERIORATION: NTR
[22:00] Correlation scan: 39 tickers, no alerts
  [ALERT] ACCELERATING_DECLINE: GEVO
[22:10] Correlation scan: 39 tickers, no alerts
[22:20] Correlation scan: 39 tickers, no alerts
[22:30] Correlation scan: 39 tickers, no alerts
[22:40] Correlation scan: 39 tickers, no alerts
[22:50] Correlation scan: 39 tickers, no alerts
[23:00] Correlation scan: 39 tickers, no alerts
[23:10] Correlation scan: 34 tickers, no alerts
[23:20] Correlation scan: 39 tickers, no alerts
[23:30] Correlation scan: 39 tickers, no alerts
[00:00] Gate closed (weekend/off-hours) — no alerts
[00:30] Gate closed (weekend/off-hours) — no alerts
[01:00] Gate closed (weekend/off-hours) — no alerts
[01:30] Gate closed (weekend/off-hours) — no alerts
[02:00] Gate closed (weekend/off-hours) — no alerts
[02:30] Gate closed (weekend/off-hours) — no alerts
[03:00] Gate closed (weekend/off-hours) — no alerts
[03:30] Gate closed (weekend/off-hours) — no alerts
[04:00] Gate closed (weekend/off-hours) — no alerts
[04:30] Gate closed (weekend/off-hours) — no alerts
[05:00] Gate closed (weekend/off-hours) — no alerts
[05:30] Gate closed (weekend/off-hours) — no alerts
[06:00] Gate closed (weekend/off-hours) — no alerts
[06:30] Gate closed (weekend/off-hours) — no alerts
[07:00] Gate closed (weekend/off-hours) — no alerts
[07:30] Gate closed (weekend/off-hours) — no alerts
[08:00] Gate closed (weekend/off-hours) — no alerts
[08:30] Gate closed (weekend/off-hours) — no alerts
[09:00] Gate closed (weekend/off-hours) — no alerts
[09:30] Gate closed (weekend/off-hours) — no alerts
[10:00] Gate closed (weekend/off-hours) — no alerts
[10:30] Gate closed (weekend/off-hours) — no alerts
[11:00] Gate closed (weekend/off-hours) — no alerts
[11:30] Gate closed (weekend/off-hours) — no alerts
[12:00] Gate closed (weekend/off-hours) — no alerts
[12:30] Gate closed (weekend/off-hours) — no alerts
[13:00] Gate closed (weekend/off-hours) — no alerts
[13:30] Correlation scan: 39 tickers, no alerts
[13:40] Correlation scan: 39 tickers, no alerts
[13:50] Correlation scan: 39 tickers, no alerts
[14:00] Correlation scan: 39 tickers, no alerts
[14:10] Correlation scan: 33 tickers, no alerts
[14:20] Correlation scan: 39 tickers, no alerts
[14:30] Correlation scan: 39 tickers, no alerts
[14:40] Correlation scan: 39 tickers, no alerts
[14:50] Correlation scan: 39 tickers, no alerts
[15:00] Correlation scan: 39 tickers, no alerts
[15:10] Correlation scan: 39 tickers, no alerts
[15:20] Correlation scan: 39 tickers, no alerts
[15:30] Correlation scan: 39 tickers, no alerts
[15:40] Correlation scan: 39 tickers, no alerts
[15:50] Correlation scan: 39 tickers, no alerts
[16:00] Correlation scan: 39 tickers, no alerts
[16:10] Correlation scan: 39 tickers, no alerts
[16:20] Correlation scan: 39 tickers, no alerts
[16:30] Correlation scan: 39 tickers, no alerts
[16:40] Correlation scan: 39 tickers, no alerts
[16:50] Correlation scan: 39 tickers, no alerts
[17:00] Correlation scan: 39 tickers, no alerts
[17:10] Correlation scan: 39 tickers, no alerts
[17:20] Correlation scan: 39 tickers, no alerts
[17:30] Correlation scan: 39 tickers, no alerts
[17:40] Correlation scan: 39 tickers, no alerts
[17:50] Correlation scan: 39 tickers, no alerts
[18:00] Correlation scan: 39 tickers, no alerts
[18:10] Correlation scan: 39 tickers, no alerts
[18:20] Correlation scan: 39 tickers, no alerts
[18:30] Correlation scan: 39 tickers, no alerts
[18:40] Correlation scan: 39 tickers, no alerts
[18:50] Correlation scan: 39 tickers, no alerts
[19:00] Correlation scan: 39 tickers, no alerts
[19:10] Correlation scan: 39 tickers, no alerts
[19:20] Correlation scan: 39 tickers, no alerts
[19:30] Correlation scan: 39 tickers, no alerts
[19:40] Correlation scan: 39 tickers, no alerts
[19:50] Correlation scan: 39 tickers, no alerts
[20:00] Correlation scan: 39 tickers, no alerts
[20:10] Correlation scan: 39 tickers, no alerts
[20:20] Correlation scan: 39 tickers, no alerts
[20:30] Correlation scan: 39 tickers, no alerts
[20:40] Correlation scan: 39 tickers, no alerts
[20:50] Correlation scan: 39 tickers, no alerts
[21:00] Correlation scan: 39 tickers, no alerts
[21:10] Correlation scan: 39 tickers, no alerts
[21:20] Correlation scan: 39 tickers, no alerts
[21:30] Correlation scan: 39 tickers, no alerts
[21:40] Correlation scan: 37 tickers, no alerts
[21:50] Correlation scan: 39 tickers, no alerts
[22:00] Correlation scan: 39 tickers, no alerts
[22:10] Correlation scan: 39 tickers, no alerts
[22:20] Correlation scan: 39 tickers, no alerts
[22:30] Correlation scan: 30 tickers, no alerts
[22:40] Correlation scan: 39 tickers, no alerts
[22:50] Correlation scan: 39 tickers, no alerts
[23:00] Correlation scan: 39 tickers, no alerts
[23:10] Correlation scan: 39 tickers, no alerts
[23:20] Correlation scan: 39 tickers, no alerts
[23:30] Correlation scan: 39 tickers, no alerts
[00:00] Gate closed (weekend/off-hours) — no alerts
[00:30] Gate closed (weekend/off-hours) — no alerts
[01:00] Gate closed (weekend/off-hours) — no alerts
[01:30] Gate closed (weekend/off-hours) — no alerts
[02:00] Gate closed (weekend/off-hours) — no alerts
[02:30] Gate closed (weekend/off-hours) — no alerts
[03:00] Gate closed (weekend/off-hours) — no alerts
[03:30] Gate closed (weekend/off-hours) — no alerts
[04:00] Gate closed (weekend/off-hours) — no alerts
[04:30] Gate closed (weekend/off-hours) — no alerts
[05:00] Gate closed (weekend/off-hours) — no alerts
[05:30] Gate closed (weekend/off-hours) — no alerts
[06:00] Gate closed (weekend/off-hours) — no alerts
[06:30] Gate closed (weekend/off-hours) — no alerts
[07:00] Gate closed (weekend/off-hours) — no alerts
[07:30] Gate closed (weekend/off-hours) — no alerts
[08:00] Gate closed (weekend/off-hours) — no alerts
[08:30] Gate closed (weekend/off-hours) — no alerts
[09:00] Gate closed (weekend/off-hours) — no alerts
[09:30] Gate closed (weekend/off-hours) — no alerts
[10:00] Gate closed (weekend/off-hours) — no alerts
[10:30] Gate closed (weekend/off-hours) — no alerts
[11:00] Gate closed (weekend/off-hours) — no alerts
[11:30] Gate closed (weekend/off-hours) — no alerts
[12:00] Gate closed (weekend/off-hours) — no alerts
[12:30] Gate closed (weekend/off-hours) — no alerts
[13:00] Gate closed (weekend/off-hours) — no alerts
  [ALERT] EXIT_SIGNAL: RKLB
  [ALERT] NEGATIVE_CONVERGENCE: RKLB
[13:40] Correlation scan: 39 tickers, no alerts
[13:50] Correlation scan: 39 tickers, no alerts
[14:00] Correlation scan: 39 tickers, no alerts
[14:10] Correlation scan: 31 tickers, no alerts
[14:20] Correlation scan: 39 tickers, no alerts
[14:30] Correlation scan: 38 tickers, no alerts
[14:40] Correlation scan: 39 tickers, no alerts
[14:50] Correlation scan: 39 tickers, no alerts
[15:00] Correlation scan: 39 tickers, no alerts
[15:10] Correlation scan: 34 tickers, no alerts
[15:20] Correlation scan: 39 tickers, no alerts
  [ALERT] EXIT_SIGNAL: RKLB
  [ALERT] NEGATIVE_CONVERGENCE: RKLB
  [ALERT] EXIT_SIGNAL: ASTS
  [ALERT] NEGATIVE_CONVERGENCE: ASTS
  [ALERT] ACCELERATING_DECLINE: ASTS
  [ALERT] SECTOR_WEAKNESS: Space
  [ALERT] NEGATIVE_CONVERGENCE: PL
  [ALERT] EXIT_SIGNAL: OKLO
[15:40] Correlation scan: 39 tickers, no alerts
  [ALERT] ACCELERATING_DECLINE: IONQ
[15:50] Correlation scan: 39 tickers, no alerts
[16:00] Correlation scan: 39 tickers, no alerts
[16:10] Correlation scan: 39 tickers, no alerts
[16:20] Correlation scan: 39 tickers, no alerts
[16:30] Correlation scan: 39 tickers, no alerts
  [ALERT] FUNDAMENTAL_DETERIORATION: CWEN
[16:40] Correlation scan: 39 tickers, no alerts
[16:50] Correlation scan: 39 tickers, no alerts
  [ALERT] DANGER_CONVERGENCE: BEAM
[17:00] Correlation scan: 39 tickers, no alerts
[17:10] Correlation scan: 39 tickers, no alerts
[17:20] Correlation scan: 39 tickers, no alerts
[17:30] Correlation scan: 39 tickers, no alerts
  [ALERT] EXIT_SIGNAL: RKLB
  [ALERT] NEGATIVE_CONVERGENCE: RKLB
[17:40] Correlation scan: 39 tickers, no alerts
[17:50] Correlation scan: 39 tickers, no alerts
  [ALERT] DANGER_CONVERGENCE: BEAM
[18:00] Correlation scan: 39 tickers, no alerts
  [ALERT] EXIT_SIGNAL: ASTS
  [ALERT] NEGATIVE_CONVERGENCE: ASTS
[18:10] Correlation scan: 39 tickers, no alerts
[18:20] Correlation scan: 39 tickers, no alerts
[18:30] Correlation scan: 39 tickers, no alerts
[18:40] Correlation scan: 39 tickers, no alerts
[18:50] Correlation scan: 39 tickers, no alerts
[19:00] Correlation scan: 39 tickers, no alerts
[19:10] Correlation scan: 39 tickers, no alerts
  [ALERT] DANGER_CONVERGENCE: BEAM
[19:20] Correlation scan: 39 tickers, no alerts
[19:30] Correlation scan: 27 tickers, no alerts
  [ALERT] EXIT_SIGNAL: RKLB
  [ALERT] NEGATIVE_CONVERGENCE: RKLB
[19:40] Correlation scan: 39 tickers, no alerts
[19:50] Correlation scan: 39 tickers, no alerts
[20:00] Correlation scan: 39 tickers, no alerts
  [ALERT] EXIT_SIGNAL: ASTS
  [ALERT] NEGATIVE_CONVERGENCE: ASTS
[20:10] Correlation scan: 39 tickers, no alerts
  [ALERT] DANGER_CONVERGENCE: BEAM
[20:20] Correlation scan: 39 tickers, no alerts
[20:30] Correlation scan: 38 tickers, no alerts
  [ALERT] NEGATIVE_CONVERGENCE: PL
[20:40] Correlation scan: 39 tickers, no alerts
[20:50] Correlation scan: 39 tickers, no alerts
[21:00] Correlation scan: 39 tickers, no alerts
[21:10] Correlation scan: 39 tickers, no alerts
  [ALERT] DANGER_CONVERGENCE: BEAM
[21:20] Correlation scan: 39 tickers, no alerts
[21:30] Correlation scan: 39 tickers, no alerts
  [ALERT] EXIT_SIGNAL: RKLB
  [ALERT] NEGATIVE_CONVERGENCE: RKLB
[21:40] Correlation scan: 39 tickers, no alerts
  [ALERT] FUNDAMENTAL_DETERIORATION: CWEN
[21:50] Correlation scan: 39 tickers, no alerts
[22:00] Correlation scan: 39 tickers, no alerts
  [ALERT] EXIT_SIGNAL: ASTS
  [ALERT] NEGATIVE_CONVERGENCE: ASTS
[22:10] Correlation scan: 39 tickers, no alerts
  [ALERT] DANGER_CONVERGENCE: BEAM
[22:20] Correlation scan: 39 tickers, no alerts
[22:30] Correlation scan: 39 tickers, no alerts
[22:40] Correlation scan: 39 tickers, no alerts
[22:50] Correlation scan: 39 tickers, no alerts
[23:00] Correlation scan: 39 tickers, no alerts
[23:10] Correlation scan: 39 tickers, no alerts
  [ALERT] DANGER_CONVERGENCE: BEAM
[23:20] Correlation scan: 39 tickers, no alerts
[23:30] Correlation scan: 38 tickers, no alerts
[00:00] Gate closed (weekend/off-hours) — no alerts
[00:30] Gate closed (weekend/off-hours) — no alerts
[01:00] Gate closed (weekend/off-hours) — no alerts
[01:30] Gate closed (weekend/off-hours) — no alerts
[02:00] Gate closed (weekend/off-hours) — no alerts
[02:30] Gate closed (weekend/off-hours) — no alerts
[03:00] Gate closed (weekend/off-hours) — no alerts
[03:30] Gate closed (weekend/off-hours) — no alerts
[04:00] Gate closed (weekend/off-hours) — no alerts
[04:30] Gate closed (weekend/off-hours) — no alerts
[05:00] Gate closed (weekend/off-hours) — no alerts
[05:30] Gate closed (weekend/off-hours) — no alerts
[06:00] Gate closed (weekend/off-hours) — no alerts
[06:30] Gate closed (weekend/off-hours) — no alerts
[07:00] Gate closed (weekend/off-hours) — no alerts
[07:30] Gate closed (weekend/off-hours) — no alerts
[08:00] Gate closed (weekend/off-hours) — no alerts
[08:30] Gate closed (weekend/off-hours) — no alerts
[09:00] Gate closed (weekend/off-hours) — no alerts
[09:30] Gate closed (weekend/off-hours) — no alerts
[10:00] Gate closed (weekend/off-hours) — no alerts
[10:30] Gate closed (weekend/off-hours) — no alerts
[11:00] Gate closed (weekend/off-hours) — no alerts
[11:30] Gate closed (weekend/off-hours) — no alerts
[12:00] Gate closed (weekend/off-hours) — no alerts
[12:30] Gate closed (weekend/off-hours) — no alerts
[13:00] Gate closed (weekend/off-hours) — no alerts
  [ALERT] EXIT_SIGNAL: RKLB
  [ALERT] EXIT_SIGNAL: ASTS
  [ALERT] DANGER_CONVERGENCE: BEAM
[13:40] Correlation scan: 39 tickers, no alerts
[13:50] Correlation scan: 39 tickers, no alerts
[14:00] Correlation scan: 39 tickers, no alerts
[14:10] Correlation scan: 39 tickers, no alerts
[14:20] Correlation scan: 39 tickers, no alerts
  [ALERT] DANGER_CONVERGENCE: BEAM
[14:40] Correlation scan: 29 tickers, no alerts
[14:50] Correlation scan: 39 tickers, no alerts
[15:00] Correlation scan: 39 tickers, no alerts
[15:10] Correlation scan: 39 tickers, no alerts
[15:20] Correlation scan: 39 tickers, no alerts
  [ALERT] EXIT_SIGNAL: RKLB
  [ALERT] EXIT_SIGNAL: ASTS
  [ALERT] DANGER_CONVERGENCE: BEAM
[15:40] Correlation scan: 39 tickers, no alerts
[15:50] Correlation scan: 39 tickers, no alerts
[16:00] Correlation scan: 39 tickers, no alerts
[16:10] Correlation scan: 39 tickers, no alerts
[16:20] Correlation scan: 39 tickers, no alerts
  [ALERT] DANGER_CONVERGENCE: BEAM
[16:40] Correlation scan: 39 tickers, no alerts
[16:50] Correlation scan: 39 tickers, no alerts
[17:00] Correlation scan: 39 tickers, no alerts
[17:10] Correlation scan: 39 tickers, no alerts
[17:20] Correlation scan: 39 tickers, no alerts
  [ALERT] EXIT_SIGNAL: RKLB
  [ALERT] EXIT_SIGNAL: ASTS
  [ALERT] DANGER_CONVERGENCE: BEAM
[17:40] Correlation scan: 39 tickers, no alerts
[17:50] Correlation scan: 39 tickers, no alerts
[18:00] Correlation scan: 39 tickers, no alerts
[18:10] Correlation scan: 39 tickers, no alerts
  [ALERT] ACCELERATING_DECLINE: COHR
[18:20] Correlation scan: 39 tickers, no alerts
[18:30] Correlation scan: 39 tickers, no alerts
[18:40] Correlation scan: 39 tickers, no alerts
[18:50] Correlation scan: 39 tickers, no alerts
[19:00] Correlation scan: 39 tickers, no alerts
[19:10] Correlation scan: 39 tickers, no alerts
[19:20] Correlation scan: 39 tickers, no alerts
[19:30] Correlation scan: 39 tickers, no alerts
[19:40] Correlation scan: 39 tickers, no alerts
[19:50] Correlation scan: 39 tickers, no alerts
  [ALERT] ACCELERATING_DECLINE: GEVO
[20:00] Correlation scan: 39 tickers, no alerts
[20:10] Correlation scan: 39 tickers, no alerts
[20:20] Correlation scan: 39 tickers, no alerts
[20:30] Correlation scan: 39 tickers, no alerts
[20:40] Correlation scan: 39 tickers, no alerts
[20:50] Correlation scan: 39 tickers, no alerts
  [ALERT] ACCELERATING_DECLINE: GEVO
[21:00] Correlation scan: 39 tickers, no alerts
[21:10] Correlation scan: 39 tickers, no alerts
[21:20] Correlation scan: 39 tickers, no alerts
[21:30] Correlation scan: 39 tickers, no alerts
  [ALERT] EXIT_SIGNAL: OKLO
[21:40] Correlation scan: 39 tickers, no alerts
[21:50] Correlation scan: 28 tickers, no alerts
[22:00] Correlation scan: 39 tickers, no alerts
  [ALERT] ACCELERATING_DECLINE: GEVO
[22:10] Correlation scan: 39 tickers, no alerts
[22:20] Correlation scan: 39 tickers, no alerts
[22:30] Correlation scan: 39 tickers, no alerts
[22:40] Correlation scan: 39 tickers, no alerts
[22:50] Correlation scan: 39 tickers, no alerts
[23:00] Correlation scan: 39 tickers, no alerts
[23:10] Correlation scan: 39 tickers, no alerts
[23:20] Correlation scan: 39 tickers, no alerts
[23:30] Correlation scan: 39 tickers, no alerts
[00:00] Gate closed (weekend/off-hours) — no alerts
[00:30] Gate closed (weekend/off-hours) — no alerts
[01:00] Gate closed (weekend/off-hours) — no alerts
[01:30] Gate closed (weekend/off-hours) — no alerts
[02:00] Gate closed (weekend/off-hours) — no alerts
[02:30] Gate closed (weekend/off-hours) — no alerts
[03:00] Gate closed (weekend/off-hours) — no alerts
[03:30] Gate closed (weekend/off-hours) — no alerts
[04:00] Gate closed (weekend/off-hours) — no alerts
[04:30] Gate closed (weekend/off-hours) — no alerts
[05:00] Gate closed (weekend/off-hours) — no alerts
[05:30] Gate closed (weekend/off-hours) — no alerts
[06:00] Gate closed (weekend/off-hours) — no alerts
[06:30] Gate closed (weekend/off-hours) — no alerts
[07:00] Gate closed (weekend/off-hours) — no alerts
[07:30] Gate closed (weekend/off-hours) — no alerts
[08:00] Gate closed (weekend/off-hours) — no alerts
[08:30] Gate closed (weekend/off-hours) — no alerts
[09:00] Gate closed (weekend/off-hours) — no alerts
[09:30] Gate closed (weekend/off-hours) — no alerts
[10:00] Gate closed (weekend/off-hours) — no alerts
[10:30] Gate closed (weekend/off-hours) — no alerts
[11:00] Gate closed (weekend/off-hours) — no alerts
[11:30] Gate closed (weekend/off-hours) — no alerts
[12:00] Gate closed (weekend/off-hours) — no alerts
[12:30] Gate closed (weekend/off-hours) — no alerts
[13:00] Gate closed (weekend/off-hours) — no alerts
[13:30] Correlation scan: 39 tickers, no alerts
[13:40] Correlation scan: 39 tickers, no alerts
[13:50] Correlation scan: 39 tickers, no alerts
[14:00] Correlation scan: 39 tickers, no alerts
[14:10] Correlation scan: 39 tickers, no alerts
[14:20] Correlation scan: 39 tickers, no alerts
[14:30] Correlation scan: 39 tickers, no alerts
[14:40] Correlation scan: 39 tickers, no alerts
[14:50] Correlation scan: 39 tickers, no alerts
[15:00] Correlation scan: 39 tickers, no alerts
[15:10] Correlation scan: 39 tickers, no alerts
[15:20] Correlation scan: 39 tickers, no alerts
  [ALERT] FUNDAMENTAL_DETERIORATION: NTR
  [ALERT] FUNDAMENTAL_DETERIORATION: CWEN
[15:40] Correlation scan: 39 tickers, no alerts
[15:50] Correlation scan: 39 tickers, no alerts
[16:00] Correlation scan: 39 tickers, no alerts
[16:10] Correlation scan: 28 tickers, no alerts
[16:20] Correlation scan: 39 tickers, no alerts
[16:30] Correlation scan: 39 tickers, no alerts
[16:40] Correlation scan: 39 tickers, no alerts
[16:50] Correlation scan: 39 tickers, no alerts
[17:00] Correlation scan: 39 tickers, no alerts
[17:10] Correlation scan: 39 tickers, no alerts
[17:20] Correlation scan: 39 tickers, no alerts
[17:30] Correlation scan: 39 tickers, no alerts
[17:40] Correlation scan: 39 tickers, no alerts
[17:50] Correlation scan: 39 tickers, no alerts
[18:00] Correlation scan: 39 tickers, no alerts
[18:10] Correlation scan: 39 tickers, no alerts
[18:20] Correlation scan: 39 tickers, no alerts
  [ALERT] FUNDAMENTAL_DETERIORATION: NTR
[18:40] Correlation scan: 39 tickers, no alerts
[18:50] Correlation scan: 39 tickers, no alerts
[19:00] Correlation scan: 39 tickers, no alerts
[19:10] Correlation scan: 39 tickers, no alerts
[19:20] Correlation scan: 39 tickers, no alerts
[19:30] Correlation scan: 39 tickers, no alerts
[19:40] Correlation scan: 39 tickers, no alerts
[19:50] Correlation scan: 39 tickers, no alerts
[20:00] Correlation scan: 39 tickers, no alerts
[20:10] Correlation scan: 39 tickers, no alerts
[20:20] Correlation scan: 39 tickers, no alerts
[20:30] Correlation scan: 39 tickers, no alerts
[20:40] Correlation scan: 39 tickers, no alerts
[20:50] Correlation scan: 39 tickers, no alerts
[21:00] Correlation scan: 39 tickers, no alerts
[21:10] Correlation scan: 39 tickers, no alerts
[21:20] Correlation scan: 39 tickers, no alerts
[21:30] Correlation scan: 39 tickers, no alerts
  [ALERT] FUNDAMENTAL_DETERIORATION: NTR
[21:40] Correlation scan: 39 tickers, no alerts
[21:50] Correlation scan: 39 tickers, no alerts
[22:00] Correlation scan: 39 tickers, no alerts
[22:10] Correlation scan: 39 tickers, no alerts
[22:20] Correlation scan: 39 tickers, no alerts
[22:30] Correlation scan: 39 tickers, no alerts
[22:40] Correlation scan: 39 tickers, no alerts
[22:50] Correlation scan: 39 tickers, no alerts
[23:00] Correlation scan: 39 tickers, no alerts
[23:10] Correlation scan: 39 tickers, no alerts
[23:20] Correlation scan: 39 tickers, no alerts
[23:30] Correlation scan: 39 tickers, no alerts
[00:00] Gate closed (weekend/off-hours) — no alerts
[00:30] Gate closed (weekend/off-hours) — no alerts
[01:00] Gate closed (weekend/off-hours) — no alerts
[01:30] Gate closed (weekend/off-hours) — no alerts
[02:00] Gate closed (weekend/off-hours) — no alerts
[02:30] Gate closed (weekend/off-hours) — no alerts
[03:00] Gate closed (weekend/off-hours) — no alerts
[03:30] Gate closed (weekend/off-hours) — no alerts
[04:00] Gate closed (weekend/off-hours) — no alerts
[04:30] Gate closed (weekend/off-hours) — no alerts
[05:00] Gate closed (weekend/off-hours) — no alerts
[05:30] Gate closed (weekend/off-hours) — no alerts
[06:00] Gate closed (weekend/off-hours) — no alerts
[06:30] Gate closed (weekend/off-hours) — no alerts
[07:00] Gate closed (weekend/off-hours) — no alerts
[07:30] Gate closed (weekend/off-hours) — no alerts
[08:00] Gate closed (weekend/off-hours) — no alerts
[08:30] Gate closed (weekend/off-hours) — no alerts
[09:00] Gate closed (weekend/off-hours) — no alerts
[09:30] Gate closed (weekend/off-hours) — no alerts
[10:00] Gate closed (weekend/off-hours) — no alerts
[10:30] Gate closed (weekend/off-hours) — no alerts
[11:00] Gate closed (weekend/off-hours) — no alerts
[11:30] Gate closed (weekend/off-hours) — no alerts
[12:00] Gate closed (weekend/off-hours) — no alerts
[12:30] Gate closed (weekend/off-hours) — no alerts
[13:00] Gate closed (weekend/off-hours) — no alerts
[13:30] Gate closed (weekend/off-hours) — no alerts
[14:00] Gate closed (weekend/off-hours) — no alerts
[14:30] Gate closed (weekend/off-hours) — no alerts
[15:00] Gate closed (weekend/off-hours) — no alerts
[15:30] Gate closed (weekend/off-hours) — no alerts
[16:00] Gate closed (weekend/off-hours) — no alerts
[16:30] Gate closed (weekend/off-hours) — no alerts
[17:00] Gate closed (weekend/off-hours) — no alerts
[17:30] Gate closed (weekend/off-hours) — no alerts
[18:00] Gate closed (weekend/off-hours) — no alerts
[18:30] Gate closed (weekend/off-hours) — no alerts
[19:00] Gate closed (weekend/off-hours) — no alerts
[19:30] Gate closed (weekend/off-hours) — no alerts
[20:00] Gate closed (weekend/off-hours) — no alerts
[20:30] Gate closed (weekend/off-hours) — no alerts
[21:00] Gate closed (weekend/off-hours) — no alerts
[21:30] Gate closed (weekend/off-hours) — no alerts
[22:00] Gate closed (weekend/off-hours) — no alerts
[22:30] Gate closed (weekend/off-hours) — no alerts
[23:00] Gate closed (weekend/off-hours) — no alerts
[23:30] Gate closed (weekend/off-hours) — no alerts
[00:00] Gate closed (weekend/off-hours) — no alerts
[00:30] Gate closed (weekend/off-hours) — no alerts
[01:00] Gate closed (weekend/off-hours) — no alerts
[01:30] Gate closed (weekend/off-hours) — no alerts
[02:00] Gate closed (weekend/off-hours) — no alerts
[02:30] Gate closed (weekend/off-hours) — no alerts
[03:00] Gate closed (weekend/off-hours) — no alerts
[03:30] Gate closed (weekend/off-hours) — no alerts
[04:00] Gate closed (weekend/off-hours) — no alerts
[04:30] Gate closed (weekend/off-hours) — no alerts
[05:00] Gate closed (weekend/off-hours) — no alerts
[05:30] Gate closed (weekend/off-hours) — no alerts
[06:00] Gate closed (weekend/off-hours) — no alerts
[06:30] Gate closed (weekend/off-hours) — no alerts
[07:00] Gate closed (weekend/off-hours) — no alerts
[07:30] Gate closed (weekend/off-hours) — no alerts
[08:00] Gate closed (weekend/off-hours) — no alerts
[08:30] Gate closed (weekend/off-hours) — no alerts
[09:00] Gate closed (weekend/off-hours) — no alerts
[09:30] Gate closed (weekend/off-hours) — no alerts
[10:00] Gate closed (weekend/off-hours) — no alerts
[10:30] Gate closed (weekend/off-hours) — no alerts
[11:00] Gate closed (weekend/off-hours) — no alerts
[11:30] Gate closed (weekend/off-hours) — no alerts
[12:00] Gate closed (weekend/off-hours) — no alerts
[12:30] Gate closed (weekend/off-hours) — no alerts
[13:00] Gate closed (weekend/off-hours) — no alerts
[13:30] Gate closed (weekend/off-hours) — no alerts
[14:00] Gate closed (weekend/off-hours) — no alerts
[14:30] Gate closed (weekend/off-hours) — no alerts
[15:00] Gate closed (weekend/off-hours) — no alerts
[15:30] Gate closed (weekend/off-hours) — no alerts
[16:00] Gate closed (weekend/off-hours) — no alerts
[16:30] Gate closed (weekend/off-hours) — no alerts
[17:00] Gate closed (weekend/off-hours) — no alerts
[17:30] Gate closed (weekend/off-hours) — no alerts
[18:00] Gate closed (weekend/off-hours) — no alerts
[18:30] Gate closed (weekend/off-hours) — no alerts
[19:00] Gate closed (weekend/off-hours) — no alerts
[19:30] Gate closed (weekend/off-hours) — no alerts
[20:00] Gate closed (weekend/off-hours) — no alerts
[20:30] Gate closed (weekend/off-hours) — no alerts
[21:00] Gate closed (weekend/off-hours) — no alerts
[21:30] Gate closed (weekend/off-hours) — no alerts
[22:00] Gate closed (weekend/off-hours) — no alerts
[22:30] Gate closed (weekend/off-hours) — no alerts
[23:00] Gate closed (weekend/off-hours) — no alerts
[23:30] Gate closed (weekend/off-hours) — no alerts
[00:00] Gate closed (weekend/off-hours) — no alerts
[00:30] Gate closed (weekend/off-hours) — no alerts
[01:00] Gate closed (weekend/off-hours) — no alerts
[01:30] Gate closed (weekend/off-hours) — no alerts
[02:00] Gate closed (weekend/off-hours) — no alerts
[02:30] Gate closed (weekend/off-hours) — no alerts
[03:00] Gate closed (weekend/off-hours) — no alerts
[03:30] Gate closed (weekend/off-hours) — no alerts
[04:00] Gate closed (weekend/off-hours) — no alerts
[04:30] Gate closed (weekend/off-hours) — no alerts
[05:00] Gate closed (weekend/off-hours) — no alerts
[05:30] Gate closed (weekend/off-hours) — no alerts
[06:00] Gate closed (weekend/off-hours) — no alerts
[06:30] Gate closed (weekend/off-hours) — no alerts
[07:00] Gate closed (weekend/off-hours) — no alerts
[07:30] Gate closed (weekend/off-hours) — no alerts
[08:00] Gate closed (weekend/off-hours) — no alerts
[08:30] Gate closed (weekend/off-hours) — no alerts
[09:00] Gate closed (weekend/off-hours) — no alerts
[09:30] Gate closed (weekend/off-hours) — no alerts
[10:00] Gate closed (weekend/off-hours) — no alerts
[10:30] Gate closed (weekend/off-hours) — no alerts
[11:00] Gate closed (weekend/off-hours) — no alerts
[11:30] Gate closed (weekend/off-hours) — no alerts
[12:00] Gate closed (weekend/off-hours) — no alerts
[12:30] Gate closed (weekend/off-hours) — no alerts
[13:00] Gate closed (weekend/off-hours) — no alerts
[13:30] Correlation scan: 39 tickers, no alerts
[13:40] Correlation scan: 39 tickers, no alerts
[13:50] Correlation scan: 39 tickers, no alerts
[14:00] Correlation scan: 39 tickers, no alerts
[14:10] Correlation scan: 39 tickers, no alerts
[14:20] Correlation scan: 39 tickers, no alerts
[14:30] Correlation scan: 39 tickers, no alerts
[14:40] Correlation scan: 39 tickers, no alerts
[14:50] Correlation scan: 39 tickers, no alerts
[15:00] Correlation scan: 39 tickers, no alerts
[15:10] Correlation scan: 39 tickers, no alerts
[15:20] Correlation scan: 39 tickers, no alerts
[15:30] Correlation scan: 39 tickers, no alerts
  [ALERT] EXIT_SIGNAL: OKLO
  [ALERT] EXIT_SIGNAL: ASTS
  [ALERT] ACCELERATING_DECLINE: COHR
  [ALERT] ACCELERATING_DECLINE: OKLO
[15:40] Correlation scan: 39 tickers, no alerts
  [ALERT] ACCELERATING_DECLINE: IONQ
[15:50] Correlation scan: 39 tickers, no alerts
[16:00] Correlation scan: 39 tickers, no alerts
[16:10] Correlation scan: 39 tickers, no alerts
[16:20] Correlation scan: 39 tickers, no alerts
[16:30] Correlation scan: 39 tickers, no alerts
[16:40] Correlation scan: 39 tickers, no alerts
[16:50] Correlation scan: 39 tickers, no alerts
  [ALERT] ACCELERATING_DECLINE: COHR
[17:00] Correlation scan: 39 tickers, no alerts
  [ALERT] EXIT_SIGNAL: RKLB
[17:10] Correlation scan: 39 tickers, no alerts
[17:20] Correlation scan: 39 tickers, no alerts
  [ALERT] SECTOR_WEAKNESS: Space
[17:30] Correlation scan: 39 tickers, no alerts
  [ALERT] EXIT_SIGNAL: OKLO
  [ALERT] EXIT_SIGNAL: ASTS
[17:40] Correlation scan: 39 tickers, no alerts
[17:50] Correlation scan: 39 tickers, no alerts
[18:00] Correlation scan: 39 tickers, no alerts
[18:10] Correlation scan: 39 tickers, no alerts
[18:20] Correlation scan: 39 tickers, no alerts
[18:30] Correlation scan: 39 tickers, no alerts
  [ALERT] BUY_DIP_SIGNAL: NVDA
[18:40] Correlation scan: 39 tickers, no alerts
[18:50] Correlation scan: 39 tickers, no alerts
[19:00] Correlation scan: 39 tickers, no alerts
  [ALERT] EXIT_SIGNAL: RKLB
[19:10] Correlation scan: 39 tickers, no alerts
[19:20] Correlation scan: 39 tickers, no alerts
[19:30] Correlation scan: 39 tickers, no alerts
  [ALERT] EXIT_SIGNAL: OKLO
  [ALERT] EXIT_SIGNAL: ASTS
[19:40] Correlation scan: 39 tickers, no alerts
[19:50] Correlation scan: 39 tickers, no alerts
[20:00] Correlation scan: 39 tickers, no alerts
[20:10] Correlation scan: 39 tickers, no alerts
[20:20] Correlation scan: 35 tickers, no alerts
[20:30] Correlation scan: 39 tickers, no alerts
[20:40] Correlation scan: 39 tickers, no alerts
[20:50] Correlation scan: 39 tickers, no alerts
[21:00] Correlation scan: 39 tickers, no alerts
  [ALERT] EXIT_SIGNAL: RKLB
[21:10] Correlation scan: 39 tickers, no alerts
  [ALERT] SECTOR_WEAKNESS: Infra
[21:20] Correlation scan: 39 tickers, no alerts
  [ALERT] SECTOR_WEAKNESS: Space
[21:30] Correlation scan: 39 tickers, no alerts
  [ALERT] EXIT_SIGNAL: OKLO
  [ALERT] EXIT_SIGNAL: ASTS
[21:40] Correlation scan: 39 tickers, no alerts
[21:50] Correlation scan: 39 tickers, no alerts
[22:00] Correlation scan: 39 tickers, no alerts
[22:10] Correlation scan: 39 tickers, no alerts
[22:20] Correlation scan: 39 tickers, no alerts
[22:30] Correlation scan: 39 tickers, no alerts
[22:40] Correlation scan: 39 tickers, no alerts
[22:50] Correlation scan: 39 tickers, no alerts
[23:00] Correlation scan: 39 tickers, no alerts
  [ALERT] EXIT_SIGNAL: RKLB
[23:10] Correlation scan: 39 tickers, no alerts
[23:20] Correlation scan: 39 tickers, no alerts
[23:30] Correlation scan: 39 tickers, no alerts
[00:00] Gate closed (weekend/off-hours) — no alerts
[00:30] Gate closed (weekend/off-hours) — no alerts
[01:00] Gate closed (weekend/off-hours) — no alerts
[01:30] Gate closed (weekend/off-hours) — no alerts
[02:00] Gate closed (weekend/off-hours) — no alerts
[02:30] Gate closed (weekend/off-hours) — no alerts
[03:00] Gate closed (weekend/off-hours) — no alerts
[03:30] Gate closed (weekend/off-hours) — no alerts
[04:00] Gate closed (weekend/off-hours) — no alerts
[04:30] Gate closed (weekend/off-hours) — no alerts
[05:00] Gate closed (weekend/off-hours) — no alerts
[05:30] Gate closed (weekend/off-hours) — no alerts
[06:00] Gate closed (weekend/off-hours) — no alerts
[06:30] Gate closed (weekend/off-hours) — no alerts
[07:00] Gate closed (weekend/off-hours) — no alerts
[07:30] Gate closed (weekend/off-hours) — no alerts
[08:00] Gate closed (weekend/off-hours) — no alerts
[08:30] Gate closed (weekend/off-hours) — no alerts
[09:00] Gate closed (weekend/off-hours) — no alerts
[09:30] Gate closed (weekend/off-hours) — no alerts
[10:00] Gate closed (weekend/off-hours) — no alerts
[10:30] Gate closed (weekend/off-hours) — no alerts
[11:00] Gate closed (weekend/off-hours) — no alerts
[11:30] Gate closed (weekend/off-hours) — no alerts
[12:00] Gate closed (weekend/off-hours) — no alerts
[12:30] Gate closed (weekend/off-hours) — no alerts
[13:00] Gate closed (weekend/off-hours) — no alerts
[13:30] Correlation scan: 39 tickers, no alerts
[13:40] Correlation scan: 39 tickers, no alerts
[13:50] Correlation scan: 39 tickers, no alerts
[14:00] Correlation scan: 39 tickers, no alerts
[14:10] Correlation scan: 39 tickers, no alerts
[14:20] Correlation scan: 39 tickers, no alerts
[14:30] Correlation scan: 39 tickers, no alerts
[14:40] Correlation scan: 39 tickers, no alerts
[14:50] Correlation scan: 39 tickers, no alerts
[15:00] Correlation scan: 39 tickers, no alerts
[15:10] Correlation scan: 39 tickers, no alerts
[15:20] Correlation scan: 39 tickers, no alerts
[15:30] Correlation scan: 39 tickers, no alerts
[15:40] Correlation scan: 39 tickers, no alerts
[15:50] Correlation scan: 39 tickers, no alerts
[16:00] Correlation scan: 39 tickers, no alerts
[16:10] Correlation scan: 39 tickers, no alerts
[16:20] Correlation scan: 39 tickers, no alerts
[16:30] Correlation scan: 39 tickers, no alerts
[16:40] Correlation scan: 39 tickers, no alerts
[16:50] Correlation scan: 39 tickers, no alerts
[17:00] Correlation scan: 39 tickers, no alerts
[17:10] Correlation scan: 39 tickers, no alerts
[17:20] Correlation scan: 39 tickers, no alerts
[17:30] Correlation scan: 39 tickers, no alerts
[17:40] Correlation scan: 39 tickers, no alerts
[17:50] Correlation scan: 39 tickers, no alerts
[18:00] Correlation scan: 39 tickers, no alerts
[18:10] Correlation scan: 39 tickers, no alerts
[18:20] Correlation scan: 35 tickers, no alerts
[18:30] Correlation scan: 39 tickers, no alerts
[18:40] Correlation scan: 39 tickers, no alerts
[18:50] Correlation scan: 39 tickers, no alerts
[19:00] Correlation scan: 39 tickers, no alerts
[19:10] Correlation scan: 39 tickers, no alerts
[19:20] Correlation scan: 39 tickers, no alerts
[19:30] Correlation scan: 39 tickers, no alerts
[19:40] Correlation scan: 39 tickers, no alerts
[19:50] Correlation scan: 39 tickers, no alerts
[20:00] Correlation scan: 39 tickers, no alerts
[20:10] Correlation scan: 39 tickers, no alerts
[20:20] Correlation scan: 39 tickers, no alerts
[20:30] Correlation scan: 39 tickers, no alerts
[20:40] Correlation scan: 39 tickers, no alerts
[20:50] Correlation scan: 39 tickers, no alerts
[21:00] Correlation scan: 39 tickers, no alerts
[21:10] Correlation scan: 34 tickers, no alerts
[21:20] Correlation scan: 39 tickers, no alerts
[21:30] Correlation scan: 39 tickers, no alerts
[21:40] Correlation scan: 39 tickers, no alerts
[21:50] Correlation scan: 39 tickers, no alerts
[22:00] Correlation scan: 39 tickers, no alerts
[22:10] Correlation scan: 39 tickers, no alerts
[22:20] Correlation scan: 39 tickers, no alerts
[22:30] Correlation scan: 39 tickers, no alerts
[22:40] Correlation scan: 39 tickers, no alerts
[22:50] Correlation scan: 39 tickers, no alerts
[23:00] Correlation scan: 36 tickers, no alerts
[23:10] Correlation scan: 39 tickers, no alerts
[23:20] Correlation scan: 39 tickers, no alerts
[23:30] Correlation scan: 39 tickers, no alerts
[00:00] Gate closed (weekend/off-hours) — no alerts
[00:30] Gate closed (weekend/off-hours) — no alerts
[01:00] Gate closed (weekend/off-hours) — no alerts
[01:30] Gate closed (weekend/off-hours) — no alerts
[02:00] Gate closed (weekend/off-hours) — no alerts
[02:30] Gate closed (weekend/off-hours) — no alerts
[03:00] Gate closed (weekend/off-hours) — no alerts
[03:30] Gate closed (weekend/off-hours) — no alerts
[04:00] Gate closed (weekend/off-hours) — no alerts
[04:30] Gate closed (weekend/off-hours) — no alerts
[05:00] Gate closed (weekend/off-hours) — no alerts
[05:30] Gate closed (weekend/off-hours) — no alerts
[06:00] Gate closed (weekend/off-hours) — no alerts
[06:30] Gate closed (weekend/off-hours) — no alerts
[07:00] Gate closed (weekend/off-hours) — no alerts
[07:30] Gate closed (weekend/off-hours) — no alerts
[08:00] Gate closed (weekend/off-hours) — no alerts
[08:30] Gate closed (weekend/off-hours) — no alerts
[09:00] Gate closed (weekend/off-hours) — no alerts
[09:30] Gate closed (weekend/off-hours) — no alerts
[10:00] Gate closed (weekend/off-hours) — no alerts
[10:30] Gate closed (weekend/off-hours) — no alerts
[11:00] Gate closed (weekend/off-hours) — no alerts
[11:30] Gate closed (weekend/off-hours) — no alerts
[12:00] Gate closed (weekend/off-hours) — no alerts
[12:30] Gate closed (weekend/off-hours) — no alerts
[13:00] Gate closed (weekend/off-hours) — no alerts
[13:30] Correlation scan: 39 tickers, no alerts
[13:40] Correlation scan: 39 tickers, no alerts
[13:50] Correlation scan: 39 tickers, no alerts
[14:00] Correlation scan: 39 tickers, no alerts
[14:10] Correlation scan: 39 tickers, no alerts
[14:20] Correlation scan: 39 tickers, no alerts
[14:30] Correlation scan: 39 tickers, no alerts
[14:40] Correlation scan: 39 tickers, no alerts
[14:50] Correlation scan: 39 tickers, no alerts
[15:00] Correlation scan: 39 tickers, no alerts
[15:10] Correlation scan: 39 tickers, no alerts
[15:20] Correlation scan: 39 tickers, no alerts
[15:29] Empty prices
[15:30] Correlation scan: 39 tickers, no alerts
[15:40] Correlation scan: 39 tickers, no alerts
[15:50] Correlation scan: 39 tickers, no alerts
[16:00] Correlation scan: 39 tickers, no alerts
  [ALERT] EXIT_SIGNAL: OKLO
  [ALERT] ACCELERATING_DECLINE: HUYA
[16:20] Correlation scan: 39 tickers, no alerts
[16:30] Correlation scan: 39 tickers, no alerts
[16:40] Correlation scan: 39 tickers, no alerts
[16:50] Correlation scan: 39 tickers, no alerts
[17:00] Correlation scan: 39 tickers, no alerts
[17:10] Correlation scan: 39 tickers, no alerts
[17:20] Correlation scan: 39 tickers, no alerts
[17:30] Correlation scan: 39 tickers, no alerts
  [ALERT] ACCELERATING_DECLINE: OKLO
[17:40] Correlation scan: 39 tickers, no alerts
[17:50] Correlation scan: 39 tickers, no alerts
  [ALERT] ACCELERATING_DECLINE: GEVO
  [ALERT] EXIT_SIGNAL: OKLO
[18:10] Correlation scan: 39 tickers, no alerts
[18:20] Correlation scan: 39 tickers, no alerts
[18:30] Correlation scan: 39 tickers, no alerts
[18:40] Correlation scan: 39 tickers, no alerts
[18:50] Correlation scan: 39 tickers, no alerts
[19:00] Correlation scan: 39 tickers, no alerts
[19:10] Correlation scan: 39 tickers, no alerts
[19:20] Correlation scan: 39 tickers, no alerts
[19:30] Correlation scan: 39 tickers, no alerts
[19:40] Correlation scan: 28 tickers, no alerts
[19:50] Correlation scan: 39 tickers, no alerts
[20:00] Correlation scan: 39 tickers, no alerts
  [ALERT] EXIT_SIGNAL: OKLO
[20:10] Correlation scan: 39 tickers, no alerts
[20:20] Correlation scan: 39 tickers, no alerts
[20:30] Correlation scan: 39 tickers, no alerts
[20:40] Correlation scan: 39 tickers, no alerts
[20:50] Correlation scan: 39 tickers, no alerts
[21:00] Correlation scan: 39 tickers, no alerts
[21:10] Correlation scan: 39 tickers, no alerts
[21:20] Correlation scan: 39 tickers, no alerts
[21:30] Correlation scan: 39 tickers, no alerts
[21:40] Correlation scan: 39 tickers, no alerts
[21:50] Correlation scan: 39 tickers, no alerts
[22:00] Correlation scan: 39 tickers, no alerts
  [ALERT] EXIT_SIGNAL: OKLO
[22:10] Correlation scan: 39 tickers, no alerts
[22:20] Correlation scan: 39 tickers, no alerts
[22:30] Correlation scan: 39 tickers, no alerts
[22:40] Correlation scan: 39 tickers, no alerts
[22:50] Correlation scan: 39 tickers, no alerts
[23:00] Correlation scan: 39 tickers, no alerts
[23:10] Correlation scan: 39 tickers, no alerts
[23:20] Correlation scan: 39 tickers, no alerts
[23:30] Correlation scan: 39 tickers, no alerts
[00:00] Gate closed (weekend/off-hours) — no alerts
[00:30] Gate closed (weekend/off-hours) — no alerts
[01:00] Gate closed (weekend/off-hours) — no alerts
[01:30] Gate closed (weekend/off-hours) — no alerts
[02:00] Gate closed (weekend/off-hours) — no alerts
[02:30] Gate closed (weekend/off-hours) — no alerts
[03:00] Gate closed (weekend/off-hours) — no alerts
[03:30] Gate closed (weekend/off-hours) — no alerts
[04:00] Gate closed (weekend/off-hours) — no alerts
[04:30] Gate closed (weekend/off-hours) — no alerts
[05:00] Gate closed (weekend/off-hours) — no alerts
[05:30] Gate closed (weekend/off-hours) — no alerts
[06:00] Gate closed (weekend/off-hours) — no alerts
[06:30] Gate closed (weekend/off-hours) — no alerts
[07:00] Gate closed (weekend/off-hours) — no alerts
[07:30] Gate closed (weekend/off-hours) — no alerts
[08:00] Gate closed (weekend/off-hours) — no alerts
[08:30] Gate closed (weekend/off-hours) — no alerts
[09:00] Gate closed (weekend/off-hours) — no alerts
[09:30] Gate closed (weekend/off-hours) — no alerts
[10:00] Gate closed (weekend/off-hours) — no alerts
[10:30] Gate closed (weekend/off-hours) — no alerts
[11:00] Gate closed (weekend/off-hours) — no alerts
[11:30] Gate closed (weekend/off-hours) — no alerts
[12:00] Gate closed (weekend/off-hours) — no alerts
[12:30] Gate closed (weekend/off-hours) — no alerts
[13:00] Gate closed (weekend/off-hours) — no alerts
[13:30] Correlation scan: 39 tickers, no alerts
[13:40] Correlation scan: 39 tickers, no alerts
[13:50] Correlation scan: 39 tickers, no alerts
[14:00] Correlation scan: 39 tickers, no alerts
[14:10] Correlation scan: 39 tickers, no alerts
[14:20] Correlation scan: 39 tickers, no alerts
[14:30] Correlation scan: 39 tickers, no alerts
[14:40] Correlation scan: 39 tickers, no alerts
[14:50] Correlation scan: 39 tickers, no alerts
[15:00] Correlation scan: 39 tickers, no alerts
[15:10] Correlation scan: 39 tickers, no alerts
[15:20] Correlation scan: 39 tickers, no alerts
[15:30] Correlation scan: 39 tickers, no alerts
[15:40] Correlation scan: 39 tickers, no alerts
[15:50] Correlation scan: 39 tickers, no alerts
[16:00] Correlation scan: 39 tickers, no alerts
[16:10] Correlation scan: 39 tickers, no alerts
[16:20] Correlation scan: 39 tickers, no alerts
[16:30] Correlation scan: 39 tickers, no alerts
[16:40] Correlation scan: 39 tickers, no alerts
[16:50] Correlation scan: 39 tickers, no alerts
  [ALERT] EXIT_SIGNAL: ASTS
[17:00] Correlation scan: 39 tickers, no alerts
[17:10] Correlation scan: 39 tickers, no alerts
[17:20] Correlation scan: 39 tickers, no alerts
[17:30] Correlation scan: 39 tickers, no alerts
  [ALERT] DANGER_CONVERGENCE: NTLA
  [ALERT] FUNDAMENTAL_DETERIORATION: NTLA
[17:40] Correlation scan: 39 tickers, no alerts
[17:50] Correlation scan: 39 tickers, no alerts
[18:00] Correlation scan: 39 tickers, no alerts
[18:10] Correlation scan: 39 tickers, no alerts
[18:20] Correlation scan: 39 tickers, no alerts
[18:30] Correlation scan: 39 tickers, no alerts
[18:40] Correlation scan: 39 tickers, no alerts
[18:50] Correlation scan: 39 tickers, no alerts
  [ALERT] EXIT_SIGNAL: ASTS
[19:00] Correlation scan: 39 tickers, no alerts
[19:10] Correlation scan: 39 tickers, no alerts
[19:20] Correlation scan: 39 tickers, no alerts
[19:30] Correlation scan: 39 tickers, no alerts
[19:40] Correlation scan: 39 tickers, no alerts
[19:50] Correlation scan: 39 tickers, no alerts
[20:00] Correlation scan: 39 tickers, no alerts
[20:10] Correlation scan: 39 tickers, no alerts
[20:20] Correlation scan: 39 tickers, no alerts
[20:30] Correlation scan: 39 tickers, no alerts
[20:40] Correlation scan: 39 tickers, no alerts
[20:50] Correlation scan: 39 tickers, no alerts
  [ALERT] EXIT_SIGNAL: ASTS
[21:00] Correlation scan: 39 tickers, no alerts
[21:10] Correlation scan: 39 tickers, no alerts
  [ALERT] DANGER_CONVERGENCE: NTLA
  [ALERT] FUNDAMENTAL_DETERIORATION: NTLA
[21:20] Correlation scan: 39 tickers, no alerts
[21:30] Correlation scan: 39 tickers, no alerts
[21:40] Correlation scan: 39 tickers, no alerts
[21:50] Correlation scan: 39 tickers, no alerts
[22:00] Correlation scan: 39 tickers, no alerts
[22:10] Correlation scan: 39 tickers, no alerts
  [ALERT] DANGER_CONVERGENCE: NTLA
[22:20] Correlation scan: 39 tickers, no alerts
[22:30] Correlation scan: 39 tickers, no alerts
[22:40] Correlation scan: 39 tickers, no alerts
[22:50] Correlation scan: 39 tickers, no alerts
  [CORR] Telegram failed: HTTPSConnectionPool(host='api.telegram.org', port=443): Read timed out. (read timeout=10)
  [ALERT] EXIT_SIGNAL: ASTS
[23:00] Correlation scan: 39 tickers, no alerts
[23:10] Correlation scan: 39 tickers, no alerts
  [CORR] Telegram failed: HTTPSConnectionPool(host='api.telegram.org', port=443): Read timed out. (read timeout=10)
  [ALERT] DANGER_CONVERGENCE: NTLA
[23:20] Correlation scan: 39 tickers, no alerts
[23:30] Correlation scan: 39 tickers, no alerts
[00:00] Gate closed (weekend/off-hours) — no alerts
[00:30] Gate closed (weekend/off-hours) — no alerts
[01:00] Gate closed (weekend/off-hours) — no alerts
[01:30] Gate closed (weekend/off-hours) — no alerts
[02:00] Gate closed (weekend/off-hours) — no alerts
[02:30] Gate closed (weekend/off-hours) — no alerts
[03:00] Gate closed (weekend/off-hours) — no alerts
[03:30] Gate closed (weekend/off-hours) — no alerts
[04:00] Gate closed (weekend/off-hours) — no alerts
[04:30] Gate closed (weekend/off-hours) — no alerts
[05:00] Gate closed (weekend/off-hours) — no alerts
[05:30] Gate closed (weekend/off-hours) — no alerts
[06:00] Gate closed (weekend/off-hours) — no alerts
[06:30] Gate closed (weekend/off-hours) — no alerts
[07:00] Gate closed (weekend/off-hours) — no alerts
[07:30] Gate closed (weekend/off-hours) — no alerts
[08:00] Gate closed (weekend/off-hours) — no alerts
[08:30] Gate closed (weekend/off-hours) — no alerts
[09:00] Gate closed (weekend/off-hours) — no alerts
[09:30] Gate closed (weekend/off-hours) — no alerts
[10:00] Gate closed (weekend/off-hours) — no alerts
[10:30] Gate closed (weekend/off-hours) — no alerts
[11:00] Gate closed (weekend/off-hours) — no alerts
[11:30] Gate closed (weekend/off-hours) — no alerts
[12:00] Gate closed (weekend/off-hours) — no alerts
[12:30] Gate closed (weekend/off-hours) — no alerts
[13:00] Gate closed (weekend/off-hours) — no alerts
[13:30] Correlation scan: 39 tickers, no alerts
[13:40] Correlation scan: 39 tickers, no alerts
[13:50] Correlation scan: 39 tickers, no alerts
[14:00] Correlation scan: 39 tickers, no alerts
[14:10] Correlation scan: 39 tickers, no alerts
[14:20] Correlation scan: 33 tickers, no alerts
[14:30] Correlation scan: 39 tickers, no alerts
[14:40] Correlation scan: 39 tickers, no alerts
[14:50] Correlation scan: 38 tickers, no alerts
[15:00] Correlation scan: 34 tickers, no alerts
[15:10] Correlation scan: 39 tickers, no alerts
[15:20] Correlation scan: 39 tickers, no alerts
[15:30] Correlation scan: 39 tickers, no alerts
  [ALERT] DANGER_CONVERGENCE: BEAM
  [ALERT] FUNDAMENTAL_DETERIORATION: BEAM
  [ALERT] DANGER_CONVERGENCE: NTLA
  [ALERT] FUNDAMENTAL_DETERIORATION: NTLA
[15:50] Correlation scan: 39 tickers, no alerts
[16:00] Correlation scan: 39 tickers, no alerts
[16:10] Correlation scan: 39 tickers, no alerts
[16:20] Correlation scan: 39 tickers, no alerts
[16:30] Correlation scan: 39 tickers, no alerts
  [ALERT] DANGER_CONVERGENCE: BEAM
[16:50] Correlation scan: 39 tickers, no alerts
  [ALERT] EXIT_SIGNAL: ASTS
[17:00] Correlation scan: 39 tickers, no alerts
[17:10] Correlation scan: 39 tickers, no alerts
[17:20] Correlation scan: 39 tickers, no alerts
  [ALERT] EXIT_SIGNAL: OKLO
[17:30] Correlation scan: 39 tickers, no alerts
  [ALERT] EXIT_SIGNAL: RKLB
[17:40] Correlation scan: 39 tickers, no alerts
[17:50] Correlation scan: 39 tickers, no alerts
[18:00] Correlation scan: 39 tickers, no alerts
[18:10] Correlation scan: 39 tickers, no alerts
[18:20] Correlation scan: 39 tickers, no alerts
[18:30] Correlation scan: 39 tickers, no alerts
[18:40] Correlation scan: 39 tickers, no alerts
[18:50] Correlation scan: 39 tickers, no alerts
  [ALERT] EXIT_SIGNAL: ASTS
[19:00] Correlation scan: 39 tickers, no alerts
[19:10] Correlation scan: 39 tickers, no alerts
[19:20] Correlation scan: 39 tickers, no alerts
  [ALERT] EXIT_SIGNAL: OKLO
[19:30] Correlation scan: 39 tickers, no alerts
[19:40] Correlation scan: 39 tickers, no alerts
[19:50] Correlation scan: 39 tickers, no alerts
[20:00] Correlation scan: 39 tickers, no alerts
[20:10] Correlation scan: 39 tickers, no alerts
[20:20] Correlation scan: 39 tickers, no alerts
[20:30] Correlation scan: 38 tickers, no alerts
[20:40] Correlation scan: 39 tickers, no alerts
[20:50] Correlation scan: 39 tickers, no alerts
[21:00] Correlation scan: 39 tickers, no alerts
  [ALERT] EXIT_SIGNAL: ASTS
[21:10] Correlation scan: 39 tickers, no alerts
[21:20] Correlation scan: 39 tickers, no alerts
  [ALERT] EXIT_SIGNAL: OKLO
[21:30] Correlation scan: 39 tickers, no alerts
[21:40] Correlation scan: 39 tickers, no alerts
[21:50] Correlation scan: 39 tickers, no alerts
[22:00] Correlation scan: 39 tickers, no alerts
[22:10] Correlation scan: 39 tickers, no alerts
[22:20] Correlation scan: 39 tickers, no alerts
[22:30] Correlation scan: 39 tickers, no alerts
[22:40] Correlation scan: 39 tickers, no alerts
[22:50] Correlation scan: 39 tickers, no alerts
[23:00] Correlation scan: 39 tickers, no alerts
[23:10] Correlation scan: 39 tickers, no alerts
[23:20] Correlation scan: 39 tickers, no alerts
  [ALERT] EXIT_SIGNAL: OKLO
[23:30] Correlation scan: 39 tickers, no alerts
[00:00] Gate closed (weekend/off-hours) — no alerts
[00:30] Gate closed (weekend/off-hours) — no alerts
[01:00] Gate closed (weekend/off-hours) — no alerts
[01:30] Gate closed (weekend/off-hours) — no alerts
[02:00] Gate closed (weekend/off-hours) — no alerts
[02:30] Gate closed (weekend/off-hours) — no alerts
[03:00] Gate closed (weekend/off-hours) — no alerts
[03:30] Gate closed (weekend/off-hours) — no alerts
[04:00] Gate closed (weekend/off-hours) — no alerts
[04:30] Gate closed (weekend/off-hours) — no alerts
[05:00] Gate closed (weekend/off-hours) — no alerts
[05:30] Gate closed (weekend/off-hours) — no alerts
[06:00] Gate closed (weekend/off-hours) — no alerts
[06:30] Gate closed (weekend/off-hours) — no alerts
[07:00] Gate closed (weekend/off-hours) — no alerts
[07:30] Gate closed (weekend/off-hours) — no alerts
[08:00] Gate closed (weekend/off-hours) — no alerts
[08:30] Gate closed (weekend/off-hours) — no alerts
[09:00] Gate closed (weekend/off-hours) — no alerts
[09:30] Gate closed (weekend/off-hours) — no alerts
[10:00] Gate closed (weekend/off-hours) — no alerts
[10:30] Gate closed (weekend/off-hours) — no alerts
[11:00] Gate closed (weekend/off-hours) — no alerts
[11:30] Gate closed (weekend/off-hours) — no alerts
[12:00] Gate closed (weekend/off-hours) — no alerts
[12:30] Gate closed (weekend/off-hours) — no alerts
[13:00] Gate closed (weekend/off-hours) — no alerts
[13:30] Gate closed (weekend/off-hours) — no alerts
[14:00] Gate closed (weekend/off-hours) — no alerts
[14:30] Gate closed (weekend/off-hours) — no alerts
[15:00] Gate closed (weekend/off-hours) — no alerts
[15:30] Gate closed (weekend/off-hours) — no alerts
[16:00] Gate closed (weekend/off-hours) — no alerts
[16:30] Gate closed (weekend/off-hours) — no alerts
[17:00] Gate closed (weekend/off-hours) — no alerts
[17:30] Gate closed (weekend/off-hours) — no alerts
[18:00] Gate closed (weekend/off-hours) — no alerts
[18:30] Gate closed (weekend/off-hours) — no alerts
[19:00] Gate closed (weekend/off-hours) — no alerts
[19:30] Gate closed (weekend/off-hours) — no alerts
[20:00] Gate closed (weekend/off-hours) — no alerts
[20:30] Gate closed (weekend/off-hours) — no alerts
[21:00] Gate closed (weekend/off-hours) — no alerts
[21:30] Gate closed (weekend/off-hours) — no alerts
[22:00] Gate closed (weekend/off-hours) — no alerts
[22:30] Gate closed (weekend/off-hours) — no alerts
[23:00] Gate closed (weekend/off-hours) — no alerts
[23:30] Gate closed (weekend/off-hours) — no alerts
[00:00] Gate closed (weekend/off-hours) — no alerts
[00:30] Gate closed (weekend/off-hours) — no alerts
[01:00] Gate closed (weekend/off-hours) — no alerts
[01:30] Gate closed (weekend/off-hours) — no alerts
[02:00] Gate closed (weekend/off-hours) — no alerts
[02:30] Gate closed (weekend/off-hours) — no alerts
[03:00] Gate closed (weekend/off-hours) — no alerts
[03:30] Gate closed (weekend/off-hours) — no alerts
[04:00] Gate closed (weekend/off-hours) — no alerts
[04:30] Gate closed (weekend/off-hours) — no alerts
[05:00] Gate closed (weekend/off-hours) — no alerts
[05:30] Gate closed (weekend/off-hours) — no alerts
[06:00] Gate closed (weekend/off-hours) — no alerts
[06:30] Gate closed (weekend/off-hours) — no alerts
[07:00] Gate closed (weekend/off-hours) — no alerts
[07:30] Gate closed (weekend/off-hours) — no alerts
[08:00] Gate closed (weekend/off-hours) — no alerts
[08:30] Gate closed (weekend/off-hours) — no alerts
[09:00] Gate closed (weekend/off-hours) — no alerts
[09:30] Gate closed (weekend/off-hours) — no alerts
[10:00] Gate closed (weekend/off-hours) — no alerts
[10:30] Gate closed (weekend/off-hours) — no alerts
[11:00] Gate closed (weekend/off-hours) — no alerts
[11:30] Gate closed (weekend/off-hours) — no alerts
[12:00] Gate closed (weekend/off-hours) — no alerts
[12:30] Gate closed (weekend/off-hours) — no alerts
[13:00] Gate closed (weekend/off-hours) — no alerts
[13:30] Gate closed (weekend/off-hours) — no alerts
[14:00] Gate closed (weekend/off-hours) — no alerts
[14:30] Gate closed (weekend/off-hours) — no alerts
[15:00] Gate closed (weekend/off-hours) — no alerts
[15:30] Gate closed (weekend/off-hours) — no alerts
[16:00] Gate closed (weekend/off-hours) — no alerts
[16:30] Gate closed (weekend/off-hours) — no alerts
[17:00] Gate closed (weekend/off-hours) — no alerts
[17:30] Gate closed (weekend/off-hours) — no alerts
[18:00] Gate closed (weekend/off-hours) — no alerts
[18:30] Gate closed (weekend/off-hours) — no alerts
[19:00] Gate closed (weekend/off-hours) — no alerts
[19:30] Gate closed (weekend/off-hours) — no alerts
[20:00] Gate closed (weekend/off-hours) — no alerts
[20:30] Gate closed (weekend/off-hours) — no alerts
[21:00] Gate closed (weekend/off-hours) — no alerts
[21:30] Gate closed (weekend/off-hours) — no alerts
[22:00] Gate closed (weekend/off-hours) — no alerts
[22:30] Gate closed (weekend/off-hours) — no alerts
[23:00] Gate closed (weekend/off-hours) — no alerts
[23:30] Gate closed (weekend/off-hours) — no alerts
[00:00] Gate closed (weekend/off-hours) — no alerts
[00:30] Gate closed (weekend/off-hours) — no alerts
[01:00] Gate closed (weekend/off-hours) — no alerts
[01:30] Gate closed (weekend/off-hours) — no alerts
[02:00] Gate closed (weekend/off-hours) — no alerts
[02:30] Gate closed (weekend/off-hours) — no alerts
[03:00] Gate closed (weekend/off-hours) — no alerts
[03:30] Gate closed (weekend/off-hours) — no alerts
[04:00] Gate closed (weekend/off-hours) — no alerts
[04:30] Gate closed (weekend/off-hours) — no alerts
[05:00] Gate closed (weekend/off-hours) — no alerts
[05:30] Gate closed (weekend/off-hours) — no alerts
[06:00] Gate closed (weekend/off-hours) — no alerts
[06:30] Gate closed (weekend/off-hours) — no alerts
[07:00] Gate closed (weekend/off-hours) — no alerts
[07:30] Gate closed (weekend/off-hours) — no alerts
[08:00] Gate closed (weekend/off-hours) — no alerts
[08:30] Gate closed (weekend/off-hours) — no alerts
[09:00] Gate closed (weekend/off-hours) — no alerts
[09:30] Gate closed (weekend/off-hours) — no alerts
[10:00] Gate closed (weekend/off-hours) — no alerts
[10:30] Gate closed (weekend/off-hours) — no alerts
[11:00] Gate closed (weekend/off-hours) — no alerts
[11:30] Gate closed (weekend/off-hours) — no alerts
[12:00] Gate closed (weekend/off-hours) — no alerts
[12:30] Gate closed (weekend/off-hours) — no alerts
[13:00] Gate closed (weekend/off-hours) — no alerts
[13:30] Correlation scan: 39 tickers, no alerts
[13:40] Correlation scan: 39 tickers, no alerts
[13:50] Correlation scan: 39 tickers, no alerts
[14:00] Correlation scan: 38 tickers, no alerts
[14:10] Correlation scan: 39 tickers, no alerts
[14:20] Correlation scan: 39 tickers, no alerts
[14:30] Correlation scan: 39 tickers, no alerts
[14:40] Correlation scan: 39 tickers, no alerts
[14:50] Correlation scan: 39 tickers, no alerts
[15:00] Correlation scan: 39 tickers, no alerts
[15:10] Correlation scan: 39 tickers, no alerts
[15:20] Correlation scan: 39 tickers, no alerts
[15:30] Correlation scan: 39 tickers, no alerts
[15:40] Correlation scan: 39 tickers, no alerts
[15:50] Correlation scan: 39 tickers, no alerts
[16:00] Correlation scan: 39 tickers, no alerts
[16:10] Correlation scan: 39 tickers, no alerts
[16:20] Correlation scan: 39 tickers, no alerts
  [ALERT] EXIT_SIGNAL: OKLO
[16:30] Correlation scan: 39 tickers, no alerts
[16:40] Correlation scan: 39 tickers, no alerts
[16:50] Correlation scan: 39 tickers, no alerts
[17:00] Correlation scan: 39 tickers, no alerts
[17:10] Correlation scan: 39 tickers, no alerts
[17:20] Correlation scan: 39 tickers, no alerts
  [ALERT] ACCELERATING_DECLINE: GEVO
[17:30] Correlation scan: 39 tickers, no alerts
[17:40] Correlation scan: 39 tickers, no alerts
[17:50] Correlation scan: 39 tickers, no alerts
[18:00] Correlation scan: 39 tickers, no alerts
[18:10] Correlation scan: 39 tickers, no alerts
[18:20] Correlation scan: 39 tickers, no alerts
[18:30] Correlation scan: 39 tickers, no alerts
[18:40] Correlation scan: 39 tickers, no alerts
[18:50] Correlation scan: 39 tickers, no alerts
[19:00] Correlation scan: 39 tickers, no alerts
[19:10] Correlation scan: 39 tickers, no alerts
[19:20] Correlation scan: 39 tickers, no alerts
[19:30] Correlation scan: 39 tickers, no alerts
[19:40] Correlation scan: 39 tickers, no alerts
[19:50] Correlation scan: 39 tickers, no alerts
[20:00] Correlation scan: 39 tickers, no alerts
[20:10] Correlation scan: 34 tickers, no alerts
  [ALERT] ACCELERATING_DECLINE: GEVO
[20:30] Correlation scan: 39 tickers, no alerts
[20:40] Correlation scan: 39 tickers, no alerts
[20:50] Correlation scan: 39 tickers, no alerts
[21:00] Correlation scan: 39 tickers, no alerts
[21:10] Correlation scan: 39 tickers, no alerts
[21:20] Correlation scan: 39 tickers, no alerts
[21:30] Correlation scan: 39 tickers, no alerts
[21:40] Correlation scan: 39 tickers, no alerts
[21:50] Correlation scan: 39 tickers, no alerts
[22:00] Correlation scan: 39 tickers, no alerts
[22:10] Correlation scan: 39 tickers, no alerts
[22:20] Correlation scan: 39 tickers, no alerts
[22:30] Correlation scan: 39 tickers, no alerts
[22:40] Correlation scan: 39 tickers, no alerts
[22:50] Correlation scan: 39 tickers, no alerts
[23:00] Correlation scan: 39 tickers, no alerts
[23:10] Correlation scan: 39 tickers, no alerts
[23:20] Correlation scan: 39 tickers, no alerts
[23:30] Correlation scan: 39 tickers, no alerts
[00:00] Gate closed (weekend/off-hours) — no alerts
[00:30] Gate closed (weekend/off-hours) — no alerts
[01:00] Gate closed (weekend/off-hours) — no alerts
[01:30] Gate closed (weekend/off-hours) — no alerts
[02:00] Gate closed (weekend/off-hours) — no alerts
[02:30] Gate closed (weekend/off-hours) — no alerts
[03:00] Gate closed (weekend/off-hours) — no alerts
[03:30] Gate closed (weekend/off-hours) — no alerts
[04:00] Gate closed (weekend/off-hours) — no alerts
[04:30] Gate closed (weekend/off-hours) — no alerts
[05:00] Gate closed (weekend/off-hours) — no alerts
[05:30] Gate closed (weekend/off-hours) — no alerts
[06:00] Gate closed (weekend/off-hours) — no alerts
[06:30] Gate closed (weekend/off-hours) — no alerts
[07:00] Gate closed (weekend/off-hours) — no alerts
[07:30] Gate closed (weekend/off-hours) — no alerts
[08:00] Gate closed (weekend/off-hours) — no alerts
[08:30] Gate closed (weekend/off-hours) — no alerts
[09:00] Gate closed (weekend/off-hours) — no alerts
[09:30] Gate closed (weekend/off-hours) — no alerts
[10:00] Gate closed (weekend/off-hours) — no alerts
[10:30] Gate closed (weekend/off-hours) — no alerts
[11:00] Gate closed (weekend/off-hours) — no alerts
[11:30] Gate closed (weekend/off-hours) — no alerts
[12:00] Gate closed (weekend/off-hours) — no alerts
[12:30] Gate closed (weekend/off-hours) — no alerts
[13:00] Gate closed (weekend/off-hours) — no alerts
[13:30] Correlation scan: 39 tickers, no alerts
[13:40] Correlation scan: 39 tickers, no alerts
[13:50] Correlation scan: 39 tickers, no alerts
[14:00] Correlation scan: 39 tickers, no alerts
[14:10] Correlation scan: 39 tickers, no alerts
[14:20] Correlation scan: 39 tickers, no alerts
[14:30] Correlation scan: 39 tickers, no alerts
[14:40] Correlation scan: 39 tickers, no alerts
[14:50] Correlation scan: 39 tickers, no alerts
[15:00] Correlation scan: 39 tickers, no alerts
[15:10] Correlation scan: 39 tickers, no alerts
[15:20] Correlation scan: 39 tickers, no alerts
[15:30] Correlation scan: 39 tickers, no alerts
  [ALERT] EXIT_SIGNAL: OKLO
  [ALERT] EXIT_SIGNAL: ASTS
  [ALERT] DANGER_CONVERGENCE: BEAM
  [ALERT] SECTOR_WEAKNESS: Infra
  [ALERT] FUNDAMENTAL_DETERIORATION: BEAM
  [ALERT] NEGATIVE_CONVERGENCE: KTOS
  [ALERT] SECTOR_WEAKNESS: Space
  [ALERT] ACCELERATING_DECLINE: UEC
  [ALERT] ACCELERATING_DECLINE: OKLO
  [ALERT] ACCELERATING_DECLINE: ASTS
  [ALERT] ACCELERATING_DECLINE: UUUU
  [ALERT] ACCELERATING_DECLINE: COHR
  [ALERT] ACCELERATING_DECLINE: VRT
  [ALERT] ACCELERATING_DECLINE: AMAT
  [ALERT] ACCELERATING_DECLINE: PL
  [ALERT] ACCELERATING_DECLINE: RKLB
[15:40] Correlation scan: 39 tickers, no alerts
[15:50] Correlation scan: 39 tickers, no alerts
  [ALERT] SECTOR_WEAKNESS: Energy
[16:00] Correlation scan: 39 tickers, no alerts
[16:10] Correlation scan: 39 tickers, no alerts
  [ALERT] DANGER_CONVERGENCE: NTLA
  [ALERT] FUNDAMENTAL_DETERIORATION: NTLA
  [ALERT] ACCELERATING_DECLINE: IONQ
[16:20] Correlation scan: 39 tickers, no alerts
  [ALERT] ACCELERATING_DECLINE: GEVO
[16:30] Correlation scan: 39 tickers, no alerts
  [ALERT] DANGER_CONVERGENCE: BEAM
[16:40] Correlation scan: 39 tickers, no alerts
[16:50] Correlation scan: 39 tickers, no alerts
[17:00] Correlation scan: 39 tickers, no alerts
[17:10] Correlation scan: 39 tickers, no alerts
  [ALERT] DANGER_CONVERGENCE: NTLA
[17:20] Correlation scan: 39 tickers, no alerts
[17:30] Correlation scan: 39 tickers, no alerts
  [ALERT] EXIT_SIGNAL: OKLO
  [ALERT] EXIT_SIGNAL: ASTS
  [ALERT] DANGER_CONVERGENCE: BEAM
[17:40] Correlation scan: 39 tickers, no alerts
[17:50] Correlation scan: 39 tickers, no alerts
[18:00] Correlation scan: 39 tickers, no alerts
[18:10] Correlation scan: 39 tickers, no alerts
  [ALERT] DANGER_CONVERGENCE: NTLA
[18:20] Correlation scan: 39 tickers, no alerts
[18:30] Correlation scan: 39 tickers, no alerts
  [ALERT] FUNDAMENTAL_DETERIORATION: BEAM
  [ALERT] DANGER_CONVERGENCE: BEAM
[18:40] Correlation scan: 39 tickers, no alerts
[18:50] Correlation scan: 39 tickers, no alerts
[19:00] Correlation scan: 39 tickers, no alerts
[19:10] Correlation scan: 39 tickers, no alerts
  [ALERT] DANGER_CONVERGENCE: NTLA
  [ALERT] FUNDAMENTAL_DETERIORATION: NTLA
[19:20] Correlation scan: 39 tickers, no alerts
[19:30] Correlation scan: 39 tickers, no alerts
  [ALERT] EXIT_SIGNAL: OKLO
  [ALERT] EXIT_SIGNAL: ASTS
  [ALERT] SECTOR_WEAKNESS: Infra
  [ALERT] DANGER_CONVERGENCE: BEAM
  [ALERT] SECTOR_WEAKNESS: Space
[19:40] Correlation scan: 39 tickers, no alerts
[19:50] Correlation scan: 39 tickers, no alerts
  [ALERT] SECTOR_WEAKNESS: Energy
[20:00] Correlation scan: 39 tickers, no alerts
[20:10] Correlation scan: 39 tickers, no alerts
  [ALERT] DANGER_CONVERGENCE: NTLA
[20:20] Correlation scan: 39 tickers, no alerts
[20:30] Correlation scan: 39 tickers, no alerts
  [ALERT] DANGER_CONVERGENCE: BEAM
[20:40] Correlation scan: 39 tickers, no alerts
  [ALERT] ACCELERATING_DECLINE: IONQ
[20:50] Correlation scan: 39 tickers, no alerts
[21:00] Correlation scan: 39 tickers, no alerts
[21:10] Correlation scan: 39 tickers, no alerts
  [ALERT] DANGER_CONVERGENCE: NTLA
[21:20] Correlation scan: 39 tickers, no alerts
[21:30] Correlation scan: 39 tickers, no alerts
  [ALERT] EXIT_SIGNAL: OKLO
  [ALERT] EXIT_SIGNAL: ASTS
[21:40] Correlation scan: 39 tickers, no alerts
[21:50] Correlation scan: 39 tickers, no alerts
  [ALERT] NEGATIVE_CONVERGENCE: KTOS
[22:00] Correlation scan: 39 tickers, no alerts
[22:10] Correlation scan: 39 tickers, no alerts
  [ALERT] DANGER_CONVERGENCE: NTLA
  [ALERT] FUNDAMENTAL_DETERIORATION: NTLA
[22:20] Correlation scan: 39 tickers, no alerts
[22:30] Correlation scan: 39 tickers, no alerts
[22:40] Correlation scan: 39 tickers, no alerts
[22:50] Correlation scan: 39 tickers, no alerts
[23:00] Correlation scan: 39 tickers, no alerts
[23:10] Correlation scan: 39 tickers, no alerts
  [ALERT] DANGER_CONVERGENCE: NTLA
[23:20] Correlation scan: 39 tickers, no alerts
[23:30] Correlation scan: 39 tickers, no alerts
[00:00] Gate closed (weekend/off-hours) — no alerts
[00:30] Gate closed (weekend/off-hours) — no alerts
[01:00] Gate closed (weekend/off-hours) — no alerts
[01:30] Gate closed (weekend/off-hours) — no alerts
[02:00] Gate closed (weekend/off-hours) — no alerts
[02:30] Gate closed (weekend/off-hours) — no alerts
[03:00] Gate closed (weekend/off-hours) — no alerts
[03:30] Gate closed (weekend/off-hours) — no alerts
[04:00] Gate closed (weekend/off-hours) — no alerts
[04:30] Gate closed (weekend/off-hours) — no alerts
[05:00] Gate closed (weekend/off-hours) — no alerts
[05:30] Gate closed (weekend/off-hours) — no alerts
[06:00] Gate closed (weekend/off-hours) — no alerts
[06:30] Gate closed (weekend/off-hours) — no alerts
[07:00] Gate closed (weekend/off-hours) — no alerts
[07:30] Gate closed (weekend/off-hours) — no alerts
[08:00] Gate closed (weekend/off-hours) — no alerts
[08:30] Gate closed (weekend/off-hours) — no alerts
[09:00] Gate closed (weekend/off-hours) — no alerts
[09:30] Gate closed (weekend/off-hours) — no alerts
[10:00] Gate closed (weekend/off-hours) — no alerts
[10:30] Gate closed (weekend/off-hours) — no alerts
[11:00] Gate closed (weekend/off-hours) — no alerts
[11:30] Gate closed (weekend/off-hours) — no alerts
[12:00] Gate closed (weekend/off-hours) — no alerts
[12:30] Gate closed (weekend/off-hours) — no alerts
[13:00] Gate closed (weekend/off-hours) — no alerts
[13:30] Correlation scan: 38 tickers, no alerts
[13:40] Correlation scan: 39 tickers, no alerts
[13:50] Correlation scan: 39 tickers, no alerts
[14:00] Correlation scan: 39 tickers, no alerts
[14:10] Correlation scan: 39 tickers, no alerts
[14:20] Correlation scan: 39 tickers, no alerts
[14:30] Correlation scan: 39 tickers, no alerts
[14:40] Correlation scan: 39 tickers, no alerts
[14:50] Correlation scan: 39 tickers, no alerts
[15:00] Correlation scan: 38 tickers, no alerts
[15:10] Correlation scan: 39 tickers, no alerts
[15:20] Correlation scan: 39 tickers, no alerts
[15:30] Correlation scan: 39 tickers, no alerts
  [ALERT] EXIT_SIGNAL: RKLB
[15:40] Correlation scan: 39 tickers, no alerts
  [ALERT] ACCELERATING_DECLINE: RKLB
  [ALERT] SECTOR_WEAKNESS: Defense
  [ALERT] EXIT_SIGNAL: ASTS
  [ALERT] SECTOR_WEAKNESS: Space
  [ALERT] ACCELERATING_DECLINE: PL
[16:00] Correlation scan: 39 tickers, no alerts
[16:10] Correlation scan: 39 tickers, no alerts
  [ALERT] SECTOR_WEAKNESS: Infra
  [ALERT] ACCELERATING_DECLINE: VRT
  [ALERT] ACCELERATING_DECLINE: KTOS
[16:20] Correlation scan: 39 tickers, no alerts
[16:30] Correlation scan: 39 tickers, no alerts
[16:40] Correlation scan: 39 tickers, no alerts
[16:50] Correlation scan: 39 tickers, no alerts
[17:00] Correlation scan: 39 tickers, no alerts
[17:10] Correlation scan: 39 tickers, no alerts
[17:20] Correlation scan: 39 tickers, no alerts
[17:30] Correlation scan: 31 tickers, no alerts
  [ALERT] EXIT_SIGNAL: RKLB
[17:40] Correlation scan: 39 tickers, no alerts
[17:50] Correlation scan: 39 tickers, no alerts
[18:00] Correlation scan: 34 tickers, no alerts
[18:10] Correlation scan: 38 tickers, no alerts
[18:20] Correlation scan: 39 tickers, no alerts
[18:30] Correlation scan: 39 tickers, no alerts
[18:40] Correlation scan: 39 tickers, no alerts
[18:50] Correlation scan: 39 tickers, no alerts
[19:00] Correlation scan: 39 tickers, no alerts
[19:10] Correlation scan: 39 tickers, no alerts
[19:20] Correlation scan: 38 tickers, no alerts
[19:30] Correlation scan: 39 tickers, no alerts
  [ALERT] EXIT_SIGNAL: RKLB
[19:40] Correlation scan: 34 tickers, no alerts
[19:50] Correlation scan: 39 tickers, no alerts
[20:00] Correlation scan: 39 tickers, no alerts
[20:10] Correlation scan: 38 tickers, no alerts
[20:20] Correlation scan: 39 tickers, no alerts
[20:30] Correlation scan: 39 tickers, no alerts
[20:40] Correlation scan: 39 tickers, no alerts
[20:50] Correlation scan: 39 tickers, no alerts
  [ALERT] SECTOR_WEAKNESS: Infra
[21:00] Correlation scan: 39 tickers, no alerts
[21:10] Correlation scan: 39 tickers, no alerts
[21:20] Correlation scan: 39 tickers, no alerts
[21:30] Correlation scan: 39 tickers, no alerts
  [ALERT] EXIT_SIGNAL: RKLB
[21:40] Correlation scan: 39 tickers, no alerts
[21:50] Correlation scan: 39 tickers, no alerts
[22:00] Correlation scan: 39 tickers, no alerts
[22:10] Correlation scan: 39 tickers, no alerts
[22:20] Correlation scan: 39 tickers, no alerts
[22:30] Correlation scan: 39 tickers, no alerts
[22:40] Correlation scan: 39 tickers, no alerts
[22:50] Correlation scan: 39 tickers, no alerts
[23:00] Correlation scan: 39 tickers, no alerts
[23:10] Correlation scan: 37 tickers, no alerts
[23:20] Correlation scan: 39 tickers, no alerts
[23:30] Correlation scan: 39 tickers, no alerts
[00:00] Gate closed (weekend/off-hours) — no alerts
[00:30] Gate closed (weekend/off-hours) — no alerts
[01:00] Gate closed (weekend/off-hours) — no alerts
[01:30] Gate closed (weekend/off-hours) — no alerts
[02:00] Gate closed (weekend/off-hours) — no alerts
[02:30] Gate closed (weekend/off-hours) — no alerts
[03:00] Gate closed (weekend/off-hours) — no alerts
[03:30] Gate closed (weekend/off-hours) — no alerts
[04:00] Gate closed (weekend/off-hours) — no alerts
[04:30] Gate closed (weekend/off-hours) — no alerts
[05:00] Gate closed (weekend/off-hours) — no alerts
[05:30] Gate closed (weekend/off-hours) — no alerts
[06:00] Gate closed (weekend/off-hours) — no alerts
[06:30] Gate closed (weekend/off-hours) — no alerts
[07:00] Gate closed (weekend/off-hours) — no alerts
[07:30] Gate closed (weekend/off-hours) — no alerts
[08:00] Gate closed (weekend/off-hours) — no alerts
[08:30] Gate closed (weekend/off-hours) — no alerts
[09:00] Gate closed (weekend/off-hours) — no alerts
[09:30] Gate closed (weekend/off-hours) — no alerts
[10:00] Gate closed (weekend/off-hours) — no alerts
[10:30] Gate closed (weekend/off-hours) — no alerts
[11:00] Gate closed (weekend/off-hours) — no alerts
[11:30] Gate closed (weekend/off-hours) — no alerts
[12:00] Gate closed (weekend/off-hours) — no alerts
[12:30] Gate closed (weekend/off-hours) — no alerts
[13:00] Gate closed (weekend/off-hours) — no alerts
[13:30] Correlation scan: 39 tickers, no alerts
[13:40] Correlation scan: 39 tickers, no alerts
[13:50] Correlation scan: 39 tickers, no alerts
[14:00] Correlation scan: 34 tickers, no alerts
[14:10] Correlation scan: 38 tickers, no alerts
[14:20] Correlation scan: 39 tickers, no alerts
[14:30] Correlation scan: 38 tickers, no alerts
[14:40] Correlation scan: 39 tickers, no alerts
[14:50] Correlation scan: 39 tickers, no alerts
[15:00] Correlation scan: 39 tickers, no alerts
[15:10] Correlation scan: 39 tickers, no alerts
[15:20] Correlation scan: 39 tickers, no alerts
[15:30] Correlation scan: 39 tickers, no alerts
  [ALERT] EXIT_SIGNAL: RKLB
  [ALERT] DANGER_CONVERGENCE: NTLA
  [ALERT] DANGER_CONVERGENCE: BEAM
  [ALERT] ACCELERATING_DECLINE: BEAM
  [ALERT] FUNDAMENTAL_DETERIORATION: NTLA
  [ALERT] FUNDAMENTAL_DETERIORATION: BEAM
  [ALERT] EXIT_SIGNAL: ASTS
[15:40] Correlation scan: 39 tickers, no alerts
  [ALERT] ACCELERATING_DECLINE: NTLA
  [ALERT] EXIT_SIGNAL: OKLO
[15:50] Correlation scan: 39 tickers, no alerts
  [ALERT] SECTOR_WEAKNESS: Space
  [ALERT] SECTOR_WEAKNESS: Bio
  [ALERT] SECTOR_WEAKNESS: Defense
  [ALERT] ACCELERATING_DECLINE: UUUU
[16:00] Correlation scan: 39 tickers, no alerts
[16:10] Correlation scan: 39 tickers, no alerts
  [ALERT] SECTOR_WEAKNESS: Energy
[16:20] Correlation scan: 39 tickers, no alerts
[16:30] Correlation scan: 39 tickers, no alerts
  [ALERT] ACCELERATING_DECLINE: IONQ
  [ALERT] DANGER_CONVERGENCE: NTLA
  [ALERT] DANGER_CONVERGENCE: BEAM
[16:40] Correlation scan: 39 tickers, no alerts
[16:50] Correlation scan: 39 tickers, no alerts
[17:00] Correlation scan: 39 tickers, no alerts
  [ALERT] ACCELERATING_DECLINE: RKLB
  [ALERT] ACCELERATING_DECLINE: AVAV
[17:20] Correlation scan: 39 tickers, no alerts
[17:30] Correlation scan: 39 tickers, no alerts
  [ALERT] EXIT_SIGNAL: RKLB
  [ALERT] DANGER_CONVERGENCE: NTLA
  [ALERT] EXIT_SIGNAL: ASTS
[17:40] Correlation scan: 39 tickers, no alerts
  [ALERT] BUY_DIP_SIGNAL: CCJ
  [ALERT] EXIT_SIGNAL: OKLO
  [ALERT] ACCELERATING_DECLINE: OKLO
[18:00] Correlation scan: 39 tickers, no alerts
[18:10] Correlation scan: 39 tickers, no alerts
[18:20] Correlation scan: 39 tickers, no alerts
[18:30] Correlation scan: 39 tickers, no alerts
  [ALERT] DANGER_CONVERGENCE: BEAM
  [ALERT] ACCELERATING_DECLINE: GEVO
  [ALERT] FUNDAMENTAL_DETERIORATION: NTLA
  [ALERT] FUNDAMENTAL_DETERIORATION: BEAM
  [ALERT] DANGER_CONVERGENCE: NTLA
[18:40] Correlation scan: 39 tickers, no alerts
[18:50] Correlation scan: 39 tickers, no alerts
[19:00] Correlation scan: 39 tickers, no alerts
[19:10] Correlation scan: 39 tickers, no alerts
  [ALERT] ACCELERATING_DECLINE: NTLA
  [ALERT] ACCELERATING_DECLINE: RKLB
[19:20] Correlation scan: 39 tickers, no alerts
[19:30] Correlation scan: 39 tickers, no alerts
  [ALERT] DANGER_CONVERGENCE: BEAM
  [ALERT] EXIT_SIGNAL: RKLB
  [ALERT] DANGER_CONVERGENCE: NTLA
  [ALERT] EXIT_SIGNAL: ASTS
[19:40] Correlation scan: 39 tickers, no alerts
  [ALERT] ACCELERATING_DECLINE: GEVO
  [ALERT] EXIT_SIGNAL: OKLO
  [ALERT] SECTOR_WEAKNESS: Space
  [ALERT] SECTOR_WEAKNESS: Defense
[20:00] Correlation scan: 39 tickers, no alerts
[20:10] Correlation scan: 39 tickers, no alerts
  [ALERT] SECTOR_WEAKNESS: Energy
[20:20] Correlation scan: 39 tickers, no alerts
[20:30] Correlation scan: 39 tickers, no alerts
  [ALERT] DANGER_CONVERGENCE: BEAM
  [ALERT] DANGER_CONVERGENCE: NTLA
[20:40] Correlation scan: 39 tickers, no alerts
  [ALERT] BUY_DIP_SIGNAL: CCJ
[20:50] Correlation scan: 39 tickers, no alerts
[21:00] Correlation scan: 39 tickers, no alerts
[21:10] Correlation scan: 39 tickers, no alerts
[21:20] Correlation scan: 39 tickers, no alerts
[21:30] Correlation scan: 39 tickers, no alerts
  [ALERT] EXIT_SIGNAL: RKLB
  [ALERT] FUNDAMENTAL_DETERIORATION: NTLA
  [ALERT] DANGER_CONVERGENCE: NTLA
  [ALERT] EXIT_SIGNAL: ASTS
[21:40] Correlation scan: 39 tickers, no alerts
  [ALERT] BUY_DIP_SIGNAL: CWEN
  [ALERT] DANGER_CONVERGENCE: BEAM
  [ALERT] FUNDAMENTAL_DETERIORATION: BEAM
[21:50] Correlation scan: 39 tickers, no alerts
  [ALERT] EXIT_SIGNAL: OKLO
  [ALERT] ACCELERATING_DECLINE: KTOS
  [ALERT] ACCELERATING_DECLINE: AVAV
[22:10] Correlation scan: 39 tickers, no alerts
[22:20] Correlation scan: 39 tickers, no alerts
[22:30] Correlation scan: 39 tickers, no alerts
  [ALERT] DANGER_CONVERGENCE: NTLA
[22:40] Correlation scan: 39 tickers, no alerts
[22:50] Correlation scan: 39 tickers, no alerts
[23:00] Correlation scan: 39 tickers, no alerts
[23:10] Correlation scan: 39 tickers, no alerts
[23:20] Correlation scan: 39 tickers, no alerts
[23:30] Correlation scan: 38 tickers, no alerts
[00:00] Gate closed (weekend/off-hours) — no alerts
[00:30] Gate closed (weekend/off-hours) — no alerts
[01:00] Gate closed (weekend/off-hours) — no alerts
[01:30] Gate closed (weekend/off-hours) — no alerts
[02:00] Gate closed (weekend/off-hours) — no alerts
[02:30] Gate closed (weekend/off-hours) — no alerts
[03:00] Gate closed (weekend/off-hours) — no alerts
[03:30] Gate closed (weekend/off-hours) — no alerts
[04:00] Gate closed (weekend/off-hours) — no alerts
[04:30] Gate closed (weekend/off-hours) — no alerts
[05:00] Gate closed (weekend/off-hours) — no alerts
[05:30] Gate closed (weekend/off-hours) — no alerts
[06:00] Gate closed (weekend/off-hours) — no alerts
[06:30] Gate closed (weekend/off-hours) — no alerts
[07:00] Gate closed (weekend/off-hours) — no alerts
[07:30] Gate closed (weekend/off-hours) — no alerts
[08:00] Gate closed (weekend/off-hours) — no alerts
[08:30] Gate closed (weekend/off-hours) — no alerts
[09:00] Gate closed (weekend/off-hours) — no alerts
[09:30] Gate closed (weekend/off-hours) — no alerts
[10:00] Gate closed (weekend/off-hours) — no alerts
[10:30] Gate closed (weekend/off-hours) — no alerts
[11:00] Gate closed (weekend/off-hours) — no alerts
[11:30] Gate closed (weekend/off-hours) — no alerts
[12:00] Gate closed (weekend/off-hours) — no alerts
[12:30] Gate closed (weekend/off-hours) — no alerts
[13:00] Gate closed (weekend/off-hours) — no alerts
[13:30] Correlation scan: 39 tickers, no alerts
[13:40] Correlation scan: 39 tickers, no alerts
[13:50] Correlation scan: 39 tickers, no alerts
[14:00] Correlation scan: 39 tickers, no alerts
[14:10] Correlation scan: 39 tickers, no alerts
[14:20] Correlation scan: 32 tickers, no alerts
[14:30] Correlation scan: 39 tickers, no alerts
[14:40] Correlation scan: 39 tickers, no alerts
[14:50] Correlation scan: 39 tickers, no alerts
[15:00] Correlation scan: 39 tickers, no alerts
[15:10] Correlation scan: 39 tickers, no alerts
[15:20] Correlation scan: 39 tickers, no alerts
[15:30] Correlation scan: 39 tickers, no alerts
[15:40] Correlation scan: 39 tickers, no alerts
[15:50] Correlation scan: 39 tickers, no alerts
[16:00] Correlation scan: 39 tickers, no alerts
[16:10] Correlation scan: 39 tickers, no alerts
[16:20] Correlation scan: 39 tickers, no alerts
[16:30] Correlation scan: 38 tickers, no alerts
[16:40] Correlation scan: 39 tickers, no alerts
[16:50] Correlation scan: 39 tickers, no alerts
[17:00] Correlation scan: 39 tickers, no alerts
[17:10] Correlation scan: 39 tickers, no alerts
[17:20] Correlation scan: 39 tickers, no alerts
[17:30] Correlation scan: 39 tickers, no alerts
[17:40] Correlation scan: 39 tickers, no alerts
[17:50] Correlation scan: 39 tickers, no alerts
[18:00] Correlation scan: 39 tickers, no alerts
[18:10] Correlation scan: 39 tickers, no alerts
[18:20] Correlation scan: 39 tickers, no alerts
[18:30] Correlation scan: 39 tickers, no alerts
[18:40] Correlation scan: 39 tickers, no alerts
[18:50] Correlation scan: 39 tickers, no alerts
[19:00] Correlation scan: 38 tickers, no alerts
[19:10] Correlation scan: 39 tickers, no alerts
[19:20] Correlation scan: 39 tickers, no alerts
[19:30] Correlation scan: 39 tickers, no alerts
[19:40] Correlation scan: 38 tickers, no alerts
[19:50] Correlation scan: 39 tickers, no alerts
[20:00] Correlation scan: 39 tickers, no alerts
[20:10] Correlation scan: 39 tickers, no alerts
[20:20] Correlation scan: 39 tickers, no alerts
[20:30] Correlation scan: 39 tickers, no alerts
[20:40] Correlation scan: 39 tickers, no alerts
[20:50] Correlation scan: 39 tickers, no alerts
[21:00] Correlation scan: 39 tickers, no alerts
[21:10] Correlation scan: 39 tickers, no alerts
[21:20] Correlation scan: 39 tickers, no alerts
[21:30] Correlation scan: 39 tickers, no alerts
[21:40] Correlation scan: 39 tickers, no alerts
[21:50] Correlation scan: 39 tickers, no alerts
[22:00] Correlation scan: 39 tickers, no alerts
[22:10] Correlation scan: 39 tickers, no alerts
[22:20] Correlation scan: 39 tickers, no alerts
[22:30] Correlation scan: 39 tickers, no alerts
[22:40] Correlation scan: 39 tickers, no alerts
[22:50] Correlation scan: 39 tickers, no alerts
[23:00] Correlation scan: 39 tickers, no alerts
[23:10] Correlation scan: 39 tickers, no alerts
