[2026-04-13 07:05 Berlin] Fetching 34 tickers...
  ✅ 000660.KS: 1029000.00 (+0.00%)
  ✅ TSM: 370.60 (+1.15%)
  ✅ PLTR: 128.06 (-1.53%)
  ✅ 1810.HK: 30.46 (-1.42%)
  ✅ IONQ: 28.79 (+2.13%)
  ✅ NVDA: 188.63 (+3.07%)
  ✅ UEC: 13.53 (-1.53%)
  ✅ URNM: 64.44 (-1.32%)
  ✅ CCJ: 116.04 (+0.61%)
  ✅ OKLO: 50.25 (+4.40%)
  ✅ RKLB: 68.05 (+1.42%)
  ✅ ASTS: 94.90 (+2.31%)
  ✅ CRSP: 51.22 (-1.12%)
  ✅ NTLA: 13.49 (-1.32%)
  ✅ BEAM: 27.43 (+3.82%)
  ✅ 272210.KS: 130700.00 (-2.61%)
  ✅ KTOS: 70.34 (+2.09%)
  ✅ AVAV: 179.72 (+1.26%)
  ✅ ARKQ: 119.18 (-0.31%)
  ✅ BOTZ: 35.43 (+2.10%)
  ✅ COHR: 307.50 (+8.17%)
  ✅ VRT: 295.11 (+2.14%)
  ✅ TMO: 496.11 (-0.28%)
  ✅ AMAT: 399.49 (+0.40%)
  ✅ NTR: 73.75 (+0.70%)
  ✅ PKX: 63.14 (-1.31%)
  ✅ MC.PA: 483.30 (+0.00%)
  ✅ GEVO: 1.93 (+0.52%)
  ✅ HUYA: 3.15 (-2.78%)
  ✅ FCX: 67.80 (+2.49%)
  ✅ IAU: 89.56 (-0.01%)
  ✅ TSMC: 370.60 (+1.15%)
  ✅ ASML: 1478.28 (+2.08%)
  ✅ PL: 34.67 (+0.51%)

Written: /root/gods_plan/prices.json (34 tickers)
✅ Pushed to GitHub → dashboard will refresh within 60s

🔱 Done. 34 tickers live on dashboard.
[2026-04-13 15:35 Berlin] Fetching 34 tickers...
  ✅ 000660.KS: 1040000.00 (+1.27%)
  ✅ TSM: 369.35 (-0.41%)
  ✅ PLTR: 130.13 (+0.81%)
  ✅ 1810.HK: 30.66 (-0.78%)
  ✅ IONQ: 27.92 (-3.29%)
  ✅ NVDA: 186.40 (-1.07%)
  ✅ UEC: 13.01 (-4.36%)
  ✅ URNM: 63.10 (-2.08%)
  ✅ CCJ: 114.00 (-2.39%)
  ✅ OKLO: 48.38 (-4.16%)
  ✅ RKLB: 66.98 (-2.03%)
  ✅ ASTS: 92.94 (-2.03%)
  ✅ CRSP: 51.50 (+0.00%)
  ✅ NTLA: 13.46 (-0.58%)
  ✅ BEAM: 28.09 (+1.81%)
  ✅ 272210.KS: 131900.00 (-1.05%)
  ✅ KTOS: 70.54 (+0.27%)
  ✅ AVAV: 178.09 (-0.51%)
  ✅ ARKQ: 118.63 (-0.80%)
  ✅ BOTZ: 35.19 (-0.82%)
  ✅ COHR: 309.47 (+0.20%)
  ✅ VRT: 298.65 (+0.93%)
  ✅ TMO: 495.11 (-1.96%)
  ✅ AMAT: 397.87 (-0.87%)
  ✅ NTR: 74.89 (+0.67%)
  ✅ PKX: 61.13 (-3.79%)
  ✅ MC.PA: 478.75 (-1.21%)
  ✅ GEVO: 1.91 (-1.13%)
  ✅ HUYA: 3.10 (-1.59%)
  ✅ FCX: 67.49 (-0.46%)
  ✅ IAU: 89.07 (-0.42%)
  ✅ TSMC: 369.53 (-0.36%)
  ✅ ASML: 1470.92 (-0.76%)
  ✅ PL: 33.22 (-4.41%)

Written: /root/gods_plan/prices.json (34 tickers)
✅ Pushed to GitHub → dashboard will refresh within 60s

🔱 Done. 34 tickers live on dashboard.
[2026-04-14 07:05 Berlin] Fetching 34 tickers...
  ✅ 000660.KS: 1123000.00 (+8.61%)
  ✅ TSM: 369.57 (-0.35%)
  ✅ PLTR: 132.37 (+2.55%)
  ✅ 1810.HK: 30.64 (-0.07%)
  ✅ IONQ: 29.76 (+3.08%)
  ✅ NVDA: 189.31 (+0.47%)
  ✅ UEC: 13.95 (+2.55%)
  ✅ URNM: 65.90 (+2.27%)
  ✅ CCJ: 116.70 (-0.09%)
  ✅ OKLO: 53.94 (+6.85%)
  ✅ RKLB: 70.62 (+3.29%)
  ✅ ASTS: 98.97 (+4.32%)
  ✅ CRSP: 54.83 (+6.47%)
  ✅ NTLA: 14.26 (+5.32%)
  ✅ BEAM: 30.18 (+9.39%)
  ✅ 272210.KS: 132800.00 (+0.76%)
  ✅ KTOS: 73.55 (+4.55%)
  ✅ AVAV: 194.39 (+8.60%)
  ✅ ARKQ: 121.53 (+1.63%)
  ✅ BOTZ: 35.97 (+1.38%)
  ✅ COHR: 307.93 (-0.30%)
  ✅ VRT: 299.96 (+1.37%)
  ✅ TMO: 514.23 (+1.83%)
  ✅ AMAT: 395.73 (-1.40%)
  ✅ NTR: 74.38 (-0.03%)
  ✅ PKX: 62.57 (-1.53%)
  ✅ MC.PA: 481.75 (-0.59%)
  ✅ GEVO: 2.03 (+5.18%)
  ✅ HUYA: 3.18 (+0.95%)
  ✅ FCX: 68.03 (+0.34%)
  ✅ IAU: 89.21 (-0.27%)
  ✅ TSMC: 369.57 (-0.35%)
  ✅ ASML: 1500.20 (+1.21%)
  ✅ PL: 34.32 (-1.24%)

Written: /root/gods_plan/prices.json (34 tickers)
✅ Pushed to GitHub → dashboard will refresh within 60s

🔱 Done. 34 tickers live on dashboard.
[2026-06-29 07:05 Berlin] Fetching 36 tickers...
  ✅ 000660.KS: 2547000.00 (-3.56%)
  ✅ TSM: 432.35 (-0.79%)
  ✅ PLTR: 112.93 (+4.66%)
  ✅ 1810.HK: 22.14 (+3.36%)
  ✅ IONQ: 49.31 (-2.20%)
  ✅ NVDA: 192.53 (-1.17%)
  ✅ UEC: 10.80 (+2.37%)
  ✅ URNM: 53.05 (-0.84%)
  ✅ CCJ: 104.49 (+0.91%)
  ✅ OKLO: 50.00 (-2.61%)
  ✅ RKLB: 84.54 (+2.12%)
  ✅ ASTS: 71.45 (+8.12%)
  ✅ CRSP: 54.92 (+1.97%)
  ✅ NTLA: 16.68 (+4.12%)
  ✅ BEAM: 34.81 (+3.85%)
  ✅ 272210.KS: 75500.00 (+3.85%)
  ✅ KTOS: 47.21 (+2.10%)
  ✅ UUUU: 14.62 (+1.53%)
  ✅ CWEN: 36.86 (+2.02%)
  ✅ AVAV: 137.95 (+0.91%)
  ✅ ARKQ: 123.60 (-1.37%)
  ✅ BOTZ: 36.01 (-1.80%)
  ✅ COHR: 380.56 (-5.80%)
  ✅ VRT: 303.95 (-6.76%)
  ✅ TMO: 513.03 (+1.31%)
  ✅ AMAT: 626.84 (-6.11%)
  ✅ NTR: 60.98 (-0.03%)
  ✅ PKX: 49.96 (-5.66%)
  ✅ MC.PA: 495.75 (+0.56%)
  ✅ GEVO: 1.40 (-0.72%)
  ✅ HUYA: 2.27 (+4.13%)
  ✅ FCX: 62.45 (-1.22%)
  ✅ IAU: 76.56 (+1.44%)
  ✅ TSMC: 432.35 (-0.79%)
  ✅ ASML: 1794.62 (-1.90%)
  ✅ PL: 27.07 (+2.29%)

Written: /root/gods_plan/prices.json (36 tickers)
❌ Git push failed: b"To https://github.com/sobluenight10-commits/gods_plan.git\n ! [rejected]        master -> master (fetch first)\nerror: failed to push some refs to 'https://github.com/sobluenight10-commits/gods_plan.git'\nhint: Updates were rejected because the remote contains work that you do not\nhint: have locally. This is usually caused by another repository pushing to\nhint: the same ref. If you want to integrate the remote changes, use\nhint: 'git pull' before pushing again.\nhint: See the 'Note about fast-forwards' in 'git push --help' for details.\n"
[2026-06-29 15:35 Berlin] Fetching 36 tickers...
  ✅ 000660.KS: 2628000.00 (-1.68%)
  ✅ TSM: 442.76 (+2.64%)
  ✅ PLTR: 116.89 (+4.23%)
  ✅ 1810.HK: 21.86 (+2.05%)
  ✅ IONQ: 52.29 (+5.30%)
  ✅ NVDA: 194.53 (+0.90%)
  ✅ UEC: 10.70 (+0.37%)
  ✅ URNM: 53.04 (-0.85%)
  ✅ CCJ: 104.43 (+0.04%)
  ✅ OKLO: 52.42 (+4.29%)
  ✅ RKLB: 94.37 (+11.22%)
  ✅ ASTS: 78.67 (+9.88%)
  ✅ CRSP: 55.04 (+0.09%)
  ✅ NTLA: 16.77 (+0.96%)
  ✅ BEAM: 35.38 (-0.37%)
  ✅ 272210.KS: 77500.00 (+5.30%)
  ✅ KTOS: 48.60 (+2.33%)
  ✅ UUUU: 14.53 (-0.48%)
  ✅ CWEN: 36.78 (-1.75%)
  ✅ AVAV: 145.86 (+4.83%)
  ✅ ARKQ: 126.53 (+3.02%)
  ✅ BOTZ: 36.54 (+0.86%)
  ✅ COHR: 374.26 (-1.22%)
  ✅ VRT: 307.60 (+1.20%)
  ✅ TMO: 504.43 (-1.38%)
  ✅ AMAT: 649.53 (+3.32%)
  ✅ NTR: 60.13 (-0.43%)
  ✅ PKX: 49.96 (-5.66%)
  ✅ MC.PA: 494.60 (-0.09%)
  ✅ GEVO: 1.41 (-2.76%)
  ✅ HUYA: 2.32 (+1.09%)
  ✅ FCX: 62.17 (-0.66%)
  ✅ IAU: 76.03 (-1.15%)
  ✅ TSMC: 442.49 (+2.58%)
  ✅ ASML: 1817.78 (+1.38%)
  ✅ PL: 29.80 (+10.00%)

Written: /root/gods_plan/prices.json (36 tickers)
❌ Git push failed: b"To https://github.com/sobluenight10-commits/gods_plan.git\n ! [rejected]        master -> master (fetch first)\nerror: failed to push some refs to 'https://github.com/sobluenight10-commits/gods_plan.git'\nhint: Updates were rejected because the remote contains work that you do not\nhint: have locally. This is usually caused by another repository pushing to\nhint: the same ref. If you want to integrate the remote changes, use\nhint: 'git pull' before pushing again.\nhint: See the 'Note about fast-forwards' in 'git push --help' for details.\n"
[2026-06-30 07:05 Berlin] Fetching 36 tickers...
  ✅ 000660.KS: 2736000.00 (+2.20%)
  ✅ TSM: 455.10 (+5.50%)
  ✅ PLTR: 115.70 (+3.17%)
  ✅ 1810.HK: 21.54 (-1.46%)
  ✅ IONQ: 53.88 (+8.50%)
  ✅ NVDA: 194.97 (+1.13%)
  ✅ UEC: 10.83 (+1.59%)
  ✅ URNM: 53.13 (-0.69%)
  ✅ CCJ: 103.47 (-0.88%)
  ✅ OKLO: 52.76 (+4.95%)
  ✅ RKLB: 98.01 (+15.51%)
  ✅ ASTS: 86.77 (+21.20%)
  ✅ CRSP: 56.35 (+2.47%)
  ✅ NTLA: 16.61 (+0.00%)
  ✅ BEAM: 34.95 (-1.58%)
  ✅ 272210.KS: 73800.00 (-4.40%)
  ✅ KTOS: 46.95 (-1.14%)
  ✅ UUUU: 14.59 (-0.07%)
  ✅ CWEN: 35.18 (-6.01%)
  ✅ AVAV: 139.00 (-0.10%)
  ✅ ARKQ: 128.39 (+4.54%)
  ✅ BOTZ: 36.86 (+1.74%)
  ✅ COHR: 391.22 (+3.25%)
  ✅ VRT: 306.97 (+0.99%)
  ✅ TMO: 506.42 (-0.99%)
  ✅ AMAT: 694.64 (+10.50%)
  ✅ NTR: 61.18 (+1.31%)
  ✅ PKX: 53.31 (+4.32%)
  ✅ MC.PA: 492.30 (-0.56%)
  ✅ GEVO: 1.47 (+1.38%)
  ✅ HUYA: 2.32 (+1.31%)
  ✅ FCX: 61.62 (-1.53%)
  ✅ IAU: 75.53 (-1.79%)
  ✅ TSMC: 455.10 (+5.50%)
  ✅ ASML: 1883.11 (+5.03%)
  ✅ PL: 31.28 (+15.47%)

Written: /root/gods_plan/prices.json (36 tickers)
❌ Git push failed: b"To https://github.com/sobluenight10-commits/gods_plan.git\n ! [rejected]        master -> master (fetch first)\nerror: failed to push some refs to 'https://github.com/sobluenight10-commits/gods_plan.git'\nhint: Updates were rejected because the remote contains work that you do not\nhint: have locally. This is usually caused by another repository pushing to\nhint: the same ref. If you want to integrate the remote changes, use\nhint: 'git pull' before pushing again.\nhint: See the 'Note about fast-forwards' in 'git push --help' for details.\n"
[2026-06-30 15:35 Berlin] Fetching 36 tickers...
  ✅ 000660.KS: 2650000.00 (+0.84%)
  ✅ TSM: 457.08 (+0.57%)
  ✅ PLTR: 115.37 (-1.10%)
  ✅ 1810.HK: 21.64 (-1.01%)
  ✅ IONQ: 52.74 (-2.07%)
  ✅ NVDA: 198.11 (+1.53%)
  ✅ UEC: 10.62 (-1.63%)
  ✅ URNM: 52.10 (-2.15%)
  ✅ CCJ: 101.46 (-0.91%)
  ✅ OKLO: 52.08 (-1.40%)
  ✅ RKLB: 98.94 (-2.21%)
  ✅ ASTS: 83.41 (-4.40%)
  ✅ CRSP: 56.47 (+0.40%)
  ✅ NTLA: 16.47 (-0.84%)
  ✅ BEAM: 34.67 (-1.78%)
  ✅ 272210.KS: 73000.00 (-5.81%)
  ✅ KTOS: 49.61 (+2.08%)
  ✅ UUUU: 14.33 (-1.71%)
  ✅ CWEN: 34.60 (-3.00%)
  ✅ AVAV: 163.87 (-2.46%)
  ✅ ARKQ: 129.51 (+0.20%)
  ✅ BOTZ: 37.47 (+1.94%)
  ✅ COHR: 389.08 (+0.26%)
  ✅ VRT: 310.72 (+1.11%)
  ✅ TMO: 501.36 (-0.92%)
  ✅ AMAT: 705.16 (+0.17%)
  ✅ NTR: 62.86 (+2.61%)
  ✅ PKX: 51.55 (-3.30%)
  ✅ MC.PA: 481.55 (-2.39%)
  ✅ GEVO: 1.45 (-1.76%)
  ✅ HUYA: 2.32 (+1.09%)
  ✅ FCX: 62.49 (+1.21%)
  ✅ IAU: 75.61 (+0.12%)
  ✅ TSMC: 457.08 (+0.57%)
  ✅ ASML: 1932.95 (+2.82%)
  ✅ PL: 31.19 (-1.23%)

Written: /root/gods_plan/prices.json (36 tickers)
❌ Git push failed: b"To https://github.com/sobluenight10-commits/gods_plan.git\n ! [rejected]        master -> master (fetch first)\nerror: failed to push some refs to 'https://github.com/sobluenight10-commits/gods_plan.git'\nhint: Updates were rejected because the remote contains work that you do not\nhint: have locally. This is usually caused by another repository pushing to\nhint: the same ref. If you want to integrate the remote changes, use\nhint: 'git pull' before pushing again.\nhint: See the 'Note about fast-forwards' in 'git push --help' for details.\n"
[2026-07-01 07:05 Berlin] Fetching 36 tickers...
  ✅ 000660.KS: 2611000.00 (-3.01%)
  ✅ TSM: 477.57 (+5.08%)
  ✅ PLTR: 116.67 (+0.02%)
  ✅ 1810.HK: 21.64 (-1.01%)
  ✅ IONQ: 53.26 (-1.10%)
  ✅ NVDA: 200.09 (+2.55%)
  ✅ UEC: 10.66 (-1.30%)
  ✅ URNM: 52.59 (-1.23%)
  ✅ CCJ: 101.86 (-0.53%)
  ✅ OKLO: 52.33 (-0.93%)
  ✅ RKLB: 101.65 (+0.46%)
  ✅ ASTS: 88.86 (+1.85%)
  ✅ CRSP: 54.54 (-3.04%)
  ✅ NTLA: 16.92 (+1.87%)
  ✅ BEAM: 34.32 (-2.78%)
  ✅ 272210.KS: 76400.00 (+4.37%)
  ✅ KTOS: 49.86 (+2.59%)
  ✅ UUUU: 14.50 (-0.55%)
  ✅ CWEN: 34.18 (-4.18%)
  ✅ AVAV: 165.07 (-1.74%)
  ✅ ARKQ: 132.22 (+2.29%)
  ✅ BOTZ: 37.94 (+3.24%)
  ✅ COHR: 394.47 (+1.64%)
  ✅ VRT: 334.82 (+8.95%)
  ✅ TMO: 501.36 (-0.92%)
  ✅ AMAT: 723.00 (+2.70%)
  ✅ NTR: 62.95 (+2.76%)
  ✅ PKX: 51.38 (-3.62%)
  ✅ MC.PA: 484.10 (-1.87%)
  ✅ GEVO: 1.50 (+1.35%)
  ✅ HUYA: 2.30 (+0.44%)
  ✅ FCX: 62.89 (+1.86%)
  ✅ IAU: 75.51 (-0.02%)
  ✅ TSMC: 477.57 (+5.08%)
  ✅ ASML: 1989.44 (+5.82%)
  ✅ PL: 33.13 (+4.91%)

Written: /root/gods_plan/prices.json (36 tickers)
❌ Git push failed: b"To https://github.com/sobluenight10-commits/gods_plan.git\n ! [rejected]        master -> master (fetch first)\nerror: failed to push some refs to 'https://github.com/sobluenight10-commits/gods_plan.git'\nhint: Updates were rejected because the remote contains work that you do not\nhint: have locally. This is usually caused by another repository pushing to\nhint: the same ref. If you want to integrate the remote changes, use\nhint: 'git pull' before pushing again.\nhint: See the 'Note about fast-forwards' in 'git push --help' for details.\n"
[2026-07-01 15:35 Berlin] Fetching 36 tickers...
  ✅ 000660.KS: 2560000.00 (-3.40%)
  ✅ TSM: 461.38 (-3.21%)
  ✅ PLTR: 122.32 (+4.24%)
  ✅ 1810.HK: 21.64 (-1.01%)
  ✅ IONQ: 51.97 (-2.31%)
  ✅ NVDA: 193.76 (-2.89%)
  ✅ UEC: 10.73 (+0.37%)
  ✅ URNM: 53.43 (+1.40%)
  ✅ CCJ: 101.51 (-0.13%)
  ✅ OKLO: 52.65 (+0.49%)
  ✅ RKLB: 100.44 (-1.04%)
  ✅ ASTS: 87.35 (-0.48%)
  ✅ CRSP: 55.30 (+1.94%)
  ✅ NTLA: 17.18 (+2.32%)
  ✅ BEAM: 34.35 (-2.16%)
  ✅ 272210.KS: 77000.00 (+5.48%)
  ✅ KTOS: 50.66 (+0.96%)
  ✅ UUUU: 14.59 (-0.09%)
  ✅ CWEN: 34.40 (-0.85%)
  ✅ AVAV: 167.99 (+1.26%)
  ✅ ARKQ: 131.12 (-1.42%)
  ✅ BOTZ: 37.94 (-0.09%)
  ✅ COHR: 367.45 (-6.51%)
  ✅ VRT: 312.40 (-7.13%)
  ✅ TMO: 503.48 (+1.30%)
  ✅ AMAT: 665.51 (-8.37%)
  ✅ NTR: 62.51 (-0.78%)
  ✅ PKX: 50.40 (-3.65%)
  ✅ MC.PA: 479.15 (-1.12%)
  ✅ GEVO: 1.50 (-0.33%)
  ✅ HUYA: 2.36 (+2.84%)
  ✅ FCX: 61.87 (-1.52%)
  ✅ IAU: 76.10 (+1.02%)
  ✅ TSMC: 460.62 (-3.37%)
  ✅ ASML: 1894.02 (-4.75%)
  ✅ PL: 33.24 (+0.19%)

Written: /root/gods_plan/prices.json (36 tickers)
❌ Git push failed: b"To https://github.com/sobluenight10-commits/gods_plan.git\n ! [rejected]        master -> master (fetch first)\nerror: failed to push some refs to 'https://github.com/sobluenight10-commits/gods_plan.git'\nhint: Updates were rejected because the remote contains work that you do not\nhint: have locally. This is usually caused by another repository pushing to\nhint: the same ref. If you want to integrate the remote changes, use\nhint: 'git pull' before pushing again.\nhint: See the 'Note about fast-forwards' in 'git push --help' for details.\n"
[2026-07-02 07:05 Berlin] Fetching 36 tickers...
  ✅ 000660.KS: 2323000.00 (-9.79%)
  ✅ TSM: 444.23 (-6.81%)
  ✅ PLTR: 125.73 (+7.15%)
  ✅ 1810.HK: 22.68 (+4.81%)
  ✅ IONQ: 51.40 (-3.38%)
  ✅ NVDA: 197.58 (-0.98%)
  ✅ UEC: 10.55 (-1.31%)
  ✅ URNM: 52.37 (-0.62%)
  ✅ CCJ: 97.39 (-4.19%)
  ✅ OKLO: 52.45 (+0.11%)
  ✅ RKLB: 100.07 (-1.41%)
  ✅ ASTS: 86.10 (-1.90%)
  ✅ CRSP: 55.62 (+2.53%)
  ✅ NTLA: 17.24 (+2.68%)
  ✅ BEAM: 33.48 (-4.64%)
  ✅ 272210.KS: 74400.00 (-2.49%)
  ✅ KTOS: 53.04 (+5.70%)
  ✅ UUUU: 14.22 (-2.60%)
  ✅ CWEN: 33.52 (-3.37%)
  ✅ AVAV: 172.44 (+3.94%)
  ✅ ARKQ: 130.44 (-1.92%)
  ✅ BOTZ: 38.06 (+0.24%)
  ✅ COHR: 368.65 (-6.20%)
  ✅ VRT: 311.42 (-7.42%)
  ✅ TMO: 513.33 (+3.28%)
  ✅ AMAT: 650.91 (-10.38%)
  ✅ NTR: 63.57 (+0.90%)
  ✅ PKX: 50.01 (-4.40%)
  ✅ MC.PA: 481.00 (-0.74%)
  ✅ GEVO: 1.45 (-3.33%)
  ✅ HUYA: 2.42 (+5.68%)
  ✅ FCX: 60.53 (-3.65%)
  ✅ IAU: 75.96 (+0.84%)
  ✅ TSMC: 444.23 (-6.81%)
  ✅ ASML: 1843.04 (-7.32%)
  ✅ PL: 31.61 (-4.72%)

Written: /root/gods_plan/prices.json (36 tickers)
❌ Git push failed: b"To https://github.com/sobluenight10-commits/gods_plan.git\n ! [rejected]        master -> master (fetch first)\nerror: failed to push some refs to 'https://github.com/sobluenight10-commits/gods_plan.git'\nhint: Updates were rejected because the remote contains work that you do not\nhint: have locally. This is usually caused by another repository pushing to\nhint: the same ref. If you want to integrate the remote changes, use\nhint: 'git pull' before pushing again.\nhint: See the 'Note about fast-forwards' in 'git push --help' for details.\n"
[2026-07-02 15:35 Berlin] Fetching 36 tickers...
  ✅ 000660.KS: 2187000.00 (-14.57%)
  ✅ TSM: 451.57 (+0.70%)
  ✅ PLTR: 131.11 (+4.55%)
  ✅ 1810.HK: 22.60 (+4.44%)
  ✅ IONQ: 52.34 (+1.83%)
  ✅ NVDA: 198.18 (+0.58%)
  ✅ UEC: 10.71 (+1.32%)
  ✅ URNM: 53.33 (+1.54%)
  ✅ CCJ: 98.15 (+0.23%)
  ✅ OKLO: 53.58 (+1.52%)
  ✅ RKLB: 104.38 (+4.36%)
  ✅ ASTS: 88.64 (+2.13%)
  ✅ CRSP: 57.37 (+3.41%)
  ✅ NTLA: 17.49 (+1.60%)
  ✅ BEAM: 33.83 (+1.08%)
  ✅ 272210.KS: 74100.00 (-3.77%)
  ✅ KTOS: 57.67 (+8.11%)
  ✅ UUUU: 14.48 (+1.47%)
  ✅ CWEN: 33.94 (-0.35%)
  ✅ AVAV: 188.35 (+5.71%)
  ✅ ARKQ: 131.58 (+0.81%)
  ✅ BOTZ: 37.93 (-0.76%)
  ✅ COHR: 360.14 (-1.94%)
  ✅ VRT: 306.00 (-2.39%)
  ✅ TMO: 519.16 (+1.25%)
  ✅ AMAT: 644.75 (-1.96%)
  ✅ NTR: 63.49 (-0.10%)
  ✅ PKX: 51.67 (+1.41%)
  ✅ MC.PA: 499.25 (+3.41%)
  ✅ GEVO: 1.47 (+0.66%)
  ✅ HUYA: 2.42 (-0.22%)
  ✅ FCX: 61.96 (+2.08%)
  ✅ IAU: 77.63 (+2.00%)
  ✅ TSMC: 451.98 (+0.79%)
  ✅ ASML: 1841.21 (-0.52%)
  ✅ PL: 32.16 (+2.16%)

Written: /root/gods_plan/prices.json (36 tickers)
❌ Git push failed: b"To https://github.com/sobluenight10-commits/gods_plan.git\n ! [rejected]        master -> master (fetch first)\nerror: failed to push some refs to 'https://github.com/sobluenight10-commits/gods_plan.git'\nhint: Updates were rejected because the remote contains work that you do not\nhint: have locally. This is usually caused by another repository pushing to\nhint: the same ref. If you want to integrate the remote changes, use\nhint: 'git pull' before pushing again.\nhint: See the 'Note about fast-forwards' in 'git push --help' for details.\n"
[2026-07-03 07:05 Berlin] Fetching 36 tickers...
  ✅ 000660.KS: 2380000.00 (+4.89%)
  ✅ TSM: 434.16 (-3.18%)
  ✅ PLTR: 129.30 (+3.11%)
  ✅ 1810.HK: 23.28 (+3.01%)
  ✅ IONQ: 49.12 (-4.44%)
  ✅ NVDA: 194.83 (-1.12%)
  ✅ UEC: 10.77 (+1.89%)
  ✅ URNM: 52.83 (+0.59%)
  ✅ CCJ: 96.54 (-1.41%)
  ✅ OKLO: 52.36 (-0.80%)
  ✅ RKLB: 100.46 (+0.44%)
  ✅ ASTS: 85.13 (-1.92%)
  ✅ CRSP: 60.08 (+8.29%)
  ✅ NTLA: 17.56 (+2.01%)
  ✅ BEAM: 34.79 (+3.94%)
  ✅ 272210.KS: 73650.00 (-1.01%)
  ✅ KTOS: 55.35 (+3.75%)
  ✅ UUUU: 13.81 (-3.22%)
  ✅ CWEN: 32.76 (-3.82%)
  ✅ AVAV: 190.89 (+7.13%)
  ✅ ARKQ: 127.94 (-1.98%)
  ✅ BOTZ: 37.39 (-2.17%)
  ✅ COHR: 333.36 (-9.24%)
  ✅ VRT: 300.53 (-4.13%)
  ✅ TMO: 523.44 (+2.08%)
  ✅ AMAT: 603.04 (-8.30%)
  ✅ NTR: 65.06 (+2.38%)
  ✅ PKX: 52.12 (+2.30%)
  ✅ MC.PA: 497.95 (+3.14%)
  ✅ GEVO: 1.41 (-3.45%)
  ✅ HUYA: 2.38 (-1.94%)
  ✅ FCX: 60.97 (+0.46%)
  ✅ IAU: 77.51 (+1.84%)
  ✅ TSMC: 434.16 (-3.18%)
  ✅ ASML: 1769.32 (-4.41%)
  ✅ PL: 31.38 (-0.32%)

Written: /root/gods_plan/prices.json (36 tickers)
❌ Git push failed: b"To https://github.com/sobluenight10-commits/gods_plan.git\n ! [rejected]        master -> master (fetch first)\nerror: failed to push some refs to 'https://github.com/sobluenight10-commits/gods_plan.git'\nhint: Updates were rejected because the remote contains work that you do not\nhint: have locally. This is usually caused by another repository pushing to\nhint: the same ref. If you want to integrate the remote changes, use\nhint: 'git pull' before pushing again.\nhint: See the 'Note about fast-forwards' in 'git push --help' for details.\n"
[2026-07-03 15:35 Berlin] Fetching 36 tickers...
  ✅ 000660.KS: 2425000.00 (+10.88%)
  ✅ TSM: 434.16 (-3.18%)
  ✅ PLTR: 129.30 (+3.11%)
  ✅ 1810.HK: 22.96 (+1.59%)
  ✅ IONQ: 49.12 (-4.44%)
  ✅ NVDA: 194.83 (-1.12%)
  ✅ UEC: 10.77 (+1.89%)
  ✅ URNM: 52.83 (+0.59%)
  ✅ CCJ: 96.54 (-1.41%)
  ✅ OKLO: 52.36 (-0.80%)
  ✅ RKLB: 100.46 (+0.44%)
  ✅ ASTS: 85.13 (-1.92%)
  ✅ CRSP: 60.08 (+8.29%)
  ✅ NTLA: 17.56 (+2.01%)
  ✅ BEAM: 34.79 (+3.94%)
  ✅ 272210.KS: 75500.00 (+1.89%)
  ✅ KTOS: 55.35 (+3.75%)
  ✅ UUUU: 13.81 (-3.22%)
  ✅ CWEN: 32.76 (-3.82%)
  ✅ AVAV: 190.89 (+7.13%)
  ✅ ARKQ: 127.94 (-1.98%)
  ✅ BOTZ: 37.39 (-2.17%)
  ✅ COHR: 333.36 (-9.24%)
  ✅ VRT: 300.53 (-4.13%)
  ✅ TMO: 523.44 (+2.08%)
  ✅ AMAT: 603.04 (-8.30%)
  ✅ NTR: 65.06 (+2.38%)
  ✅ PKX: 52.12 (+2.30%)
  ✅ MC.PA: 494.00 (-0.64%)
  ✅ GEVO: 1.41 (-3.45%)
  ✅ HUYA: 2.38 (-1.94%)
  ✅ FCX: 60.97 (+0.46%)
  ✅ IAU: 77.51 (+1.84%)
  ✅ TSMC: 434.16 (-3.18%)
  ✅ ASML: 1769.32 (-4.41%)
  ✅ PL: 31.38 (-0.32%)

Written: /root/gods_plan/prices.json (36 tickers)
❌ Git push failed: b"To https://github.com/sobluenight10-commits/gods_plan.git\n ! [rejected]        master -> master (fetch first)\nerror: failed to push some refs to 'https://github.com/sobluenight10-commits/gods_plan.git'\nhint: Updates were rejected because the remote contains work that you do not\nhint: have locally. This is usually caused by another repository pushing to\nhint: the same ref. If you want to integrate the remote changes, use\nhint: 'git pull' before pushing again.\nhint: See the 'Note about fast-forwards' in 'git push --help' for details.\n"
[2026-07-06 07:05 Berlin] Fetching 36 tickers...
  ✅ 000660.KS: 2381000.00 (-1.53%)
  ✅ TSM: 434.16 (-3.18%)
  ✅ PLTR: 129.30 (+3.11%)
  ✅ 1810.HK: 23.46 (+2.18%)
  ✅ IONQ: 49.12 (-4.44%)
  ✅ NVDA: 194.83 (-1.12%)
  ✅ UEC: 10.77 (+1.89%)
  ✅ URNM: 52.83 (+0.59%)
  ✅ CCJ: 96.54 (-1.41%)
  ✅ OKLO: 52.36 (-0.80%)
  ✅ RKLB: 100.46 (+0.44%)
  ✅ ASTS: 85.13 (-1.92%)
  ✅ CRSP: 60.08 (+8.29%)
  ✅ NTLA: 17.56 (+2.01%)
  ✅ BEAM: 34.79 (+3.94%)
  ✅ 272210.KS: 79700.00 (+7.12%)
  ✅ KTOS: 55.35 (+3.75%)
  ✅ UUUU: 13.81 (-3.22%)
  ✅ CWEN: 32.76 (-3.82%)
  ✅ AVAV: 190.89 (+7.13%)
  ✅ ARKQ: 127.94 (-1.98%)
  ✅ BOTZ: 37.39 (-2.17%)
  ✅ COHR: 333.36 (-9.24%)
  ✅ VRT: 300.53 (-4.13%)
  ✅ TMO: 523.44 (+2.08%)
  ✅ AMAT: 603.04 (-8.30%)
  ✅ NTR: 65.06 (+2.38%)
  ✅ PKX: 52.12 (+2.30%)
  ✅ MC.PA: 495.70 (-0.30%)
  ✅ GEVO: 1.41 (-3.45%)
  ✅ HUYA: 2.38 (-1.94%)
  ✅ FCX: 60.97 (+0.46%)
  ✅ IAU: 77.51 (+1.84%)
  ✅ TSMC: 434.16 (-3.18%)
  ✅ ASML: 1769.32 (-4.41%)
  ✅ PL: 31.38 (-0.32%)

Written: /root/gods_plan/prices.json (36 tickers)
❌ Git push failed: b"To https://github.com/sobluenight10-commits/gods_plan.git\n ! [rejected]        master -> master (fetch first)\nerror: failed to push some refs to 'https://github.com/sobluenight10-commits/gods_plan.git'\nhint: Updates were rejected because the remote contains work that you do not\nhint: have locally. This is usually caused by another repository pushing to\nhint: the same ref. If you want to integrate the remote changes, use\nhint: 'git pull' before pushing again.\nhint: See the 'Note about fast-forwards' in 'git push --help' for details.\n"
[2026-07-06 15:35 Berlin] Fetching 36 tickers...
  ✅ 000660.KS: 2343000.00 (-3.38%)
  ✅ TSM: 452.42 (+3.38%)
  ✅ PLTR: 129.68 (-0.08%)
  ✅ 1810.HK: 23.28 (+1.39%)
  ✅ IONQ: 49.75 (+0.28%)
  ✅ NVDA: 194.75 (+0.18%)
  ✅ UEC: 10.93 (+0.64%)
  ✅ URNM: 54.07 (+1.64%)
  ✅ CCJ: 99.73 (+3.34%)
  ✅ OKLO: 51.59 (-1.77%)
  ✅ RKLB: 98.57 (-1.63%)
  ✅ ASTS: 84.43 (-1.25%)
  ✅ CRSP: 59.58 (-0.48%)
  ✅ NTLA: 16.98 (-3.53%)
  ✅ BEAM: 34.21 (-0.98%)
  ✅ 272210.KS: 80900.00 (+7.15%)
  ✅ KTOS: 53.72 (-3.30%)
  ✅ UUUU: 14.10 (+1.88%)
  ✅ CWEN: 32.83 (-2.01%)
  ✅ AVAV: 184.08 (-4.12%)
  ✅ ARKQ: 129.61 (+1.26%)
  ✅ BOTZ: 37.88 (+1.39%)
  ✅ COHR: 339.39 (+1.81%)
  ✅ VRT: 321.51 (+6.56%)
  ✅ TMO: 513.72 (-2.15%)
  ✅ AMAT: 615.68 (+1.41%)
  ✅ NTR: 64.45 (-1.00%)
  ✅ PKX: 53.08 (+1.39%)
  ✅ MC.PA: 494.55 (-0.05%)
  ✅ GEVO: 1.41 (+0.73%)
  ✅ HUYA: 2.46 (+3.36%)
  ✅ FCX: 61.74 (+1.23%)
  ✅ IAU: 78.00 (+0.45%)
  ✅ TSMC: 452.13 (+3.31%)
  ✅ ASML: 1826.45 (+2.78%)
  ✅ PL: 31.43 (+0.88%)

Written: /root/gods_plan/prices.json (36 tickers)
❌ Git push failed: b"To https://github.com/sobluenight10-commits/gods_plan.git\n ! [rejected]        master -> master (fetch first)\nerror: failed to push some refs to 'https://github.com/sobluenight10-commits/gods_plan.git'\nhint: Updates were rejected because the remote contains work that you do not\nhint: have locally. This is usually caused by another repository pushing to\nhint: the same ref. If you want to integrate the remote changes, use\nhint: 'git pull' before pushing again.\nhint: See the 'Note about fast-forwards' in 'git push --help' for details.\n"
[2026-07-07 07:05 Berlin] Fetching 36 tickers...
  ✅ 000660.KS: 2102000.00 (-11.72%)
  ✅ TSM: 451.79 (+3.24%)
  ✅ PLTR: 132.54 (+2.13%)
  ✅ 1810.HK: 23.44 (+0.69%)
  ✅ IONQ: 48.87 (-1.49%)
  ✅ NVDA: 195.55 (+0.59%)
  ✅ UEC: 10.59 (-2.49%)
  ✅ URNM: 53.56 (+0.68%)
  ✅ CCJ: 97.50 (+1.03%)
  ✅ OKLO: 51.84 (-1.29%)
  ✅ RKLB: 93.09 (-7.10%)
  ✅ ASTS: 80.64 (-5.68%)
  ✅ CRSP: 61.89 (+3.37%)
  ✅ NTLA: 17.84 (+1.36%)
  ✅ BEAM: 35.32 (+2.23%)
  ✅ 272210.KS: 68400.00 (-15.45%)
  ✅ KTOS: 53.54 (-3.62%)
  ✅ UUUU: 13.77 (-0.51%)
  ✅ CWEN: 33.10 (-1.19%)
  ✅ AVAV: 176.84 (-7.90%)
  ✅ ARKQ: 130.11 (+1.65%)
  ✅ BOTZ: 38.25 (+2.38%)
  ✅ COHR: 335.70 (+0.70%)
  ✅ VRT: 318.47 (+5.56%)
  ✅ TMO: 517.60 (-1.41%)
  ✅ AMAT: 592.79 (-2.36%)
  ✅ NTR: 64.54 (-0.86%)
  ✅ PKX: 51.96 (-0.74%)
  ✅ MC.PA: 491.40 (-0.69%)
  ✅ GEVO: 1.43 (+2.16%)
  ✅ HUYA: 2.41 (+1.26%)
  ✅ FCX: 61.00 (+0.02%)
  ✅ IAU: 78.30 (+0.83%)
  ✅ TSMC: 451.79 (+3.24%)
  ✅ ASML: 1825.07 (+2.71%)
  ✅ PL: 30.86 (-0.95%)

Written: /root/gods_plan/prices.json (36 tickers)
❌ Git push failed: b"To https://github.com/sobluenight10-commits/gods_plan.git\n ! [rejected]        master -> master (fetch first)\nerror: failed to push some refs to 'https://github.com/sobluenight10-commits/gods_plan.git'\nhint: Updates were rejected because the remote contains work that you do not\nhint: have locally. This is usually caused by another repository pushing to\nhint: the same ref. If you want to integrate the remote changes, use\nhint: 'git pull' before pushing again.\nhint: See the 'Note about fast-forwards' in 'git push --help' for details.\n"
[2026-07-07 15:35 Berlin] Fetching 36 tickers...
  ✅ 000660.KS: 2201000.00 (-6.06%)
  ✅ TSM: 435.63 (-3.27%)
  ✅ PLTR: 133.92 (+0.86%)
  ✅ 1810.HK: 23.10 (-0.77%)
  ✅ IONQ: 46.87 (-4.35%)
  ✅ NVDA: 192.73 (-1.01%)
  ✅ UEC: 10.40 (-2.12%)
  ✅ URNM: 51.95 (-2.88%)
  ✅ CCJ: 95.20 (-2.27%)
  ✅ OKLO: 50.67 (-1.67%)
  ✅ RKLB: 87.78 (-4.07%)
  ✅ ASTS: 77.20 (-2.93%)
  ✅ CRSP: 61.40 (-0.80%)
  ✅ NTLA: 17.50 (-2.23%)
  ✅ BEAM: 36.01 (+1.28%)
  ✅ 272210.KS: 70400.00 (-12.98%)
  ✅ KTOS: 53.63 (-0.69%)
  ✅ UUUU: 13.48 (-2.67%)
  ✅ CWEN: 33.44 (+1.19%)
  ✅ AVAV: 174.00 (-1.19%)
  ✅ ARKQ: 127.41 (-1.48%)
  ✅ BOTZ: 37.12 (-2.93%)
  ✅ COHR: 315.77 (-4.89%)
  ✅ VRT: 295.53 (-7.18%)
  ✅ TMO: 524.26 (+1.31%)
  ✅ AMAT: 540.21 (-8.27%)
  ✅ NTR: 65.26 (+1.12%)
  ✅ PKX: 51.28 (-2.49%)
  ✅ MC.PA: 502.00 (+2.26%)
  ✅ GEVO: 1.41 (-0.49%)
  ✅ HUYA: 2.45 (+2.05%)
  ✅ FCX: 60.05 (-1.80%)
  ✅ IAU: 78.40 (+0.01%)
  ✅ TSMC: 434.85 (-3.44%)
  ✅ ASML: 1735.77 (-4.31%)
  ✅ PL: 29.44 (-3.87%)

Written: /root/gods_plan/prices.json (36 tickers)
❌ Git push failed: b"To https://github.com/sobluenight10-commits/gods_plan.git\n ! [rejected]        master -> master (fetch first)\nerror: failed to push some refs to 'https://github.com/sobluenight10-commits/gods_plan.git'\nhint: Updates were rejected because the remote contains work that you do not\nhint: have locally. This is usually caused by another repository pushing to\nhint: the same ref. If you want to integrate the remote changes, use\nhint: 'git pull' before pushing again.\nhint: See the 'Note about fast-forwards' in 'git push --help' for details.\n"
[2026-07-08 07:05 Berlin] Fetching 36 tickers...
  ✅ 000660.KS: 2134000.00 (-3.40%)
  ✅ TSM: 432.57 (-3.95%)
  ✅ PLTR: 134.37 (+1.20%)
  ✅ 1810.HK: 24.40 (+5.63%)
  ❌ IONQ: 'NoneType' object is not subscriptable
  ❌ NVDA: 'NoneType' object is not subscriptable
  ❌ UEC: 'NoneType' object is not subscriptable
  ❌ URNM: 'NoneType' object is not subscriptable
  ❌ CCJ: 'NoneType' object is not subscriptable
  ❌ OKLO: 'NoneType' object is not subscriptable
  ❌ RKLB: 'NoneType' object is not subscriptable
  ❌ ASTS: 'NoneType' object is not subscriptable
  ❌ CRSP: 'NoneType' object is not subscriptable
  ❌ NTLA: 'NoneType' object is not subscriptable
  ❌ BEAM: 'NoneType' object is not subscriptable
  ✅ 272210.KS: 63900.00 (-8.06%)
  ✅ KTOS: 50.34 (-6.78%)
  ✅ UUUU: 12.86 (-7.15%)
  ✅ CWEN: 33.48 (+1.30%)
  ✅ AVAV: 162.53 (-7.70%)
  ✅ ARKQ: 124.41 (-3.80%)
  ✅ BOTZ: 36.59 (-4.31%)
  ✅ COHR: 314.13 (-5.38%)
  ✅ VRT: 305.58 (-4.02%)
  ✅ TMO: 516.62 (-0.17%)
  ✅ AMAT: 554.50 (-5.85%)
  ✅ NTR: 65.32 (+1.21%)
  ✅ PKX: 51.25 (-2.55%)
  ✅ MC.PA: 495.80 (+1.00%)
  ✅ GEVO: 1.46 (+2.67%)
  ✅ HUYA: 2.35 (-2.11%)
  ✅ FCX: 59.33 (-2.98%)
  ✅ IAU: 77.37 (-1.30%)
  ✅ TSMC: 432.57 (-3.95%)
  ✅ ASML: 1747.28 (-3.68%)
  ✅ PL: 28.66 (-6.43%)

Errors (11): IONQ: 'NoneType' object is not subscriptable, NVDA: 'NoneType' object is not subscriptable, UEC: 'NoneType' object is not subscriptable, URNM: 'NoneType' object is not subscriptable, CCJ: 'NoneType' object is not subscriptable

Written: /root/gods_plan/prices.json (25 tickers)
❌ Git push failed: b"To https://github.com/sobluenight10-commits/gods_plan.git\n ! [rejected]        master -> master (fetch first)\nerror: failed to push some refs to 'https://github.com/sobluenight10-commits/gods_plan.git'\nhint: Updates were rejected because the remote contains work that you do not\nhint: have locally. This is usually caused by another repository pushing to\nhint: the same ref. If you want to integrate the remote changes, use\nhint: 'git pull' before pushing again.\nhint: See the 'Note about fast-forwards' in 'git push --help' for details.\n"
[2026-07-08 15:35 Berlin] Fetching 36 tickers...
  ✅ 000660.KS: 2076000.00 (-5.68%)
  ✅ TSM: 435.92 (+1.14%)
  ✅ PLTR: 128.62 (-4.10%)
  ✅ 1810.HK: 25.30 (+9.52%)
  ✅ IONQ: 45.76 (+1.45%)
  ✅ NVDA: 197.00 (+0.57%)
  ✅ UEC: 10.02 (+0.50%)
  ✅ URNM: 51.07 (+0.39%)
  ✅ CCJ: 94.67 (+0.18%)
  ✅ OKLO: 48.56 (+1.47%)
  ✅ RKLB: 85.82 (+2.47%)
  ✅ ASTS: 77.23 (+4.89%)
  ✅ CRSP: 59.20 (-2.05%)
  ✅ NTLA: 16.88 (-1.86%)
  ✅ BEAM: 36.30 (-4.60%)
  ✅ 272210.KS: 64900.00 (-7.81%)
  ✅ KTOS: 50.86 (+0.71%)
  ✅ UUUU: 13.06 (+1.24%)
  ✅ CWEN: 33.43 (-1.04%)
  ✅ AVAV: 167.08 (+2.00%)
  ✅ ARKQ: 124.00 (-0.13%)
  ✅ BOTZ: 35.94 (-1.57%)
  ✅ COHR: 320.07 (+3.23%)
  ✅ VRT: 313.03 (+3.31%)
  ✅ TMO: 507.81 (-1.78%)
  ✅ AMAT: 567.17 (+4.07%)
  ✅ NTR: 66.27 (+1.33%)
  ✅ PKX: 50.26 (-1.90%)
  ✅ MC.PA: 488.75 (-1.65%)
  ✅ GEVO: 1.48 (+0.34%)
  ✅ HUYA: 2.40 (+1.05%)
  ✅ FCX: 58.59 (-1.22%)
  ✅ IAU: 76.67 (-0.82%)
  ✅ TSMC: 435.79 (+1.11%)
  ✅ ASML: 1760.00 (+1.43%)
  ✅ PL: 28.95 (+1.79%)

Written: /root/gods_plan/prices.json (36 tickers)
❌ Git push failed: b"To https://github.com/sobluenight10-commits/gods_plan.git\n ! [rejected]        master -> master (fetch first)\nerror: failed to push some refs to 'https://github.com/sobluenight10-commits/gods_plan.git'\nhint: Updates were rejected because the remote contains work that you do not\nhint: have locally. This is usually caused by another repository pushing to\nhint: the same ref. If you want to integrate the remote changes, use\nhint: 'git pull' before pushing again.\nhint: See the 'Note about fast-forwards' in 'git push --help' for details.\n"
[2026-07-09 07:05 Berlin] Fetching 36 tickers...
  ✅ 000660.KS: 2153000.00 (+1.46%)
  ✅ TSM: 436.98 (+1.39%)
  ✅ PLTR: 132.22 (-1.42%)
  ✅ 1810.HK: 25.14 (-0.63%)
  ✅ IONQ: 45.08 (-0.04%)
  ✅ NVDA: 204.12 (+4.20%)
  ✅ UEC: 9.93 (-0.40%)
  ✅ URNM: 51.34 (+0.92%)
  ✅ CCJ: 94.73 (+0.24%)
  ✅ OKLO: 47.28 (-1.19%)
  ✅ RKLB: 83.35 (-0.48%)
  ✅ ASTS: 74.95 (+1.79%)
  ✅ CRSP: 59.20 (-2.05%)
  ✅ NTLA: 16.84 (-2.09%)
  ✅ BEAM: 36.88 (-3.08%)
  ✅ 272210.KS: 65200.00 (+0.77%)
  ✅ KTOS: 50.38 (-0.24%)
  ✅ UUUU: 13.14 (+1.86%)
  ✅ CWEN: 33.32 (-1.37%)
  ✅ AVAV: 157.78 (-3.68%)
  ✅ ARKQ: 123.81 (-0.28%)
  ✅ BOTZ: 35.99 (-1.42%)
  ✅ COHR: 317.05 (+2.25%)
  ✅ VRT: 317.81 (+4.89%)
  ✅ TMO: 510.13 (-1.33%)
  ✅ AMAT: 570.50 (+4.68%)
  ✅ NTR: 66.76 (+2.08%)
  ✅ PKX: 51.30 (+0.12%)
  ✅ MC.PA: 484.90 (-2.42%)
  ✅ GEVO: 1.48 (+0.68%)
  ✅ HUYA: 2.42 (+1.68%)
  ✅ FCX: 57.50 (-3.05%)
  ✅ IAU: 76.74 (-0.72%)
  ✅ TSMC: 436.98 (+1.39%)
  ✅ ASML: 1768.65 (+1.93%)
  ✅ PL: 27.75 (-2.43%)

Written: /root/gods_plan/prices.json (36 tickers)
❌ Git push failed: b"To https://github.com/sobluenight10-commits/gods_plan.git\n ! [rejected]        master -> master (fetch first)\nerror: failed to push some refs to 'https://github.com/sobluenight10-commits/gods_plan.git'\nhint: Updates were rejected because the remote contains work that you do not\nhint: have locally. This is usually caused by another repository pushing to\nhint: the same ref. If you want to integrate the remote changes, use\nhint: 'git pull' before pushing again.\nhint: See the 'Note about fast-forwards' in 'git push --help' for details.\n"
[2026-07-09 15:35 Berlin] Fetching 36 tickers...
  ✅ 000660.KS: 2186000.00 (+5.30%)
  ✅ TSM: 443.89 (+1.24%)
  ✅ PLTR: 127.20 (-3.26%)
  ✅ 1810.HK: 25.00 (-1.19%)
  ✅ IONQ: 45.58 (+0.77%)
  ✅ NVDA: 203.38 (-0.12%)
  ✅ UEC: 10.05 (+0.95%)
  ✅ URNM: 51.63 (+0.89%)
  ✅ CCJ: 95.28 (+0.29%)
  ✅ OKLO: 47.92 (+1.34%)
  ✅ RKLB: 84.89 (+0.23%)
  ✅ ASTS: 74.79 (-0.15%)
  ✅ CRSP: 59.25 (+0.94%)
  ✅ NTLA: 16.91 (+0.09%)
  ✅ BEAM: 36.46 (-2.79%)
  ✅ 272210.KS: 64700.00 (-0.31%)
  ✅ KTOS: 49.58 (-2.38%)
  ✅ UUUU: 13.34 (+1.60%)
  ✅ CWEN: 33.68 (+0.99%)
  ✅ AVAV: 149.61 (-6.05%)
  ✅ ARKQ: 124.60 (+2.48%)
  ✅ BOTZ: 36.45 (+1.67%)
  ✅ COHR: 333.00 (+4.52%)
  ✅ VRT: 336.24 (+5.64%)
  ✅ TMO: 508.17 (-0.05%)
  ✅ AMAT: 624.55 (+8.24%)
  ✅ NTR: 66.20 (-0.60%)
  ✅ PKX: 49.88 (-3.72%)
  ✅ MC.PA: 491.45 (+1.59%)
  ✅ GEVO: 1.44 (-5.00%)
  ✅ HUYA: 2.42 (+0.00%)
  ✅ FCX: 58.48 (+0.95%)
  ✅ IAU: 77.54 (+1.46%)
  ✅ TSMC: 444.63 (+1.41%)
  ✅ ASML: 1841.12 (+3.78%)
  ✅ PL: 28.23 (+2.11%)

Written: /root/gods_plan/prices.json (36 tickers)
❌ Git push failed: b"To https://github.com/sobluenight10-commits/gods_plan.git\n ! [rejected]        master -> master (fetch first)\nerror: failed to push some refs to 'https://github.com/sobluenight10-commits/gods_plan.git'\nhint: Updates were rejected because the remote contains work that you do not\nhint: have locally. This is usually caused by another repository pushing to\nhint: the same ref. If you want to integrate the remote changes, use\nhint: 'git pull' before pushing again.\nhint: See the 'Note about fast-forwards' in 'git push --help' for details.\n"
[2026-07-10 07:05 Berlin] Fetching 36 tickers...
  ✅ 000660.KS: 2272500.00 (+3.77%)
  ✅ TSM: 436.96 (-0.34%)
  ✅ PLTR: 129.04 (-1.86%)
  ✅ 1810.HK: 26.16 (+4.64%)
  ✅ IONQ: 44.77 (-1.02%)
  ✅ NVDA: 202.78 (-0.41%)
  ✅ UEC: 10.16 (+2.11%)
  ✅ URNM: 52.21 (+2.01%)
  ✅ CCJ: 95.74 (+0.78%)
  ✅ OKLO: 49.27 (+4.19%)
  ✅ RKLB: 82.55 (-2.53%)
  ✅ ASTS: 73.88 (-1.36%)
  ✅ CRSP: 56.34 (-4.02%)
  ✅ NTLA: 15.44 (-8.58%)
  ✅ BEAM: 35.82 (-4.48%)
  ✅ 272210.KS: 72000.00 (+9.42%)
  ✅ KTOS: 48.85 (-3.82%)
  ✅ UUUU: 13.49 (+2.74%)
  ✅ CWEN: 33.37 (+0.06%)
  ✅ AVAV: 148.40 (-6.81%)
  ✅ ARKQ: 124.70 (+2.56%)
  ✅ BOTZ: 36.63 (+2.18%)
  ✅ COHR: 327.24 (+2.71%)
  ✅ VRT: 323.92 (+1.77%)
  ✅ TMO: 524.71 (+3.21%)
  ✅ AMAT: 588.66 (+2.02%)
  ✅ NTR: 64.57 (-3.05%)
  ✅ PKX: 50.03 (-3.42%)
  ✅ MC.PA: 492.95 (+1.90%)
  ✅ GEVO: 1.46 (-3.95%)
  ✅ HUYA: 2.51 (+3.72%)
  ✅ FCX: 60.53 (+4.49%)
  ✅ IAU: 77.51 (+1.43%)
  ✅ TSMC: 436.96 (-0.34%)
  ✅ ASML: 1804.25 (+1.70%)
  ✅ PL: 27.20 (-1.62%)

Written: /root/gods_plan/prices.json (36 tickers)
❌ Git push failed: b"To https://github.com/sobluenight10-commits/gods_plan.git\n ! [rejected]        master -> master (fetch first)\nerror: failed to push some refs to 'https://github.com/sobluenight10-commits/gods_plan.git'\nhint: Updates were rejected because the remote contains work that you do not\nhint: have locally. This is usually caused by another repository pushing to\nhint: the same ref. If you want to integrate the remote changes, use\nhint: 'git pull' before pushing again.\nhint: See the 'Note about fast-forwards' in 'git push --help' for details.\n"
[2026-07-10 15:35 Berlin] Fetching 36 tickers...
  ✅ 000660.KS: 2180000.00 (-0.27%)
  ✅ TSM: 433.67 (-1.30%)
  ✅ PLTR: 130.33 (+1.22%)
  ✅ 1810.HK: 25.84 (+3.36%)
  ✅ IONQ: 44.72 (-0.73%)
  ✅ NVDA: 204.18 (+0.92%)
  ✅ UEC: 10.51 (+3.12%)
  ✅ URNM: 53.35 (+2.00%)
  ✅ CCJ: 97.33 (+0.68%)
  ✅ OKLO: 50.05 (+0.60%)
  ✅ RKLB: 81.25 (-2.49%)
  ✅ ASTS: 73.39 (-0.83%)
  ✅ CRSP: 53.95 (-4.37%)
  ✅ NTLA: 14.84 (-3.64%)
  ✅ BEAM: 33.83 (-5.61%)
  ✅ 272210.KS: 71700.00 (+10.82%)
  ✅ KTOS: 48.50 (-1.12%)
  ✅ UUUU: 14.18 (+3.08%)
  ✅ CWEN: 33.42 (+0.10%)
  ✅ AVAV: 147.01 (-1.00%)
  ✅ ARKQ: 124.58 (+0.46%)
  ✅ BOTZ: 36.85 (+0.38%)
  ✅ COHR: 328.50 (-0.06%)
  ✅ VRT: 319.30 (-1.62%)
  ✅ TMO: 524.04 (-0.13%)
  ✅ AMAT: 580.31 (-2.93%)
  ✅ NTR: 64.88 (-1.32%)
  ✅ PKX: 52.06 (+4.05%)
  ✅ MC.PA: 491.30 (-0.32%)
  ✅ GEVO: 1.46 (-1.02%)
  ✅ HUYA: 2.48 (-1.18%)
  ✅ FCX: 60.53 (+0.07%)
  ✅ IAU: 76.89 (-0.72%)
  ✅ TSMC: 434.00 (-1.23%)
  ✅ ASML: 1785.33 (-1.72%)
  ✅ PL: 26.40 (-3.76%)

Written: /root/gods_plan/prices.json (36 tickers)
❌ Git push failed: b"To https://github.com/sobluenight10-commits/gods_plan.git\n ! [rejected]        master -> master (fetch first)\nerror: failed to push some refs to 'https://github.com/sobluenight10-commits/gods_plan.git'\nhint: Updates were rejected because the remote contains work that you do not\nhint: have locally. This is usually caused by another repository pushing to\nhint: the same ref. If you want to integrate the remote changes, use\nhint: 'git pull' before pushing again.\nhint: See the 'Note about fast-forwards' in 'git push --help' for details.\n"
[2026-07-13 07:05 Berlin] Fetching 36 tickers...
  ✅ 000660.KS: 1889000.00 (-15.10%)
  ✅ TSM: 434.11 (-1.20%)
  ✅ PLTR: 126.79 (-1.53%)
  ✅ 1810.HK: 25.92 (+0.31%)
  ✅ IONQ: 42.86 (-4.86%)
  ✅ NVDA: 210.96 (+4.27%)
  ✅ UEC: 10.53 (+3.34%)
  ✅ URNM: 53.29 (+1.89%)
  ✅ CCJ: 95.99 (-0.71%)
  ✅ OKLO: 48.85 (-1.81%)
  ✅ RKLB: 81.04 (-2.74%)
  ✅ ASTS: 73.32 (-0.92%)
  ✅ CRSP: 53.35 (-5.43%)
  ✅ NTLA: 14.22 (-7.69%)
  ✅ BEAM: 32.68 (-8.82%)
  ✅ 272210.KS: 65900.00 (-8.98%)
  ✅ KTOS: 48.19 (-1.75%)
  ✅ UUUU: 13.58 (-1.29%)
  ✅ CWEN: 33.67 (+0.83%)
  ✅ AVAV: 144.58 (-2.64%)
  ✅ ARKQ: 123.99 (-0.02%)
  ✅ BOTZ: 36.91 (+0.54%)
  ✅ COHR: 324.50 (-1.28%)
  ✅ VRT: 318.86 (-1.76%)
  ✅ TMO: 527.05 (+0.45%)
  ✅ AMAT: 602.50 (+0.79%)
  ✅ NTR: 65.43 (-0.49%)
  ✅ PKX: 52.28 (+4.48%)
  ✅ MC.PA: 489.90 (-0.61%)
  ✅ GEVO: 1.45 (-1.36%)
  ✅ HUYA: 2.45 (-2.37%)
  ✅ FCX: 61.52 (+1.70%)
  ✅ IAU: 77.26 (-0.25%)
  ✅ TSMC: 434.11 (-1.20%)
  ✅ ASML: 1797.32 (-1.06%)
  ✅ PL: 26.05 (-5.03%)

Written: /root/gods_plan/prices.json (36 tickers)
❌ Git push failed: b"To https://github.com/sobluenight10-commits/gods_plan.git\n ! [rejected]        master -> master (fetch first)\nerror: failed to push some refs to 'https://github.com/sobluenight10-commits/gods_plan.git'\nhint: Updates were rejected because the remote contains work that you do not\nhint: have locally. This is usually caused by another repository pushing to\nhint: the same ref. If you want to integrate the remote changes, use\nhint: 'git pull' before pushing again.\nhint: See the 'Note about fast-forwards' in 'git push --help' for details.\n"
[2026-07-13 15:35 Berlin] Fetching 36 tickers...
  ✅ 000660.KS: 1845000.00 (-15.37%)
  ✅ TSM: 436.27 (+0.11%)
  ✅ PLTR: 126.91 (+0.25%)
  ✅ 1810.HK: 25.84 (+0.00%)
  ✅ IONQ: 41.17 (-4.18%)
  ✅ NVDA: 209.93 (-0.30%)
  ✅ UEC: 10.22 (-3.04%)
  ✅ URNM: 51.75 (-3.29%)
  ✅ CCJ: 94.18 (-1.13%)
  ✅ OKLO: 47.42 (-2.93%)
  ✅ RKLB: 78.71 (-3.53%)
  ✅ ASTS: 70.86 (-3.70%)
  ✅ CRSP: 51.95 (-3.80%)
  ✅ NTLA: 13.53 (-4.72%)
  ✅ BEAM: 31.17 (-4.66%)
  ✅ 272210.KS: 66500.00 (-7.25%)
  ✅ KTOS: 48.95 (+1.39%)
  ✅ UUUU: 13.39 (-2.19%)
  ✅ CWEN: 33.80 (-0.88%)
  ✅ AVAV: 144.49 (-0.49%)
  ✅ ARKQ: 122.54 (-2.63%)
  ✅ BOTZ: 36.28 (-2.68%)
  ✅ COHR: 321.67 (-0.90%)
  ✅ VRT: 313.15 (-1.99%)
  ✅ TMO: 522.49 (-0.74%)
  ✅ AMAT: 578.30 (-4.38%)
  ✅ NTR: 66.93 (+2.92%)
  ✅ PKX: 51.90 (-0.73%)
  ✅ MC.PA: 490.15 (+0.31%)
  ✅ GEVO: 1.53 (+4.48%)
  ✅ HUYA: 2.40 (-2.04%)
  ✅ FCX: 61.58 (-0.03%)
  ✅ IAU: 76.31 (-1.80%)
  ✅ TSMC: 436.27 (+0.11%)
  ✅ ASML: 1757.65 (-2.35%)
  ✅ PL: 26.69 (+2.24%)

Written: /root/gods_plan/prices.json (36 tickers)
❌ Git push failed: b"To https://github.com/sobluenight10-commits/gods_plan.git\n ! [rejected]        master -> master (fetch first)\nerror: failed to push some refs to 'https://github.com/sobluenight10-commits/gods_plan.git'\nhint: Updates were rejected because the remote contains work that you do not\nhint: have locally. This is usually caused by another repository pushing to\nhint: the same ref. If you want to integrate the remote changes, use\nhint: 'git pull' before pushing again.\nhint: See the 'Note about fast-forwards' in 'git push --help' for details.\n"
[2026-07-14 07:05 Berlin] Fetching 36 tickers...
  ✅ 000660.KS: 1796000.00 (-5.57%)
  ✅ TSM: 421.58 (-3.26%)
  ✅ PLTR: 130.04 (+2.72%)
  ✅ 1810.HK: 25.66 (-0.70%)
  ✅ IONQ: 38.88 (-9.50%)
  ✅ NVDA: 203.53 (-3.34%)
  ✅ UEC: 10.07 (-4.46%)
  ✅ URNM: 50.21 (-6.17%)
  ✅ CCJ: 90.20 (-5.30%)
  ✅ OKLO: 45.81 (-6.22%)
  ✅ RKLB: 76.73 (-5.96%)
  ✅ ASTS: 67.58 (-8.15%)
  ✅ CRSP: 50.63 (-6.24%)
  ✅ NTLA: 13.02 (-8.31%)
  ✅ BEAM: 31.00 (-5.20%)
  ✅ 272210.KS: 62800.00 (-5.56%)
  ✅ KTOS: 46.96 (-2.73%)
  ✅ UUUU: 13.05 (-4.67%)
  ✅ CWEN: 33.19 (-2.67%)
  ✅ AVAV: 141.80 (-2.34%)
  ✅ ARKQ: 120.70 (-4.09%)
  ✅ BOTZ: 35.87 (-3.78%)
  ✅ COHR: 307.39 (-5.30%)
  ✅ VRT: 305.87 (-4.27%)
  ✅ TMO: 528.51 (+0.40%)
  ✅ AMAT: 575.39 (-4.86%)
  ✅ NTR: 67.60 (+3.96%)
  ✅ PKX: 51.22 (-2.03%)
  ✅ MC.PA: 491.50 (+0.58%)
  ✅ GEVO: 1.49 (+1.42%)
  ✅ HUYA: 2.37 (-3.27%)
  ✅ FCX: 59.97 (-2.65%)
  ✅ IAU: 75.25 (-3.15%)
  ✅ TSMC: 421.58 (-3.26%)
  ✅ ASML: 1726.04 (-4.11%)
  ✅ PL: 25.96 (-0.57%)

Written: /root/gods_plan/prices.json (36 tickers)
❌ Git push failed: b"To https://github.com/sobluenight10-commits/gods_plan.git\n ! [rejected]        master -> master (fetch first)\nerror: failed to push some refs to 'https://github.com/sobluenight10-commits/gods_plan.git'\nhint: Updates were rejected because the remote contains work that you do not\nhint: have locally. This is usually caused by another repository pushing to\nhint: the same ref. If you want to integrate the remote changes, use\nhint: 'git pull' before pushing again.\nhint: See the 'Note about fast-forwards' in 'git push --help' for details.\n"
[2026-07-14 15:35 Berlin] Fetching 36 tickers...
  ✅ 000660.KS: 1913000.00 (+3.69%)
  ✅ TSM: 425.59 (+0.62%)
  ✅ PLTR: 124.09 (-3.72%)
  ✅ 1810.HK: 26.04 (+0.77%)
  ✅ IONQ: 39.53 (+2.16%)
  ✅ NVDA: 204.84 (+0.78%)
  ✅ UEC: 10.43 (+3.77%)
  ✅ URNM: 51.32 (+1.24%)
  ✅ CCJ: 92.29 (+2.34%)
  ✅ OKLO: 46.68 (+2.14%)
  ✅ RKLB: 79.61 (+4.96%)
  ✅ ASTS: 68.89 (+2.86%)
  ✅ CRSP: 49.87 (-1.35%)
  ✅ NTLA: 13.04 (+0.31%)
  ✅ BEAM: 30.12 (-1.97%)
  ✅ 272210.KS: 62600.00 (-5.86%)
  ✅ KTOS: 48.55 (+3.25%)
  ✅ UUUU: 13.44 (+3.67%)
  ✅ CWEN: 34.18 (+3.14%)
  ✅ AVAV: 143.59 (+0.76%)
  ✅ ARKQ: 122.69 (+2.23%)
  ✅ BOTZ: 35.92 (-0.28%)
  ✅ COHR: 311.12 (+2.00%)
  ✅ VRT: 314.24 (+3.20%)
  ✅ TMO: 524.42 (-0.38%)
  ✅ AMAT: 597.96 (+4.09%)
  ✅ NTR: 68.22 (+1.03%)
  ✅ PKX: 51.64 (+0.78%)
  ✅ MC.PA: 483.60 (-1.50%)
  ✅ GEVO: 1.50 (+1.35%)
  ✅ HUYA: 2.41 (+1.69%)
  ✅ FCX: 62.61 (+4.66%)
  ✅ IAU: 76.70 (+1.85%)
  ✅ TSMC: 425.45 (+0.58%)
  ✅ ASML: 1777.66 (+3.05%)
  ✅ PL: 26.32 (+2.48%)

Written: /root/gods_plan/prices.json (36 tickers)
❌ Git push failed: b"To https://github.com/sobluenight10-commits/gods_plan.git\n ! [rejected]        master -> master (fetch first)\nerror: failed to push some refs to 'https://github.com/sobluenight10-commits/gods_plan.git'\nhint: Updates were rejected because the remote contains work that you do not\nhint: have locally. This is usually caused by another repository pushing to\nhint: the same ref. If you want to integrate the remote changes, use\nhint: 'git pull' before pushing again.\nhint: See the 'Note about fast-forwards' in 'git push --help' for details.\n"
[2026-07-15 07:05 Berlin] Fetching 36 tickers...
  ✅ 000660.KS: 2155000.00 (+13.78%)
  ✅ TSM: 420.39 (-0.61%)
  ✅ PLTR: 133.72 (+3.76%)
  ✅ 1810.HK: 25.82 (-0.84%)
  ✅ IONQ: 39.29 (+1.52%)
  ✅ NVDA: 211.80 (+4.21%)
  ✅ UEC: 10.39 (+3.37%)
  ✅ URNM: 51.59 (+1.78%)
  ✅ CCJ: 91.57 (+1.54%)
  ✅ OKLO: 46.24 (+1.18%)
  ✅ RKLB: 78.81 (+3.90%)
  ✅ ASTS: 68.82 (+2.76%)
  ✅ CRSP: 50.46 (-0.18%)
  ✅ NTLA: 13.30 (+2.31%)
  ✅ BEAM: 30.89 (+0.54%)
  ✅ 272210.KS: 65800.00 (+4.94%)
  ✅ KTOS: 50.36 (+7.10%)
  ✅ UUUU: 13.23 (+2.08%)
  ✅ CWEN: 34.45 (+3.95%)
  ✅ AVAV: 143.47 (+0.68%)
  ✅ ARKQ: 122.28 (+1.89%)
  ✅ BOTZ: 35.88 (-0.39%)
  ✅ COHR: 310.77 (+1.89%)
  ✅ VRT: 303.58 (-0.30%)
  ✅ TMO: 534.07 (+1.46%)
  ✅ AMAT: 595.70 (+3.70%)
  ✅ NTR: 68.64 (+1.64%)
  ✅ PKX: 51.61 (+0.72%)
  ✅ MC.PA: 482.95 (-1.63%)
  ✅ GEVO: 1.43 (-3.38%)
  ✅ HUYA: 2.39 (+0.84%)
  ✅ FCX: 61.95 (+3.56%)
  ✅ IAU: 76.27 (+1.27%)
  ✅ TSMC: 420.39 (-0.61%)
  ✅ ASML: 1775.64 (+2.94%)
  ✅ PL: 25.56 (-0.46%)

Written: /root/gods_plan/prices.json (36 tickers)
❌ Git push failed: b"To https://github.com/sobluenight10-commits/gods_plan.git\n ! [rejected]        master -> master (fetch first)\nerror: failed to push some refs to 'https://github.com/sobluenight10-commits/gods_plan.git'\nhint: Updates were rejected because the remote contains work that you do not\nhint: have locally. This is usually caused by another repository pushing to\nhint: the same ref. If you want to integrate the remote changes, use\nhint: 'git pull' before pushing again.\nhint: See the 'Note about fast-forwards' in 'git push --help' for details.\n"
[2026-07-15 15:35 Berlin] Fetching 36 tickers...
  ✅ 000660.KS: 2082000.00 (+8.83%)
  ✅ TSM: 427.30 (+0.81%)
  ✅ PLTR: 136.06 (+1.33%)
  ✅ 1810.HK: 25.86 (-0.69%)
  ✅ IONQ: 40.01 (+0.91%)
  ✅ NVDA: 213.35 (+0.72%)
  ✅ UEC: 10.47 (+0.19%)
  ✅ URNM: 51.80 (-0.27%)
  ✅ CCJ: 92.45 (+1.15%)
  ✅ OKLO: 47.46 (+2.06%)
  ✅ RKLB: 80.50 (+1.23%)
  ✅ ASTS: 69.22 (+0.53%)
  ✅ CRSP: 50.54 (-0.40%)
  ✅ NTLA: 13.23 (-0.68%)
  ✅ BEAM: 30.42 (-1.87%)
  ✅ 272210.KS: 65800.00 (+5.11%)
  ✅ KTOS: 54.00 (+5.24%)
  ✅ UUUU: 13.22 (-0.48%)
  ✅ CWEN: 34.97 (+1.67%)
  ✅ AVAV: 148.80 (+3.03%)
  ✅ ARKQ: 124.24 (+1.31%)
  ✅ BOTZ: 36.32 (+0.89%)
  ✅ COHR: 309.38 (-1.16%)
  ✅ VRT: 307.35 (+0.79%)
  ✅ TMO: 536.57 (+0.01%)
  ✅ AMAT: 596.72 (-1.38%)
  ✅ NTR: 68.64 (-0.88%)
  ✅ PKX: 52.94 (+1.34%)
  ✅ MC.PA: 487.90 (+0.82%)
  ✅ GEVO: 1.55 (+7.99%)
  ✅ HUYA: 2.47 (+3.30%)
  ✅ FCX: 62.14 (+0.31%)
  ✅ IAU: 76.33 (+0.05%)
  ✅ TSMC: 427.30 (+0.81%)
  ✅ ASML: 1780.37 (-1.46%)
  ✅ PL: 26.21 (+2.42%)

Written: /root/gods_plan/prices.json (36 tickers)
❌ Git push failed: b"To https://github.com/sobluenight10-commits/gods_plan.git\n ! [rejected]        master -> master (fetch first)\nerror: failed to push some refs to 'https://github.com/sobluenight10-commits/gods_plan.git'\nhint: Updates were rejected because the remote contains work that you do not\nhint: have locally. This is usually caused by another repository pushing to\nhint: the same ref. If you want to integrate the remote changes, use\nhint: 'git pull' before pushing again.\nhint: See the 'Note about fast-forwards' in 'git push --help' for details.\n"
[2026-07-16 07:05 Berlin] Fetching 36 tickers...
  ✅ 000660.KS: 1833000.00 (-13.37%)
  ✅ TSM: 419.48 (-1.04%)
  ✅ PLTR: 133.76 (-0.39%)
  ✅ 1810.HK: 27.48 (+6.26%)
  ✅ IONQ: 37.51 (-5.40%)
  ✅ NVDA: 212.50 (+0.32%)
  ✅ UEC: 10.11 (-3.25%)
  ✅ URNM: 50.88 (-2.04%)
  ✅ CCJ: 90.98 (-0.46%)
  ✅ OKLO: 45.69 (-1.74%)
  ✅ RKLB: 76.20 (-4.17%)
  ✅ ASTS: 66.31 (-3.70%)
  ✅ CRSP: 51.37 (+1.22%)
  ✅ NTLA: 13.04 (-2.10%)
  ✅ BEAM: 30.84 (-0.52%)
  ✅ 272210.KS: 65800.00 (-0.60%)
  ✅ KTOS: 49.68 (-3.18%)
  ✅ UUUU: 12.67 (-4.62%)
  ✅ CWEN: 34.45 (+0.17%)
  ✅ AVAV: 141.22 (-2.22%)
  ✅ ARKQ: 121.52 (-0.91%)
  ✅ BOTZ: 36.03 (+0.08%)
  ✅ COHR: 299.38 (-4.35%)
  ✅ VRT: 304.57 (-0.12%)
  ✅ TMO: 535.29 (-0.23%)
  ✅ AMAT: 579.43 (-4.24%)
  ✅ NTR: 68.33 (-1.33%)
  ✅ PKX: 51.89 (-0.67%)
  ✅ MC.PA: 495.80 (+2.45%)
  ✅ GEVO: 1.59 (+10.42%)
  ✅ HUYA: 2.40 (+0.42%)
  ✅ FCX: 60.97 (-1.58%)
  ✅ IAU: 76.28 (-0.03%)
  ✅ TSMC: 419.48 (-1.04%)
  ✅ ASML: 1815.27 (+0.47%)
  ✅ PL: 24.90 (-2.70%)

Written: /root/gods_plan/prices.json (36 tickers)
❌ Git push failed: b"To https://github.com/sobluenight10-commits/gods_plan.git\n ! [rejected]        master -> master (fetch first)\nerror: failed to push some refs to 'https://github.com/sobluenight10-commits/gods_plan.git'\nhint: Updates were rejected because the remote contains work that you do not\nhint: have locally. This is usually caused by another repository pushing to\nhint: the same ref. If you want to integrate the remote changes, use\nhint: 'git pull' before pushing again.\nhint: See the 'Note about fast-forwards' in 'git push --help' for details.\n"
[2026-07-16 15:35 Berlin] Fetching 36 tickers...
  ✅ 000660.KS: 1842000.00 (-11.53%)
  ✅ TSM: 411.50 (-2.83%)
  ✅ PLTR: 130.55 (-2.40%)
  ✅ 1810.HK: 27.50 (+6.34%)
  ✅ IONQ: 36.60 (-3.19%)
  ✅ NVDA: 209.35 (-0.90%)
  ✅ UEC: 9.82 (-3.16%)
  ✅ URNM: 50.09 (-1.37%)
  ✅ CCJ: 88.62 (-2.52%)
  ✅ OKLO: 43.54 (-4.34%)
  ✅ RKLB: 72.16 (-4.32%)
  ✅ ASTS: 60.98 (+5.12%)
  ✅ CRSP: 49.21 (-4.46%)
  ✅ NTLA: 12.10 (-6.49%)
  ✅ BEAM: 28.95 (-5.84%)
  ✅ 272210.KS: 65500.00 (-0.46%)
  ✅ KTOS: 48.61 (-2.31%)
  ✅ UUUU: 12.20 (-3.94%)
  ✅ CWEN: 34.23 (-0.64%)
  ✅ AVAV: 149.19 (+5.55%)
  ✅ ARKQ: 120.24 (-0.04%)
  ✅ BOTZ: 35.72 (-2.32%)
  ✅ COHR: 282.54 (-3.74%)
  ✅ VRT: 298.40 (-1.85%)
  ✅ TMO: 535.98 (+1.27%)
  ✅ AMAT: 568.40 (-2.29%)
  ✅ NTR: 67.30 (+0.40%)
  ✅ PKX: 51.47 (-1.64%)
  ✅ MC.PA: 494.40 (+0.32%)
  ✅ GEVO: 1.64 (+3.56%)
  ✅ HUYA: 2.43 (+0.83%)
  ✅ FCX: 59.52 (-2.71%)
  ✅ IAU: 75.04 (-1.72%)
  ✅ TSMC: 410.49 (-3.07%)
  ✅ ASML: 1810.69 (+0.07%)
  ✅ PL: 23.32 (-2.95%)

Written: /root/gods_plan/prices.json (36 tickers)
❌ Git push failed: b"To https://github.com/sobluenight10-commits/gods_plan.git\n ! [rejected]        master -> master (fetch first)\nerror: failed to push some refs to 'https://github.com/sobluenight10-commits/gods_plan.git'\nhint: Updates were rejected because the remote contains work that you do not\nhint: have locally. This is usually caused by another repository pushing to\nhint: the same ref. If you want to integrate the remote changes, use\nhint: 'git pull' before pushing again.\nhint: See the 'Note about fast-forwards' in 'git push --help' for details.\n"
[2026-07-17 07:05 Berlin] Fetching 36 tickers...
  ✅ 000660.KS: 1842000.00 (-11.53%)
  ✅ TSM: 409.74 (-3.24%)
  ✅ PLTR: 134.44 (+0.51%)
  ✅ 1810.HK: 26.92 (-2.11%)
  ✅ IONQ: 35.10 (-7.14%)
  ✅ NVDA: 207.40 (-1.82%)
  ✅ UEC: 9.33 (-7.99%)
  ✅ URNM: 48.77 (-3.96%)
  ✅ CCJ: 87.36 (-3.90%)
  ✅ OKLO: 41.70 (-8.39%)
  ✅ RKLB: 67.35 (-10.70%)
  ✅ ASTS: 55.01 (-5.17%)
  ✅ CRSP: 48.57 (-5.69%)
  ✅ NTLA: 11.86 (-8.35%)
  ✅ BEAM: 28.39 (-7.67%)
  ✅ 272210.KS: 65500.00 (-0.46%)
  ✅ KTOS: 46.96 (-5.63%)
  ✅ UUUU: 11.67 (-8.11%)
  ✅ CWEN: 33.77 (-1.97%)
  ✅ AVAV: 149.29 (+5.62%)
  ✅ ARKQ: 118.14 (-1.78%)
  ✅ BOTZ: 35.53 (-2.84%)
  ✅ COHR: 276.96 (-5.64%)
  ✅ VRT: 294.11 (-3.26%)
  ✅ TMO: 543.19 (+2.63%)
  ✅ AMAT: 560.93 (-3.58%)
  ✅ NTR: 67.10 (+0.10%)
  ✅ PKX: 51.20 (-2.16%)
  ✅ MC.PA: 503.10 (+2.09%)
  ✅ GEVO: 1.59 (+0.10%)
  ✅ HUYA: 2.40 (-0.41%)
  ✅ FCX: 58.56 (-4.28%)
  ✅ IAU: 74.80 (-2.03%)
  ✅ TSMC: 409.74 (-3.24%)
  ✅ ASML: 1784.87 (-1.36%)
  ✅ PL: 22.09 (-8.07%)

Written: /root/gods_plan/prices.json (36 tickers)
❌ Git push failed: b"To https://github.com/sobluenight10-commits/gods_plan.git\n ! [rejected]        master -> master (fetch first)\nerror: failed to push some refs to 'https://github.com/sobluenight10-commits/gods_plan.git'\nhint: Updates were rejected because the remote contains work that you do not\nhint: have locally. This is usually caused by another repository pushing to\nhint: the same ref. If you want to integrate the remote changes, use\nhint: 'git pull' before pushing again.\nhint: See the 'Note about fast-forwards' in 'git push --help' for details.\n"
[2026-07-17 15:35 Berlin] Fetching 36 tickers...
  ✅ 000660.KS: 1842000.00 (-11.53%)
  ✅ TSM: 390.08 (-4.00%)
  ✅ PLTR: 130.68 (-1.70%)
  ✅ 1810.HK: 26.88 (-2.25%)
  ✅ IONQ: 34.00 (-2.38%)
  ✅ NVDA: 200.01 (-2.89%)
  ✅ UEC: 9.10 (-2.99%)
  ✅ URNM: 47.30 (-2.87%)
  ✅ CCJ: 83.90 (-3.81%)
  ✅ OKLO: 40.10 (-2.85%)
  ✅ RKLB: 65.52 (-0.92%)
  ✅ ASTS: 55.35 (+2.17%)
  ✅ CRSP: 47.60 (-2.54%)
  ✅ NTLA: 11.45 (-4.78%)
  ✅ BEAM: 27.38 (-5.11%)
  ✅ 272210.KS: 65500.00 (-0.46%)
  ✅ KTOS: 46.06 (-2.42%)
  ✅ UUUU: 11.34 (-2.90%)
  ✅ CWEN: 33.43 (-2.16%)
  ✅ AVAV: 142.51 (-3.78%)
  ✅ ARKQ: 114.64 (-2.66%)
  ✅ BOTZ: 34.06 (-3.95%)
  ✅ COHR: 262.80 (-3.19%)
  ✅ VRT: 276.51 (-5.30%)
  ✅ TMO: 538.93 (-0.94%)
  ✅ AMAT: 523.37 (-6.04%)
  ✅ NTR: 67.76 (+0.10%)
  ✅ PKX: 50.45 (-2.87%)
  ✅ MC.PA: 494.05 (-1.47%)
  ✅ GEVO: 1.59 (-0.94%)
  ✅ HUYA: 2.38 (-0.63%)
  ✅ FCX: 56.52 (-3.36%)
  ✅ IAU: 74.60 (-0.47%)
  ✅ TSMC: 390.08 (-4.00%)
  ✅ ASML: 1720.06 (-2.59%)
  ✅ PL: 21.40 (-2.55%)

Written: /root/gods_plan/prices.json (36 tickers)
❌ Git push failed: b"To https://github.com/sobluenight10-commits/gods_plan.git\n ! [rejected]        master -> master (fetch first)\nerror: failed to push some refs to 'https://github.com/sobluenight10-commits/gods_plan.git'\nhint: Updates were rejected because the remote contains work that you do not\nhint: have locally. This is usually caused by another repository pushing to\nhint: the same ref. If you want to integrate the remote changes, use\nhint: 'git pull' before pushing again.\nhint: See the 'Note about fast-forwards' in 'git push --help' for details.\n"
[2026-07-20 07:05 Berlin] Fetching 36 tickers...
  ✅ 000660.KS: 1803000.00 (-3.17%)
  ✅ TSM: 398.37 (-1.96%)
  ✅ PLTR: 132.38 (-0.42%)
  ✅ 1810.HK: 27.54 (+2.46%)
  ✅ IONQ: 34.78 (-0.14%)
  ✅ NVDA: 202.81 (-1.53%)
  ✅ UEC: 9.28 (-1.07%)
  ✅ URNM: 48.22 (-0.99%)
  ✅ CCJ: 85.62 (-1.83%)
  ✅ OKLO: 41.11 (-0.41%)
  ✅ RKLB: 67.62 (+2.25%)
  ✅ ASTS: 57.80 (+6.69%)
  ✅ CRSP: 47.78 (-2.17%)
  ✅ NTLA: 11.38 (-5.44%)
  ✅ BEAM: 27.53 (-4.58%)
  ✅ 272210.KS: 61700.00 (-5.80%)
  ✅ KTOS: 46.03 (-2.48%)
  ✅ UUUU: 11.49 (-1.61%)
  ✅ CWEN: 33.41 (-2.22%)
  ✅ AVAV: 142.20 (-3.99%)
  ✅ ARKQ: 116.14 (-1.38%)
  ✅ BOTZ: 34.40 (-2.99%)
  ✅ COHR: 277.60 (+2.26%)
  ✅ VRT: 289.56 (-0.84%)
  ✅ TMO: 532.48 (-2.13%)
  ✅ AMAT: 529.66 (-4.91%)
  ✅ NTR: 67.28 (-0.62%)
  ✅ PKX: 50.80 (-2.19%)
  ✅ MC.PA: 495.10 (-1.26%)
  ✅ GEVO: 1.63 (+1.87%)
  ✅ HUYA: 2.40 (+0.00%)
  ✅ FCX: 58.38 (-0.18%)
  ✅ IAU: 75.50 (+0.73%)
  ✅ TSMC: 398.37 (-1.96%)
  ✅ ASML: 1747.58 (-1.03%)
  ✅ PL: 22.47 (+2.32%)

Written: /root/gods_plan/prices.json (36 tickers)
❌ Git push failed: b"remote: Invalid username or token. Password authentication is not supported for Git operations.\nfatal: Authentication failed for 'https://github.com/sobluenight10-commits/gods_plan.git/'\n"
[2026-07-20 15:35 Berlin] Fetching 36 tickers...
  ✅ 000660.KS: 1764000.00 (-4.23%)
  ✅ TSM: 408.59 (+2.73%)
  ✅ PLTR: 133.30 (+1.23%)
  ✅ 1810.HK: 27.74 (+3.20%)
  ✅ IONQ: 35.80 (+2.34%)
  ✅ NVDA: 206.76 (+2.11%)
  ✅ UEC: 9.42 (+1.51%)
  ✅ URNM: 48.65 (-0.18%)
  ✅ CCJ: 85.17 (-1.88%)
  ✅ OKLO: 42.37 (+2.81%)
  ✅ RKLB: 68.03 (-0.25%)
  ✅ ASTS: 58.10 (-0.42%)
  ✅ CRSP: 48.01 (+0.22%)
  ✅ NTLA: 11.47 (-0.17%)
  ✅ BEAM: 28.07 (-0.96%)
  ✅ 272210.KS: 61100.00 (-6.72%)
  ✅ KTOS: 46.81 (+1.32%)
  ✅ UUUU: 11.64 (+1.48%)
  ✅ CWEN: 33.68 (-0.94%)
  ✅ AVAV: 142.50 (-0.30%)
  ✅ ARKQ: 118.04 (+2.97%)
  ✅ BOTZ: 34.64 (+0.58%)
  ✅ COHR: 294.70 (+6.32%)
  ✅ VRT: 299.92 (+3.76%)
  ✅ TMO: 527.72 (-0.99%)
  ✅ AMAT: 552.78 (+5.85%)
  ✅ NTR: 66.82 (-0.05%)
  ✅ PKX: 50.90 (-0.21%)
  ✅ MC.PA: 484.90 (-1.94%)
  ✅ GEVO: 1.74 (+5.56%)
  ✅ HUYA: 2.42 (+0.83%)
  ✅ FCX: 59.11 (+1.21%)
  ✅ IAU: 75.42 (+0.02%)
  ✅ TSMC: 408.59 (+2.73%)
  ✅ ASML: 1792.89 (+2.96%)
  ✅ PL: 22.75 (+0.73%)

Written: /root/gods_plan/prices.json (36 tickers)
❌ Git push failed: b"remote: Invalid username or token. Password authentication is not supported for Git operations.\nfatal: Authentication failed for 'https://github.com/sobluenight10-commits/gods_plan.git/'\n"
[2026-07-21 07:05 Berlin] Fetching 36 tickers...
  ✅ 000660.KS: 1865000.00 (+5.13%)
  ✅ TSM: 402.30 (+1.15%)
  ✅ PLTR: 134.85 (+2.41%)
  ✅ 1810.HK: 27.86 (+0.43%)
  ✅ IONQ: 34.24 (-2.12%)
  ✅ NVDA: 203.28 (+0.39%)
  ✅ UEC: 9.40 (+1.29%)
  ✅ URNM: 48.25 (-1.01%)
  ✅ CCJ: 84.85 (-2.25%)
  ✅ OKLO: 41.51 (+0.73%)
  ✅ RKLB: 65.74 (-3.61%)
  ✅ ASTS: 57.42 (-1.59%)
  ✅ CRSP: 46.99 (-1.90%)
  ✅ NTLA: 10.92 (-4.96%)
  ✅ BEAM: 26.33 (-7.09%)
  ✅ 272210.KS: 61400.00 (+0.33%)
  ✅ KTOS: 45.94 (-0.56%)
  ✅ UUUU: 11.74 (+2.36%)
  ✅ CWEN: 33.33 (-1.97%)
  ✅ AVAV: 142.60 (-0.23%)
  ✅ ARKQ: 116.63 (+1.74%)
  ✅ BOTZ: 34.25 (-0.55%)
  ✅ COHR: 285.40 (+2.96%)
  ✅ VRT: 291.67 (+0.91%)
  ✅ TMO: 526.23 (-1.27%)
  ✅ AMAT: 525.70 (+0.66%)
  ✅ NTR: 66.66 (-0.28%)
  ✅ PKX: 50.63 (-0.73%)
  ✅ MC.PA: 486.85 (-1.55%)
  ✅ GEVO: 1.72 (+4.65%)
  ✅ HUYA: 2.38 (-0.83%)
  ✅ FCX: 58.79 (+0.66%)
  ✅ IAU: 75.35 (-0.07%)
  ✅ TSMC: 402.30 (+1.15%)
  ✅ ASML: 1739.02 (-0.13%)
  ✅ PL: 22.15 (-1.90%)

Written: /root/gods_plan/prices.json (36 tickers)
❌ Git push failed: b"remote: Invalid username or token. Password authentication is not supported for Git operations.\nfatal: Authentication failed for 'https://github.com/sobluenight10-commits/gods_plan.git/'\n"
[2026-07-21 15:35 Berlin] Fetching 36 tickers...
  ✅ 000660.KS: 1836000.00 (+4.08%)
  ✅ TSM: 415.79 (+3.11%)
  ✅ PLTR: 133.67 (-0.56%)
  ✅ 1810.HK: 27.42 (-1.15%)
  ✅ IONQ: 35.39 (+2.58%)
  ✅ NVDA: 206.44 (+1.65%)
  ✅ UEC: 9.66 (+2.44%)
  ✅ URNM: 49.04 (+2.02%)
  ✅ CCJ: 86.32 (+1.56%)
  ✅ OKLO: 42.92 (+2.56%)
  ✅ RKLB: 66.36 (+0.48%)
  ✅ ASTS: 59.01 (+2.34%)
  ✅ CRSP: 47.10 (-0.73%)
  ✅ NTLA: 10.96 (-0.72%)
  ✅ BEAM: 26.33 (-2.19%)
  ✅ 272210.KS: 60600.00 (-0.82%)
  ✅ KTOS: 45.99 (-0.17%)
  ✅ UUUU: 11.97 (+1.61%)
  ✅ CWEN: 33.37 (+0.12%)
  ✅ AVAV: 142.80 (-0.03%)
  ✅ ARKQ: 118.51 (-1.02%)
  ✅ BOTZ: 34.78 (+0.88%)
  ✅ COHR: 304.28 (+6.10%)
  ✅ VRT: 300.93 (+2.71%)
  ✅ TMO: 509.36 (-3.33%)
  ✅ AMAT: 553.72 (+5.67%)
  ✅ NTR: 66.79 (+0.16%)
  ✅ PKX: 50.63 (-0.73%)
  ✅ MC.PA: 480.60 (-1.51%)
  ✅ GEVO: 1.73 (+0.03%)
  ✅ HUYA: 2.39 (+1.48%)
  ✅ FCX: 60.76 (+3.24%)
  ✅ IAU: 76.30 (+1.25%)
  ✅ TSMC: 415.79 (+3.11%)
  ✅ ASML: 1792.13 (+3.11%)
  ✅ PL: 22.48 (+0.22%)

Written: /root/gods_plan/prices.json (36 tickers)
❌ Git push failed: b"remote: Invalid username or token. Password authentication is not supported for Git operations.\nfatal: Authentication failed for 'https://github.com/sobluenight10-commits/gods_plan.git/'\n"
[2026-07-22 07:05 Berlin] Fetching 36 tickers...
  ✅ 000660.KS: 1940000.00 (+5.09%)
  ✅ TSM: 424.61 (+5.30%)
  ✅ PLTR: 132.66 (-1.31%)
  ✅ 1810.HK: 26.68 (-2.70%)
  ✅ IONQ: 35.51 (+2.93%)
  ✅ NVDA: 207.29 (+2.07%)
  ✅ UEC: 9.55 (+1.27%)
  ✅ URNM: 50.17 (+4.37%)
  ✅ CCJ: 88.68 (+4.35%)
  ✅ OKLO: 44.13 (+5.45%)
  ✅ RKLB: 69.12 (+4.66%)
  ✅ ASTS: 63.34 (+9.84%)
  ✅ CRSP: 48.15 (+1.48%)
  ✅ NTLA: 11.47 (+3.90%)
  ✅ BEAM: 27.29 (+1.37%)
  ✅ 272210.KS: 63500.00 (+4.35%)
  ✅ KTOS: 48.21 (+4.65%)
  ✅ UUUU: 12.35 (+4.84%)
  ✅ CWEN: 33.61 (+0.84%)
  ✅ AVAV: 148.84 (+4.20%)
  ✅ ARKQ: 120.10 (+0.30%)
  ✅ BOTZ: 34.89 (+1.20%)
  ✅ COHR: 317.22 (+10.61%)
  ✅ VRT: 304.50 (+3.93%)
  ✅ TMO: 523.46 (-0.66%)
  ✅ AMAT: 564.55 (+7.74%)
  ✅ NTR: 66.84 (+0.24%)
  ✅ PKX: 51.76 (+2.23%)
  ✅ MC.PA: 478.55 (-1.93%)
  ✅ GEVO: 1.73 (+0.03%)
  ✅ HUYA: 2.39 (+1.27%)
  ✅ FCX: 62.56 (+6.29%)
  ✅ IAU: 76.82 (+1.94%)
  ✅ TSMC: 424.61 (+5.30%)
  ✅ ASML: 1801.51 (+3.65%)
  ✅ PL: 23.10 (+2.99%)

Written: /root/gods_plan/prices.json (36 tickers)
❌ Git push failed: b"remote: Invalid username or token. Password authentication is not supported for Git operations.\nfatal: Authentication failed for 'https://github.com/sobluenight10-commits/gods_plan.git/'\n"
[2026-07-22 15:35 Berlin] Fetching 36 tickers...
  ✅ 000660.KS: 1830000.00 (-0.33%)
  ✅ TSM: 417.58 (-1.69%)
  ✅ PLTR: 129.32 (-1.86%)
  ✅ 1810.HK: 26.68 (-2.70%)
  ✅ IONQ: 35.78 (-2.05%)
  ✅ NVDA: 206.78 (+0.21%)
  ✅ UEC: 9.69 (+0.76%)
  ✅ URNM: 51.15 (+0.49%)
  ✅ CCJ: 90.75 (+1.39%)
  ✅ OKLO: 45.76 (-2.71%)
  ✅ RKLB: 71.64 (-3.16%)
  ✅ ASTS: 63.55 (-1.93%)
  ✅ CRSP: 47.92 (-0.68%)
  ✅ NTLA: 11.38 (-1.39%)
  ✅ BEAM: 26.97 (-1.37%)
  ✅ 272210.KS: 61900.00 (+2.15%)
  ✅ KTOS: 49.10 (+0.95%)
  ✅ UUUU: 12.56 (+1.54%)
  ✅ CWEN: 33.87 (+0.53%)
  ✅ AVAV: 152.63 (+1.11%)
  ✅ ARKQ: 119.79 (-0.82%)
  ✅ BOTZ: 35.01 (+0.32%)
  ✅ COHR: 315.55 (-1.49%)
  ✅ VRT: 294.83 (-3.68%)
  ✅ TMO: 527.77 (+0.46%)
  ✅ AMAT: 556.85 (-1.68%)
  ✅ NTR: 68.27 (+2.66%)
  ✅ PKX: 51.72 (-0.07%)
  ✅ MC.PA: 477.40 (-0.30%)
  ✅ GEVO: 1.75 (+2.03%)
  ✅ HUYA: 2.41 (+0.84%)
  ✅ FCX: 63.31 (+1.69%)
  ✅ IAU: 77.83 (+1.38%)
  ✅ TSMC: 418.00 (-1.59%)
  ✅ ASML: 1781.52 (-1.14%)
  ✅ PL: 22.90 (-3.21%)

Written: /root/gods_plan/prices.json (36 tickers)
❌ Git push failed: b"remote: Invalid username or token. Password authentication is not supported for Git operations.\nfatal: Authentication failed for 'https://github.com/sobluenight10-commits/gods_plan.git/'\n"
[2026-07-23 07:05 Berlin] Fetching 36 tickers...
  ✅ 000660.KS: 1919000.00 (+3.12%)
  ✅ TSM: 421.21 (-0.84%)
  ✅ PLTR: 124.57 (-5.46%)
  ✅ 1810.HK: 27.08 (+1.50%)
  ✅ IONQ: 34.68 (-5.06%)
  ✅ NVDA: 212.06 (+2.77%)
  ✅ UEC: 9.73 (+1.12%)
  ✅ URNM: 51.08 (+0.35%)
  ✅ CCJ: 90.37 (+0.97%)
  ✅ OKLO: 44.50 (-5.39%)
  ✅ RKLB: 69.75 (-5.72%)
  ✅ ASTS: 61.95 (-4.40%)
  ✅ CRSP: 47.24 (-2.09%)
  ✅ NTLA: 11.13 (-3.55%)
  ✅ BEAM: 26.64 (-2.56%)
  ✅ 272210.KS: 67500.00 (+7.66%)
  ✅ KTOS: 47.89 (-1.54%)
  ✅ UUUU: 12.31 (-0.48%)
  ✅ CWEN: 33.68 (-0.03%)
  ✅ AVAV: 150.35 (-0.40%)
  ✅ ARKQ: 119.14 (-1.36%)
  ✅ BOTZ: 34.89 (-0.03%)
  ✅ COHR: 312.19 (-2.54%)
  ✅ VRT: 301.16 (-1.61%)
  ✅ TMO: 526.46 (+0.21%)
  ✅ AMAT: 553.92 (-2.20%)
  ✅ NTR: 68.50 (+3.01%)
  ✅ PKX: 51.81 (+0.10%)
  ✅ MC.PA: 474.00 (-1.01%)
  ✅ GEVO: 1.75 (+2.33%)
  ✅ HUYA: 2.38 (-0.42%)
  ✅ FCX: 65.00 (+4.42%)
  ✅ IAU: 77.69 (+1.20%)
  ✅ TSMC: 421.21 (-0.84%)
  ✅ ASML: 1801.86 (-0.01%)
  ✅ PL: 22.60 (-4.48%)

Written: /root/gods_plan/prices.json (36 tickers)
❌ Git push failed: b"remote: Invalid username or token. Password authentication is not supported for Git operations.\nfatal: Authentication failed for 'https://github.com/sobluenight10-commits/gods_plan.git/'\n"
[2026-07-23 15:35 Berlin] Fetching 36 tickers...
  ✅ 000660.KS: 1919000.00 (+4.86%)
  ✅ TSM: 416.69 (-1.35%)
  ✅ PLTR: 123.36 (-1.43%)
  ✅ 1810.HK: 27.14 (+1.72%)
  ✅ IONQ: 34.46 (-0.76%)
  ✅ NVDA: 209.04 (-1.42%)
  ✅ UEC: 9.66 (-1.18%)
  ✅ URNM: 50.52 (-1.97%)
  ✅ CCJ: 88.97 (-1.61%)
  ✅ OKLO: 43.60 (-1.92%)
  ✅ RKLB: 69.18 (-0.27%)
  ✅ ASTS: 61.41 (-1.27%)
  ✅ CRSP: 47.52 (+0.34%)
  ✅ NTLA: 11.19 (-0.75%)
  ✅ BEAM: 26.58 (-0.52%)
  ✅ 272210.KS: 69700.00 (+12.60%)
  ✅ KTOS: 49.17 (+1.38%)
  ✅ UUUU: 12.16 (-0.81%)
  ✅ CWEN: 33.17 (-1.10%)
  ✅ AVAV: 157.00 (+4.15%)
  ✅ ARKQ: 117.83 (-0.46%)
  ✅ BOTZ: 34.60 (-1.11%)
  ✅ COHR: 310.72 (-1.74%)
  ✅ VRT: 306.05 (+0.94%)
  ✅ TMO: 580.94 (+9.61%)
  ❌ AMAT: 'NoneType' object is not subscriptable
  ❌ NTR: 'NoneType' object is not subscriptable
  ❌ PKX: 'NoneType' object is not subscriptable
  ❌ MC.PA: 'NoneType' object is not subscriptable
  ❌ GEVO: 'NoneType' object is not subscriptable
  ✅ HUYA: 2.39 (-2.01%)
  ✅ FCX: 64.92 (+0.33%)
  ✅ IAU: 76.36 (-1.48%)
  ✅ TSMC: 416.37 (-1.43%)
  ✅ ASML: 1789.59 (-1.04%)
  ✅ PL: 22.20 (-0.80%)

Errors (5): AMAT: 'NoneType' object is not subscriptable, NTR: 'NoneType' object is not subscriptable, PKX: 'NoneType' object is not subscriptable, MC.PA: 'NoneType' object is not subscriptable, GEVO: 'NoneType' object is not subscriptable

Written: /root/gods_plan/prices.json (31 tickers)
❌ Git push failed: b"remote: Invalid username or token. Password authentication is not supported for Git operations.\nfatal: Authentication failed for 'https://github.com/sobluenight10-commits/gods_plan.git/'\n"
[2026-07-24 07:05 Berlin] Fetching 36 tickers...
  ✅ 000660.KS: 1768000.00 (-6.90%)
  ✅ TSM: 415.58 (-1.61%)
  ✅ PLTR: 123.37 (-1.42%)
  ✅ 1810.HK: 26.62 (-1.92%)
  ✅ IONQ: 34.07 (-1.88%)
  ✅ NVDA: 208.76 (-1.55%)
  ✅ UEC: 9.83 (+0.61%)
  ✅ URNM: 51.04 (-0.97%)
  ✅ CCJ: 89.33 (-1.22%)
  ✅ OKLO: 44.00 (-1.01%)
  ✅ RKLB: 69.99 (+0.89%)
  ✅ ASTS: 59.18 (-4.86%)
  ✅ CRSP: 47.53 (+0.36%)
  ✅ NTLA: 11.10 (-1.51%)
  ✅ BEAM: 25.91 (-3.03%)
  ✅ 272210.KS: 67900.00 (-0.44%)
  ✅ KTOS: 49.44 (+1.94%)
  ✅ UUUU: 12.01 (-2.04%)
  ✅ CWEN: 33.57 (+0.09%)
  ✅ AVAV: 158.73 (+5.29%)
  ✅ ARKQ: 116.85 (-1.28%)
  ✅ BOTZ: 34.31 (-1.94%)
  ✅ COHR: 313.22 (-0.95%)
  ✅ VRT: 304.04 (+0.28%)
  ✅ TMO: 572.32 (+7.98%)
  ✅ AMAT: 562.80 (+0.49%)
  ✅ NTR: 68.54 (+0.13%)
  ✅ PKX: 53.34 (+2.97%)
  ✅ MC.PA: 453.55 (-4.79%)
  ✅ GEVO: 1.83 (+5.17%)
  ✅ HUYA: 2.40 (-1.60%)
  ✅ FCX: 63.50 (-1.85%)
  ✅ IAU: 76.15 (-1.75%)
  ✅ TSMC: 415.58 (-1.61%)
  ✅ ASML: 1803.00 (-0.30%)
  ✅ PL: 22.36 (-0.09%)

Written: /root/gods_plan/prices.json (36 tickers)
❌ Git push failed: b"remote: Invalid username or token. Password authentication is not supported for Git operations.\nfatal: Authentication failed for 'https://github.com/sobluenight10-commits/gods_plan.git/'\n"
[2026-07-24 15:35 Berlin] Fetching 36 tickers...
  ✅ 000660.KS: 1759000.00 (-8.34%)
  ✅ TSM: 412.52 (-0.57%)
  ✅ PLTR: 123.87 (+0.93%)
  ✅ 1810.HK: 26.72 (-1.55%)
  ✅ IONQ: 34.11 (-0.52%)
  ✅ NVDA: 208.30 (+0.15%)
  ✅ UEC: 9.65 (-2.53%)
  ✅ URNM: 50.21 (-1.64%)
  ✅ CCJ: 88.17 (-1.15%)
  ✅ OKLO: 43.35 (-2.13%)
  ✅ RKLB: 68.90 (-0.86%)
  ✅ ASTS: 59.09 (-0.17%)
  ✅ CRSP: 47.44 (-0.14%)
  ✅ NTLA: 11.18 (+0.13%)
  ✅ BEAM: 25.72 (-1.04%)
  ✅ 272210.KS: 68200.00 (-2.15%)
  ✅ KTOS: 49.58 (-0.29%)
  ✅ UUUU: 11.68 (-3.14%)
  ✅ CWEN: 33.80 (+0.69%)
  ✅ AVAV: 157.27 (-1.39%)
  ✅ ARKQ: 116.74 (+0.41%)
  ✅ BOTZ: 34.08 (-2.08%)
  ✅ COHR: 307.86 (-1.81%)
  ✅ VRT: 300.48 (-1.16%)
  ✅ TMO: 561.37 (-1.51%)
  ✅ AMAT: 557.25 (-3.08%)
  ✅ NTR: 68.44 (-0.80%)
  ✅ PKX: 53.18 (-0.30%)
  ✅ MC.PA: 455.75 (+0.36%)
  ✅ GEVO: 1.77 (-3.89%)
  ✅ HUYA: 2.40 (+0.00%)
  ✅ FCX: 61.99 (-2.45%)
  ✅ IAU: 76.16 (-0.02%)
  ✅ TSMC: 412.31 (-0.62%)
  ✅ ASML: 1793.05 (-1.84%)
  ✅ PL: 21.92 (-2.04%)

Written: /root/gods_plan/prices.json (36 tickers)
❌ Git push failed: b"remote: Invalid username or token. Password authentication is not supported for Git operations.\nfatal: Authentication failed for 'https://github.com/sobluenight10-commits/gods_plan.git/'\n"
[2026-07-27 07:05 Berlin] Fetching 36 tickers...
  ✅ 000660.KS: 1774000.00 (+0.00%)
  ✅ TSM: 403.41 (-2.77%)
  ✅ PLTR: 122.92 (+0.15%)
  ✅ 1810.HK: 28.76 (+7.63%)
  ✅ IONQ: 32.84 (-4.23%)
  ✅ NVDA: 206.84 (-0.55%)
  ✅ UEC: 9.51 (-3.94%)
  ✅ URNM: 49.43 (-3.15%)
  ✅ CCJ: 87.86 (-1.49%)
  ✅ OKLO: 40.25 (-9.14%)
  ✅ RKLB: 63.91 (-8.04%)
  ✅ ASTS: 56.20 (-5.05%)
  ✅ CRSP: 46.54 (-2.04%)
  ✅ NTLA: 10.73 (-3.85%)
  ✅ BEAM: 25.10 (-3.42%)
  ✅ 272210.KS: 62800.00 (-6.96%)
  ✅ KTOS: 47.35 (-4.77%)
  ✅ UUUU: 11.30 (-6.29%)
  ✅ CWEN: 32.09 (-4.41%)
  ✅ AVAV: 149.51 (-6.26%)
  ✅ ARKQ: 114.02 (-1.93%)
  ✅ BOTZ: 33.83 (-2.79%)
  ✅ COHR: 282.39 (-9.93%)
  ✅ VRT: 290.36 (-4.49%)
  ✅ TMO: 568.26 (-0.31%)
  ✅ AMAT: 536.25 (-6.73%)
  ✅ NTR: 68.10 (-1.29%)
  ✅ PKX: 52.34 (-1.87%)
  ✅ MC.PA: 461.70 (+1.67%)
  ✅ GEVO: 1.62 (-12.01%)
  ✅ HUYA: 2.36 (-1.67%)
  ✅ FCX: 62.60 (-1.49%)
  ✅ IAU: 76.23 (+0.07%)
  ✅ TSMC: 403.41 (-2.77%)
  ✅ ASML: 1757.09 (-3.81%)
  ✅ PL: 20.47 (-8.52%)

Written: /root/gods_plan/prices.json (36 tickers)
❌ Git push failed: b"remote: Invalid username or token. Password authentication is not supported for Git operations.\nfatal: Authentication failed for 'https://github.com/sobluenight10-commits/gods_plan.git/'\n"
[2026-07-27 15:35 Berlin] Fetching 36 tickers...
  ✅ 000660.KS: 1816000.00 (+3.24%)
  ✅ TSM: 405.86 (+0.91%)
  ✅ PLTR: 126.20 (+3.01%)
  ✅ 1810.HK: 28.68 (+7.34%)
  ✅ IONQ: 35.68 (+8.19%)
  ✅ NVDA: 205.84 (-0.46%)
  ✅ UEC: 9.92 (+4.20%)
  ✅ URNM: 50.36 (+0.74%)
  ✅ CCJ: 90.98 (+3.66%)
  ✅ OKLO: 41.28 (+2.30%)
  ✅ RKLB: 66.50 (+4.71%)
  ✅ ASTS: 58.47 (+4.22%)
  ✅ CRSP: 47.83 (+1.83%)
  ✅ NTLA: 11.00 (+1.29%)
  ✅ BEAM: 25.62 (+1.65%)
  ✅ 272210.KS: 63000.00 (-7.62%)
  ✅ KTOS: 47.78 (+0.88%)
  ✅ UUUU: 11.76 (+3.98%)
  ✅ CWEN: 32.26 (-0.12%)
  ✅ AVAV: 150.20 (+0.24%)
  ✅ ARKQ: 114.97 (+0.84%)
  ✅ BOTZ: 34.57 (+1.86%)
  ✅ COHR: 280.07 (-0.58%)
  ✅ VRT: 294.49 (+1.20%)
  ✅ TMO: 563.14 (-0.86%)
  ✅ AMAT: 539.43 (+0.36%)
  ✅ NTR: 66.22 (-1.20%)
  ✅ PKX: 53.26 (+1.76%)
  ✅ MC.PA: 465.10 (+0.75%)
  ✅ GEVO: 1.63 (-0.91%)
  ✅ HUYA: 2.41 (+2.12%)
  ✅ FCX: 62.74 (+0.26%)
  ✅ IAU: 76.74 (+0.64%)
  ✅ TSMC: 405.59 (+0.84%)
  ✅ ASML: 1726.00 (-1.74%)
  ✅ PL: 21.01 (+2.99%)

Written: /root/gods_plan/prices.json (36 tickers)
❌ Git push failed: b"remote: Invalid username or token. Password authentication is not supported for Git operations.\nfatal: Authentication failed for 'https://github.com/sobluenight10-commits/gods_plan.git/'\n"
[2026-07-28 07:05 Berlin] Fetching 36 tickers...
  ✅ 000660.KS: 1574000.00 (-12.56%)
  ✅ TSM: 399.09 (-0.77%)
  ✅ PLTR: 131.53 (+7.37%)
  ✅ 1810.HK: 28.80 (+0.42%)
  ✅ IONQ: 35.92 (+8.92%)
  ✅ NVDA: 196.51 (-4.98%)
  ✅ UEC: 9.91 (+4.10%)
  ✅ URNM: 50.02 (+0.06%)
  ✅ CCJ: 89.35 (+1.80%)
  ✅ OKLO: 41.81 (+3.62%)
  ✅ RKLB: 66.94 (+5.40%)
  ✅ ASTS: 58.29 (+3.90%)
  ✅ CRSP: 46.73 (-0.51%)
  ✅ NTLA: 10.67 (-1.75%)
  ✅ BEAM: 25.07 (-0.56%)
  ✅ 272210.KS: 60500.00 (-3.66%)
  ✅ KTOS: 49.45 (+4.41%)
  ✅ UUUU: 11.71 (+3.54%)
  ✅ CWEN: 32.11 (-0.59%)
  ✅ AVAV: 154.24 (+2.94%)
  ✅ ARKQ: 114.87 (+0.75%)
  ✅ BOTZ: 34.34 (+1.18%)
  ✅ COHR: 271.31 (-3.69%)
  ✅ VRT: 287.60 (-1.16%)
  ✅ TMO: 559.53 (-1.49%)
  ✅ AMAT: 516.89 (-3.83%)
  ✅ NTR: 67.40 (+0.55%)
  ✅ PKX: 53.10 (+1.45%)
  ✅ MC.PA: 466.80 (+1.12%)
  ✅ GEVO: 1.57 (-4.85%)
  ✅ HUYA: 2.43 (+2.97%)
  ✅ FCX: 62.72 (+0.23%)
  ✅ IAU: 76.78 (+0.70%)
  ✅ TSMC: 399.09 (-0.77%)
  ✅ ASML: 1655.26 (-5.76%)
  ✅ PL: 21.00 (+2.94%)

Written: /root/gods_plan/prices.json (36 tickers)
❌ Git push failed: b"remote: Invalid username or token. Password authentication is not supported for Git operations.\nfatal: Authentication failed for 'https://github.com/sobluenight10-commits/gods_plan.git/'\n"
[2026-07-28 15:35 Berlin] Fetching 36 tickers...
  ✅ 000660.KS: 1550000.00 (-14.65%)
  ✅ TSM: 387.41 (-2.59%)
  ✅ PLTR: 123.65 (-5.47%)
  ✅ 1810.HK: 29.26 (+2.02%)
  ✅ IONQ: 33.66 (-6.45%)
  ✅ NVDA: 194.24 (-0.97%)
  ✅ UEC: 9.37 (-5.99%)
  ✅ URNM: 48.12 (-4.39%)
  ✅ CCJ: 85.96 (-4.16%)
  ✅ OKLO: 39.62 (-4.66%)
  ✅ RKLB: 62.80 (-5.96%)
  ✅ ASTS: 55.05 (-5.52%)
  ✅ CRSP: 46.51 (-0.48%)
  ✅ NTLA: 10.42 (-3.43%)
  ✅ BEAM: 24.89 (-1.05%)
  ✅ 272210.KS: 61200.00 (-2.86%)
  ✅ KTOS: 48.13 (-2.66%)
  ✅ UUUU: 11.15 (-4.78%)
  ✅ CWEN: 31.96 (-0.25%)
  ✅ AVAV: 149.45 (-3.24%)
  ✅ ARKQ: 111.87 (-4.02%)
  ✅ BOTZ: 33.66 (-2.46%)
  ✅ COHR: 246.37 (-7.83%)
  ✅ VRT: 271.89 (-4.84%)
  ✅ TMO: 577.30 (+3.18%)
  ✅ AMAT: 486.68 (-5.34%)
  ✅ NTR: 68.53 (+1.68%)
  ✅ PKX: 51.18 (-3.62%)
  ✅ MC.PA: 459.40 (-1.48%)
  ✅ GEVO: 1.52 (-3.67%)
  ✅ HUYA: 2.44 (+0.20%)
  ✅ FCX: 60.86 (-2.70%)
  ✅ IAU: 75.82 (-1.02%)
  ✅ TSMC: 386.84 (-2.73%)
  ✅ ASML: 1576.14 (-4.42%)
  ✅ PL: 19.74 (-6.65%)

Written: /root/gods_plan/prices.json (36 tickers)
❌ Git push failed: b"remote: Invalid username or token. Password authentication is not supported for Git operations.\nfatal: Authentication failed for 'https://github.com/sobluenight10-commits/gods_plan.git/'\n"
[2026-07-29 07:05 Berlin] Fetching 36 tickers...
  ✅ 000660.KS: 1263000.00 (-19.40%)
  ✅ TSM: 392.31 (-1.36%)
  ✅ PLTR: 123.53 (-5.56%)
  ✅ 1810.HK: 31.94 (+9.16%)
  ✅ IONQ: 33.88 (-5.83%)
  ✅ NVDA: 197.01 (+0.44%)
  ✅ UEC: 9.44 (-5.28%)
  ✅ URNM: 48.36 (-3.91%)
  ✅ CCJ: 86.96 (-3.05%)
  ✅ OKLO: 39.58 (-4.74%)
  ✅ RKLB: 63.89 (-4.33%)
  ✅ ASTS: 56.55 (-2.95%)
  ✅ CRSP: 47.55 (+1.75%)
  ✅ NTLA: 10.89 (+0.93%)
  ✅ BEAM: 26.29 (+4.53%)
  ✅ 272210.KS: 51400.00 (-15.60%)
  ✅ KTOS: 48.64 (-1.64%)
  ✅ UUUU: 11.33 (-3.25%)
  ✅ CWEN: 31.44 (-1.87%)
  ✅ AVAV: 156.35 (+1.23%)
  ✅ ARKQ: 113.59 (-2.54%)
  ✅ BOTZ: 33.98 (-1.54%)
  ✅ COHR: 243.33 (-8.97%)
  ✅ VRT: 269.56 (-5.65%)
  ✅ TMO: 576.41 (+3.02%)
  ✅ AMAT: 476.46 (-7.33%)
  ✅ NTR: 69.46 (+3.06%)
  ✅ PKX: 51.20 (-3.58%)
  ✅ MC.PA: 470.30 (+0.86%)
  ✅ GEVO: 1.49 (-5.70%)
  ✅ HUYA: 2.44 (+0.00%)
  ✅ FCX: 61.64 (-1.45%)
  ✅ IAU: 75.70 (-1.17%)
  ✅ TSMC: 392.31 (-1.36%)
  ✅ ASML: 1582.95 (-4.00%)
  ✅ PL: 20.42 (-3.43%)

Written: /root/gods_plan/prices.json (36 tickers)
❌ Git push failed: b"remote: Invalid username or token. Password authentication is not supported for Git operations.\nfatal: Authentication failed for 'https://github.com/sobluenight10-commits/gods_plan.git/'\n"
[2026-07-29 15:35 Berlin] Fetching 36 tickers...
  ✅ 000660.KS: 1401000.00 (-9.61%)
  ✅ TSM: 390.34 (-1.11%)
  ✅ PLTR: 125.29 (+0.96%)
  ✅ 1810.HK: 31.88 (+8.95%)
  ✅ IONQ: 33.71 (-0.62%)
  ✅ NVDA: 196.82 (-0.41%)
  ✅ UEC: 9.32 (-1.47%)
  ✅ URNM: 48.26 (+0.86%)
  ✅ CCJ: 86.26 (-0.85%)
  ✅ OKLO: 39.45 (-1.23%)
  ✅ RKLB: 63.48 (-0.35%)
  ✅ ASTS: 57.85 (+2.16%)
  ✅ CRSP: 47.76 (+0.38%)
  ✅ NTLA: 10.87 (-0.28%)
  ✅ BEAM: 26.49 (-0.06%)
  ✅ 272210.KS: 54200.00 (-11.44%)
  ✅ KTOS: 47.63 (-1.01%)
  ✅ UUUU: 11.29 (-0.09%)
  ✅ CWEN: 31.94 (+1.24%)
  ✅ AVAV: 152.60 (-1.92%)
  ✅ ARKQ: 114.10 (+0.45%)
  ✅ BOTZ: 34.25 (+0.76%)
  ✅ COHR: 243.30 (-1.15%)
  ✅ VRT: 242.24 (-10.28%)
  ✅ TMO: 576.28 (+0.32%)
  ✅ AMAT: 474.11 (-0.89%)
  ✅ NTR: 70.06 (+0.65%)
  ✅ PKX: 50.00 (-2.82%)
  ✅ MC.PA: 468.20 (-0.70%)
  ✅ GEVO: 1.48 (-1.67%)
  ✅ HUYA: 2.46 (+2.50%)
  ✅ FCX: 60.73 (-1.40%)
  ✅ IAU: 75.51 (+0.08%)
  ✅ TSMC: 390.34 (-1.11%)
  ✅ ASML: 1593.70 (+0.22%)
  ✅ PL: 20.47 (+1.34%)

Written: /root/gods_plan/prices.json (36 tickers)
❌ Git push failed: b"remote: Invalid username or token. Password authentication is not supported for Git operations.\nfatal: Authentication failed for 'https://github.com/sobluenight10-commits/gods_plan.git/'\n"
[2026-07-30 07:05 Berlin] Fetching 36 tickers...
  ✅ 000660.KS: 1316000.00 (-6.27%)
  ✅ TSM: 374.67 (-5.08%)
  ✅ PLTR: 123.00 (-0.89%)
  ✅ 1810.HK: 31.38 (-1.57%)
  ✅ IONQ: 31.99 (-5.69%)
  ✅ NVDA: 190.01 (-3.86%)
  ✅ UEC: 9.04 (-4.44%)
  ✅ URNM: 47.13 (-1.50%)
  ✅ CCJ: 84.57 (-2.79%)
  ✅ OKLO: 36.84 (-7.76%)
  ✅ RKLB: 58.60 (-8.01%)
  ✅ ASTS: 53.03 (-6.35%)
  ✅ CRSP: 47.64 (+0.13%)
  ✅ NTLA: 10.80 (-0.92%)
  ✅ BEAM: 26.02 (-1.81%)
  ✅ 272210.KS: 55400.00 (+3.17%)
  ✅ KTOS: 43.88 (-8.79%)
  ✅ UUUU: 10.74 (-4.96%)
  ✅ CWEN: 30.78 (-2.44%)
  ✅ AVAV: 142.12 (-8.66%)
  ✅ ARKQ: 109.56 (-3.55%)
  ✅ BOTZ: 33.68 (-0.91%)
  ✅ COHR: 222.05 (-9.79%)
  ✅ VRT: 223.04 (-17.39%)
  ✅ TMO: 576.46 (+0.36%)
  ✅ AMAT: 436.45 (-8.77%)
  ✅ NTR: 70.59 (+1.42%)
  ✅ PKX: 48.68 (-5.38%)
  ✅ MC.PA: 467.95 (-0.75%)
  ✅ GEVO: 1.45 (-3.33%)
  ✅ HUYA: 2.43 (+1.25%)
  ✅ FCX: 59.99 (-2.60%)
  ✅ IAU: 76.04 (+0.78%)
  ✅ TSMC: 374.67 (-5.08%)
  ✅ ASML: 1550.69 (-2.48%)
  ✅ PL: 19.47 (-3.61%)

Written: /root/gods_plan/prices.json (36 tickers)
❌ Git push failed: b"remote: Invalid username or token. Password authentication is not supported for Git operations.\nfatal: Authentication failed for 'https://github.com/sobluenight10-commits/gods_plan.git/'\n"
[2026-07-30 15:35 Berlin] Fetching 36 tickers...
  ✅ 000660.KS: 1322000.00 (-5.64%)
  ✅ TSM: 392.59 (+4.72%)
  ❌ PLTR: 'NoneType' object is not subscriptable
  ❌ 1810.HK: 'NoneType' object is not subscriptable
  ❌ IONQ: 'NoneType' object is not subscriptable
  ❌ NVDA: 'NoneType' object is not subscriptable
  ❌ UEC: 'NoneType' object is not subscriptable
  ✅ URNM: 48.40 (+2.22%)
  ✅ CCJ: 86.61 (+2.18%)
  ✅ OKLO: 38.65 (+4.22%)
  ✅ RKLB: 61.14 (+3.96%)
  ✅ ASTS: 55.46 (+3.86%)
  ✅ CRSP: 48.03 (+2.07%)
  ✅ NTLA: 10.97 (+0.18%)
  ✅ BEAM: 26.12 (+0.46%)
  ✅ 272210.KS: 55100.00 (+1.66%)
  ✅ KTOS: 43.60 (-0.62%)
  ✅ UUUU: 11.07 (+2.64%)
  ✅ CWEN: 31.40 (+2.53%)
  ✅ AVAV: 141.02 (-0.96%)
  ✅ ARKQ: 111.23 (+3.10%)
  ✅ BOTZ: 34.18 (+0.59%)
  ✅ COHR: 241.50 (+8.83%)
  ✅ VRT: 235.44 (+4.33%)
  ✅ TMO: 565.92 (-1.83%)
  ✅ AMAT: 484.73 (+7.48%)
  ✅ NTR: 70.22 (-0.59%)
  ✅ PKX: 51.83 (+5.78%)
  ✅ MC.PA: 475.60 (+1.89%)
  ✅ GEVO: 1.49 (+4.86%)
  ✅ HUYA: 2.43 (-0.03%)
  ✅ FCX: 61.89 (+2.30%)
  ✅ IAU: 76.72 (-0.09%)
  ✅ TSMC: 392.62 (+4.73%)
  ✅ ASML: 1632.42 (+4.17%)
  ✅ PL: 20.33 (+3.42%)

Errors (5): PLTR: 'NoneType' object is not subscriptable, 1810.HK: 'NoneType' object is not subscriptable, IONQ: 'NoneType' object is not subscriptable, NVDA: 'NoneType' object is not subscriptable, UEC: 'NoneType' object is not subscriptable

Written: /root/gods_plan/prices.json (31 tickers)
❌ Git push failed: b"remote: Invalid username or token. Password authentication is not supported for Git operations.\nfatal: Authentication failed for 'https://github.com/sobluenight10-commits/gods_plan.git/'\n"
[2026-07-31 07:05 Berlin] Fetching 36 tickers...
  ✅ 000660.KS: 1690000.00 (+26.21%)
  ✅ TSM: 403.31 (+7.58%)
  ✅ PLTR: 122.26 (-0.31%)
  ✅ 1810.HK: 28.90 (-6.89%)
  ✅ IONQ: 35.77 (+10.81%)
  ✅ NVDA: 195.04 (+1.97%)
  ✅ UEC: 9.74 (+6.80%)
  ✅ URNM: 49.45 (+4.44%)
  ✅ CCJ: 88.23 (+4.09%)
  ✅ OKLO: 41.09 (+10.78%)
  ✅ RKLB: 64.68 (+9.98%)
  ✅ ASTS: 58.44 (+9.44%)
  ✅ CRSP: 48.44 (+2.95%)
  ✅ NTLA: 11.09 (+1.28%)
  ✅ BEAM: 26.49 (+1.88%)
  ✅ 272210.KS: 60300.00 (+9.84%)
  ✅ KTOS: 46.17 (+5.23%)
  ✅ UUUU: 11.71 (+8.53%)
  ✅ CWEN: 31.73 (+3.61%)
  ✅ AVAV: 146.57 (+2.94%)
  ✅ ARKQ: 113.98 (+5.65%)
  ✅ BOTZ: 34.90 (+2.71%)
  ✅ COHR: 249.06 (+12.24%)
  ✅ VRT: 227.50 (+0.81%)
  ✅ TMO: 576.77 (+0.05%)
  ✅ AMAT: 501.77 (+11.26%)
  ✅ NTR: 70.72 (+0.11%)
  ✅ PKX: 54.49 (+11.20%)
  ✅ MC.PA: 473.30 (+1.39%)
  ✅ GEVO: 1.53 (+7.75%)
  ✅ HUYA: 2.48 (+2.02%)
  ✅ FCX: 63.44 (+4.86%)
  ✅ IAU: 77.30 (+0.66%)
  ✅ TSMC: 403.31 (+7.58%)
  ✅ ASML: 1651.44 (+5.39%)
  ✅ PL: 20.22 (+2.86%)

Written: /root/gods_plan/prices.json (36 tickers)
❌ Git push failed: b"remote: Invalid username or token. Password authentication is not supported for Git operations.\nfatal: Authentication failed for 'https://github.com/sobluenight10-commits/gods_plan.git/'\n"
[2026-07-31 15:35 Berlin] Fetching 36 tickers...
  ✅ 000660.KS: 1718000.00 (+29.95%)
  ✅ TSM: 417.80 (+1.22%)
  ✅ PLTR: 123.20 (-0.02%)
  ✅ 1810.HK: 28.78 (-7.28%)
  ✅ IONQ: 37.51 (+3.60%)
  ✅ NVDA: 199.50 (+1.35%)
  ✅ UEC: 9.91 (+1.12%)
  ✅ URNM: 49.54 (+0.35%)
  ✅ CCJ: 88.43 (-0.97%)
  ✅ OKLO: 42.31 (+2.31%)
  ✅ RKLB: 67.02 (-0.01%)
  ✅ ASTS: 60.47 (+1.14%)
  ✅ CRSP: 48.08 (-1.23%)
  ✅ NTLA: 11.02 (-2.13%)
  ✅ BEAM: 26.35 (-3.30%)
  ✅ 272210.KS: 62500.00 (+13.43%)
  ✅ KTOS: 46.73 (+0.86%)
  ✅ UUUU: 11.99 (+1.37%)
  ✅ CWEN: 31.96 (+3.10%)
  ✅ AVAV: 149.64 (+1.73%)
  ✅ ARKQ: 116.85 (+2.73%)
  ✅ BOTZ: 35.51 (+1.53%)
  ✅ COHR: 280.64 (+7.55%)
  ✅ VRT: 249.52 (+7.26%)
  ✅ TMO: 566.29 (-1.38%)
  ✅ AMAT: 532.78 (+2.51%)
  ✅ NTR: 70.20 (-0.06%)
  ✅ PKX: 54.00 (-0.87%)
  ✅ MC.PA: 473.05 (+0.31%)
  ✅ GEVO: 1.53 (+0.67%)
  ✅ HUYA: 2.47 (+0.41%)
  ✅ FCX: 63.01 (-0.35%)
  ✅ IAU: 75.85 (-1.91%)
  ✅ TSMC: 417.72 (+1.20%)
  ✅ ASML: 1686.80 (+0.32%)
  ✅ PL: 21.10 (+3.95%)

Written: /root/gods_plan/prices.json (36 tickers)
❌ Git push failed: b"remote: Invalid username or token. Password authentication is not supported for Git operations.\nfatal: Authentication failed for 'https://github.com/sobluenight10-commits/gods_plan.git/'\n"
[2026-08-03 07:05 Berlin] Fetching 36 tickers...
  ✅ 000660.KS: 1585000.00 (-7.74%)
  ✅ TSM: 404.25 (-2.06%)
  ✅ PLTR: 123.06 (-0.14%)
  ✅ 1810.HK: 27.72 (-3.68%)
  ✅ IONQ: 36.44 (+0.66%)
  ✅ NVDA: 200.75 (+1.99%)
  ✅ UEC: 9.60 (-2.04%)
  ✅ URNM: 48.57 (-1.61%)
  ✅ CCJ: 86.38 (-3.27%)
  ✅ OKLO: 38.83 (-6.09%)
  ✅ RKLB: 64.95 (-3.10%)
  ✅ ASTS: 58.98 (-1.35%)
  ✅ CRSP: 47.99 (-1.42%)
  ✅ NTLA: 10.68 (-5.15%)
  ✅ BEAM: 25.52 (-6.35%)
  ✅ 272210.KS: 62000.00 (+0.00%)
  ✅ KTOS: 46.60 (+0.58%)
  ✅ UUUU: 11.44 (-3.28%)
  ✅ CWEN: 31.73 (+2.35%)
  ✅ AVAV: 149.37 (+1.54%)
  ✅ ARKQ: 115.07 (+1.16%)
  ✅ BOTZ: 35.22 (+0.72%)
  ✅ COHR: 262.89 (+0.74%)
  ✅ VRT: 241.57 (+3.84%)
  ✅ TMO: 574.30 (+0.02%)
  ✅ AMAT: 507.67 (-2.32%)
  ✅ NTR: 69.07 (-1.67%)
  ✅ PKX: 53.17 (-2.39%)
  ✅ MC.PA: 475.15 (+0.75%)
  ✅ GEVO: 1.48 (-2.63%)
  ✅ HUYA: 2.45 (-0.41%)
  ✅ FCX: 62.63 (-0.95%)
  ✅ IAU: 76.17 (-1.49%)
  ✅ TSMC: 404.25 (-2.06%)
  ✅ ASML: 1629.00 (-3.12%)
  ✅ PL: 20.48 (+0.89%)

Written: /root/gods_plan/prices.json (36 tickers)
❌ Git push failed: b"remote: Invalid username or token. Password authentication is not supported for Git operations.\nfatal: Authentication failed for 'https://github.com/sobluenight10-commits/gods_plan.git/'\n"
[2026-08-03 15:35 Berlin] Fetching 36 tickers...
  ✅ 000660.KS: 1567000.00 (-8.79%)
  ✅ TSM: 398.94 (-1.25%)
  ✅ PLTR: 125.18 (+1.97%)
  ✅ 1810.HK: 27.96 (-2.85%)
  ✅ IONQ: 37.12 (+2.34%)
  ✅ NVDA: 199.50 (+0.28%)
  ✅ UEC: 9.51 (+0.75%)
  ✅ URNM: 48.81 (+0.93%)
  ✅ CCJ: 86.19 (+0.30%)
  ✅ OKLO: 38.42 (-0.99%)
  ✅ RKLB: 63.27 (-1.39%)
  ✅ ASTS: 58.18 (-0.27%)
  ✅ CRSP: 47.81 (-0.37%)
  ✅ NTLA: 10.42 (-2.89%)
  ✅ BEAM: 24.85 (-2.15%)
  ✅ 272210.KS: 63100.00 (+0.96%)
  ✅ KTOS: 46.86 (+1.23%)
  ✅ UUUU: 11.37 (-0.34%)
  ✅ CWEN: 31.36 (-1.09%)
  ✅ AVAV: 153.40 (+2.83%)
  ✅ ARKQ: 114.97 (-0.09%)
  ✅ BOTZ: 35.22 (-0.76%)
  ✅ COHR: 254.77 (-2.31%)
  ✅ VRT: 240.90 (+0.08%)
  ✅ TMO: 579.84 (+0.96%)
  ✅ AMAT: 495.01 (-2.21%)
  ✅ NTR: 68.00 (-1.66%)
  ✅ PKX: 52.54 (-1.18%)
  ✅ MC.PA: 490.75 (+3.28%)
  ✅ GEVO: 1.48 (-3.27%)
  ✅ HUYA: 2.55 (+3.88%)
  ✅ FCX: 62.03 (-0.48%)
  ✅ IAU: 75.76 (-1.28%)
  ✅ TSMC: 400.52 (-0.86%)
  ✅ ASML: 1595.23 (-1.84%)
  ✅ PL: 20.01 (-1.25%)

Written: /root/gods_plan/prices.json (36 tickers)
❌ Git push failed: b"remote: Invalid username or token. Password authentication is not supported for Git operations.\nfatal: Authentication failed for 'https://github.com/sobluenight10-commits/gods_plan.git/'\n"
[2026-08-04 07:05 Berlin] Fetching 36 tickers...
  ✅ 000660.KS: 1504000.00 (-4.75%)
  ✅ TSM: 406.11 (+0.52%)
  ✅ PLTR: 125.65 (+2.35%)
  ✅ 1810.HK: 27.70 (-0.93%)
  ✅ IONQ: 38.85 (+7.11%)
  ✅ NVDA: 206.64 (+3.87%)
  ✅ UEC: 9.97 (+5.63%)
  ✅ URNM: 50.72 (+4.88%)
  ✅ CCJ: 89.72 (+4.41%)
  ✅ OKLO: 41.22 (+6.24%)
  ✅ RKLB: 70.43 (+9.77%)
  ✅ ASTS: 63.52 (+8.88%)
  ✅ CRSP: 49.57 (+3.30%)
  ✅ NTLA: 10.77 (+0.37%)
  ✅ BEAM: 25.91 (+2.03%)
  ✅ 272210.KS: 68400.00 (+9.27%)
  ✅ KTOS: 49.21 (+6.31%)
  ✅ UUUU: 12.15 (+6.54%)
  ✅ CWEN: 32.06 (+1.10%)
  ✅ AVAV: 159.18 (+6.70%)
  ✅ ARKQ: 118.62 (+3.09%)
  ✅ BOTZ: 35.93 (+1.25%)
  ✅ COHR: 288.14 (+10.48%)
  ✅ VRT: 263.05 (+9.28%)
  ✅ TMO: 574.03 (-0.05%)
  ✅ AMAT: 518.21 (+2.37%)
  ✅ NTR: 65.96 (-4.61%)
  ✅ PKX: 52.94 (-0.43%)
  ✅ MC.PA: 486.90 (+2.47%)
  ✅ GEVO: 1.46 (-4.58%)
  ✅ HUYA: 2.49 (+1.63%)
  ✅ FCX: 63.64 (+2.10%)
  ✅ IAU: 76.19 (-0.73%)
  ✅ TSMC: 406.11 (+0.52%)
  ✅ ASML: 1642.52 (+1.07%)
  ✅ PL: 21.53 (+6.26%)

Written: /root/gods_plan/prices.json (36 tickers)
❌ Git push failed: b"remote: Invalid username or token. Password authentication is not supported for Git operations.\nfatal: Authentication failed for 'https://github.com/sobluenight10-commits/gods_plan.git/'\n"
[2026-08-04 15:35 Berlin] Fetching 36 tickers...
  ✅ 000660.KS: 1577000.00 (+0.64%)
  ✅ TSM: 414.68 (+1.19%)
  ✅ PLTR: 150.41 (+4.15%)
  ✅ 1810.HK: 27.96 (+0.00%)
  ✅ IONQ: 41.77 (+5.51%)
  ✅ NVDA: 210.74 (+1.91%)
  ✅ UEC: 10.39 (+3.64%)
  ✅ URNM: 51.69 (+1.35%)
  ✅ CCJ: 92.05 (+2.30%)
  ✅ OKLO: 43.41 (+4.98%)
  ✅ RKLB: 75.11 (+5.55%)
  ✅ ASTS: 70.79 (+10.67%)
  ✅ CRSP: 52.00 (+3.11%)
  ✅ NTLA: 11.10 (+2.78%)
  ✅ BEAM: 26.84 (+2.38%)
  ✅ 272210.KS: 69100.00 (+9.51%)
  ✅ KTOS: 51.91 (+2.09%)
  ✅ UUUU: 12.81 (+3.14%)
  ✅ CWEN: 31.88 (-0.56%)
  ✅ AVAV: 164.90 (+3.58%)
  ✅ ARKQ: 122.67 (+1.61%)
  ✅ BOTZ: 35.93 (+0.00%)
  ✅ COHR: 334.41 (+13.95%)
  ✅ VRT: 272.04 (+1.16%)
  ✅ TMO: 571.80 (-0.23%)
  ✅ AMAT: 540.10 (+3.53%)
  ✅ NTR: 65.49 (-0.62%)
  ✅ PKX: 54.87 (+1.62%)
  ✅ MC.PA: 478.40 (-2.23%)
  ✅ GEVO: 1.51 (+3.42%)
  ✅ HUYA: 2.52 (+0.80%)
  ✅ FCX: 66.78 (+4.93%)
  ✅ IAU: 76.82 (+0.85%)
  ✅ TSMC: 415.45 (+1.38%)
  ✅ ASML: 1697.35 (+2.79%)
  ✅ PL: 23.17 (+7.45%)

Written: /root/gods_plan/prices.json (36 tickers)
❌ Git push failed: b"remote: Invalid username or token. Password authentication is not supported for Git operations.\nfatal: Authentication failed for 'https://github.com/sobluenight10-commits/gods_plan.git/'\n"
$NTLA: possibly delisted; no price data found  (period=5d) (Yahoo error = "No data found, symbol may be delisted")
[2026-08-05 07:05 Berlin] Fetching 36 tickers...
  ✅ 000660.KS: 1693000.00 (+8.32%)
  ✅ TSM: 417.17 (+1.80%)
  ✅ PLTR: 162.66 (+12.63%)
  ✅ 1810.HK: 27.88 (-0.29%)
  ✅ IONQ: 41.72 (+5.38%)
  ✅ NVDA: 211.94 (+2.48%)
  ✅ UEC: 10.50 (+4.79%)
  ✅ URNM: 51.90 (+1.76%)
  ✅ CCJ: 93.09 (+3.46%)
  ✅ OKLO: 43.33 (+4.79%)
  ✅ RKLB: 74.48 (+4.66%)
  ✅ ASTS: 70.31 (+9.93%)
  ✅ CRSP: 53.07 (+5.23%)
  ❌ NTLA: 'currentTradingPeriod'
  ✅ BEAM: 28.35 (+8.12%)
  ✅ 272210.KS: 72100.00 (+3.74%)
  ✅ KTOS: 51.87 (+2.01%)
  ✅ UUUU: 12.86 (+3.54%)
  ✅ CWEN: 31.73 (-1.03%)
  ✅ AVAV: 169.02 (+6.17%)
  ✅ ARKQ: 124.83 (+3.40%)
  ✅ BOTZ: 37.09 (+3.23%)
  ✅ COHR: 323.73 (+10.31%)
  ✅ VRT: 269.93 (+0.37%)
  ✅ TMO: 564.75 (-1.46%)
  ✅ AMAT: 546.62 (+4.78%)
  ✅ NTR: 66.92 (+1.55%)
  ✅ PKX: 54.68 (+1.28%)
  ✅ MC.PA: 485.00 (-0.88%)
  ✅ GEVO: 1.55 (+6.16%)
  ✅ HUYA: 2.56 (+2.20%)
  ✅ FCX: 67.30 (+5.75%)
  ✅ IAU: 76.69 (+0.68%)
  ✅ TSMC: 417.17 (+1.80%)
  ✅ ASML: 1711.89 (+3.67%)
  ✅ PL: 22.83 (+5.87%)

Errors (1): NTLA: 'currentTradingPeriod'

Written: /root/gods_plan/prices.json (35 tickers)
❌ Git push failed: b"remote: Invalid username or token. Password authentication is not supported for Git operations.\nfatal: Authentication failed for 'https://github.com/sobluenight10-commits/gods_plan.git/'\n"
[2026-08-05 15:35 Berlin] Fetching 36 tickers...
  ✅ 000660.KS: 1668000.00 (+5.77%)
  ✅ TSM: 421.17 (+0.88%)
  ✅ PLTR: 162.87 (+1.49%)
  ✅ 1810.HK: 27.64 (-1.14%)
  ✅ IONQ: 40.92 (-3.07%)
  ✅ NVDA: 218.46 (+0.90%)
  ✅ UEC: 10.67 (+1.14%)
  ✅ URNM: 52.62 (+0.52%)
  ✅ CCJ: 95.03 (+2.08%)
  ✅ OKLO: 43.15 (-1.38%)
  ✅ RKLB: 73.83 (-3.49%)
  ✅ ASTS: 66.97 (-4.49%)
  ✅ CRSP: 52.66 (+0.02%)
  ✅ NTLA: 11.32 (-0.26%)
  ✅ BEAM: 27.81 (-0.61%)
  ✅ 272210.KS: 72400.00 (+4.78%)
  ✅ KTOS: 58.28 (+7.76%)
  ✅ UUUU: 12.98 (+0.66%)
  ✅ CWEN: 31.25 (-2.31%)
  ✅ AVAV: 173.10 (+1.85%)
  ✅ ARKQ: 124.64 (+1.30%)
  ✅ BOTZ: 37.68 (+1.29%)
  ✅ COHR: 330.00 (+1.86%)
  ✅ VRT: 275.40 (+1.34%)
  ✅ TMO: 565.72 (+0.18%)
  ✅ AMAT: 544.12 (-0.35%)
  ✅ NTR: 67.17 (-0.01%)
  ✅ PKX: 54.92 (+0.44%)
  ✅ MC.PA: 474.90 (-1.95%)
  ✅ GEVO: 1.53 (-1.29%)
  ✅ HUYA: 2.55 (-0.08%)
  ✅ FCX: 69.17 (+2.67%)
  ✅ IAU: 79.00 (+3.59%)
  ✅ TSMC: 421.51 (+0.96%)
  ✅ ASML: 1713.28 (+0.35%)
  ✅ PL: 22.16 (-2.80%)

Written: /root/gods_plan/prices.json (36 tickers)
❌ Git push failed: b"remote: Invalid username or token. Password authentication is not supported for Git operations.\nfatal: Authentication failed for 'https://github.com/sobluenight10-commits/gods_plan.git/'\n"
[2026-08-06 07:05 Berlin] Fetching 36 tickers...
  ✅ 000660.KS: 1501000.00 (-10.92%)
  ✅ TSM: 414.00 (-0.84%)
  ✅ PLTR: 158.43 (-1.28%)
  ✅ 1810.HK: 26.98 (-2.39%)
  ✅ IONQ: 39.93 (-5.42%)
  ✅ NVDA: 219.22 (+1.26%)
  ✅ UEC: 10.72 (+1.61%)
  ✅ URNM: 52.51 (+0.31%)
  ✅ CCJ: 94.27 (+1.27%)
  ✅ OKLO: 42.99 (-1.74%)
  ✅ RKLB: 74.82 (-2.20%)
  ✅ ASTS: 68.38 (-2.48%)
  ✅ CRSP: 52.45 (-0.38%)
  ✅ NTLA: 10.97 (-3.35%)
  ✅ BEAM: 27.07 (-3.25%)
  ✅ 272210.KS: 70100.00 (-3.18%)
  ✅ KTOS: 55.34 (+2.33%)
  ✅ UUUU: 12.44 (-3.53%)
  ✅ CWEN: 31.18 (-2.53%)
  ✅ AVAV: 168.06 (-1.11%)
  ✅ ARKQ: 122.40 (-0.53%)
  ✅ BOTZ: 37.30 (+0.27%)
  ✅ COHR: 328.22 (+1.31%)
  ✅ VRT: 277.94 (+2.27%)
  ✅ TMO: 577.83 (+2.32%)
  ✅ AMAT: 534.24 (-2.16%)
  ✅ NTR: 66.92 (-0.38%)
  ✅ PKX: 54.79 (+0.20%)
  ✅ MC.PA: 479.70 (-0.96%)
  ✅ GEVO: 1.53 (-1.29%)
  ✅ HUYA: 2.43 (-4.71%)
  ✅ FCX: 69.39 (+3.00%)
  ✅ IAU: 79.85 (+4.71%)
  ✅ TSMC: 414.00 (-0.84%)
  ✅ ASML: 1678.22 (-1.70%)
  ✅ PL: 22.35 (-1.97%)

Written: /root/gods_plan/prices.json (36 tickers)
❌ Git push failed: b"remote: Invalid username or token. Password authentication is not supported for Git operations.\nfatal: Authentication failed for 'https://github.com/sobluenight10-commits/gods_plan.git/'\n"
[2026-08-06 15:35 Berlin] Fetching 36 tickers...
  ✅ 000660.KS: 1495000.00 (-10.37%)
  ✅ TSM: 414.00 (-0.84%)
  ✅ PLTR: 158.43 (-1.28%)
  ✅ 1810.HK: 26.86 (-2.82%)
  ✅ IONQ: 39.93 (-5.42%)
  ✅ NVDA: 219.22 (+1.26%)
  ✅ UEC: 10.72 (+1.61%)
  ✅ URNM: 52.51 (+0.31%)
  ✅ CCJ: 94.27 (+1.27%)
  ✅ OKLO: 42.99 (-1.74%)
  ✅ RKLB: 74.82 (-2.20%)
  ✅ ASTS: 68.38 (-2.48%)
  ✅ CRSP: 52.45 (-0.38%)
  ✅ NTLA: 10.97 (-3.35%)
  ✅ BEAM: 27.07 (-3.25%)
  ✅ 272210.KS: 70100.00 (-3.18%)
  ✅ KTOS: 55.34 (+2.33%)
  ✅ UUUU: 12.44 (-3.53%)
  ✅ CWEN: 31.18 (-2.53%)
  ✅ AVAV: 168.06 (-1.11%)
  ✅ ARKQ: 122.40 (-0.53%)
  ✅ BOTZ: 37.30 (+0.27%)
  ✅ COHR: 328.22 (+1.31%)
  ✅ VRT: 277.94 (+2.27%)
  ✅ TMO: 577.83 (+2.32%)
  ✅ AMAT: 534.24 (-2.16%)
  ✅ NTR: 66.92 (-0.38%)
  ✅ PKX: 54.79 (+0.20%)
  ✅ MC.PA: 485.60 (+1.30%)
  ✅ GEVO: 1.53 (-1.29%)
  ✅ HUYA: 2.43 (-4.71%)
  ✅ FCX: 69.39 (+3.00%)
  ✅ IAU: 79.85 (+4.71%)
  ✅ TSMC: 414.00 (-0.84%)
  ✅ ASML: 1678.22 (-1.70%)
  ✅ PL: 22.35 (-1.97%)

Written: /root/gods_plan/prices.json (36 tickers)
❌ Git push failed: b"remote: Invalid username or token. Password authentication is not supported for Git operations.\nfatal: Authentication failed for 'https://github.com/sobluenight10-commits/gods_plan.git/'\n"
[2026-08-07 07:05 Berlin] Fetching 36 tickers...
  ✅ 000660.KS: 1419000.00 (-5.84%)
  ✅ TSM: 418.20 (+1.26%)
  ✅ PLTR: 155.92 (-0.68%)
  ✅ 1810.HK: 26.72 (-0.52%)
  ✅ IONQ: 39.72 (-1.66%)
  ✅ NVDA: 218.99 (-0.79%)
  ✅ UEC: 10.76 (+0.48%)
  ✅ URNM: 53.06 (+1.07%)
  ✅ CCJ: 93.62 (-1.57%)
  ✅ OKLO: 42.19 (-1.63%)
  ✅ RKLB: 75.67 (+1.27%)
  ✅ ASTS: 67.36 (-0.83%)
  ✅ CRSP: 51.64 (-1.37%)
  ✅ NTLA: 11.24 (+1.90%)
  ✅ BEAM: 27.25 (+0.89%)
  ✅ 272210.KS: 69800.00 (+0.29%)
  ✅ KTOS: 57.41 (+3.76%)
  ✅ UUUU: 12.90 (+4.46%)
  ✅ CWEN: 32.85 (+4.22%)
  ✅ AVAV: 171.12 (+2.40%)
  ✅ ARKQ: 123.20 (+1.18%)
  ✅ BOTZ: 36.94 (-0.16%)
  ✅ COHR: 334.22 (+2.95%)
  ✅ VRT: 275.17 (-1.16%)
  ✅ TMO: 580.02 (-0.75%)
  ✅ AMAT: 527.48 (-1.59%)
  ✅ NTR: 66.76 (+0.57%)
  ✅ PKX: 56.08 (+2.35%)
  ✅ MC.PA: 481.45 (+0.44%)
  ✅ GEVO: 1.44 (-7.67%)
  ✅ HUYA: 2.41 (-1.63%)
  ✅ FCX: 68.18 (-1.90%)
  ✅ IAU: 79.87 (-0.62%)
  ✅ TSMC: 418.20 (+1.26%)
  ✅ ASML: 1704.37 (+1.45%)
  ✅ PL: 22.72 (+1.53%)

Written: /root/gods_plan/prices.json (36 tickers)
❌ Git push failed: b"remote: Invalid username or token. Password authentication is not supported for Git operations.\nfatal: Authentication failed for 'https://github.com/sobluenight10-commits/gods_plan.git/'\n"
[2026-08-07 15:35 Berlin] Fetching 36 tickers...
  ✅ 000660.KS: 1422000.00 (-4.88%)
  ✅ TSM: 422.29 (+0.46%)
  ✅ PLTR: 164.10 (+4.59%)
  ✅ 1810.HK: 27.06 (+0.74%)
  ✅ IONQ: 42.39 (+6.72%)
  ✅ NVDA: 222.95 (+1.61%)
  ✅ UEC: 11.35 (+5.92%)
  ✅ URNM: 54.92 (+3.46%)
  ✅ CCJ: 96.92 (+2.56%)
  ✅ OKLO: 45.09 (+4.98%)
  ✅ RKLB: 79.04 (+3.15%)
  ✅ ASTS: 69.15 (+1.54%)
  ✅ CRSP: 52.69 (+1.14%)
  ✅ NTLA: 11.56 (-0.30%)
  ✅ BEAM: 27.68 (+1.08%)
  ✅ 272210.KS: 70700.00 (+0.86%)
  ✅ KTOS: 57.28 (-0.79%)
  ✅ UUUU: 14.19 (+9.14%)
  ✅ CWEN: 32.74 (-2.19%)
  ✅ AVAV: 172.12 (+0.36%)
  ✅ ARKQ: 125.06 (+1.51%)
  ✅ BOTZ: 37.46 (+1.22%)
  ✅ COHR: 369.48 (+7.22%)
  ✅ VRT: 279.00 (-0.07%)
  ✅ TMO: 576.98 (+0.47%)
  ✅ AMAT: 541.93 (+1.87%)
  ✅ NTR: 65.73 (-3.34%)
  ✅ PKX: 58.20 (+3.93%)
  ✅ MC.PA: 480.75 (-0.52%)
  ✅ GEVO: 1.59 (+2.41%)
  ✅ HUYA: 2.43 (+0.83%)
  ✅ FCX: 69.67 (+2.26%)
  ✅ IAU: 81.86 (+2.34%)
  ✅ TSMC: 421.73 (+0.33%)
  ✅ ASML: 1757.10 (+2.67%)
  ✅ PL: 23.61 (+2.79%)

Written: /root/gods_plan/prices.json (36 tickers)
❌ Git push failed: b"remote: Invalid username or token. Password authentication is not supported for Git operations.\nfatal: Authentication failed for 'https://github.com/sobluenight10-commits/gods_plan.git/'\n"
[2026-08-10 07:05 Berlin] Fetching 36 tickers...
  ✅ 000660.KS: 1413000.00 (-0.21%)
  ✅ TSM: 420.04 (-0.07%)
  ✅ PLTR: 172.01 (+9.63%)
  ✅ 1810.HK: 27.30 (+0.89%)
  ✅ IONQ: 44.43 (+11.86%)
  ✅ NVDA: 223.96 (+2.07%)
  ✅ UEC: 11.26 (+5.04%)
  ✅ URNM: 54.53 (+2.73%)
  ✅ CCJ: 97.39 (+3.06%)
  ✅ OKLO: 48.42 (+12.73%)
  ✅ RKLB: 82.83 (+8.09%)
  ✅ ASTS: 71.94 (+5.64%)
  ✅ CRSP: 53.52 (+2.73%)
  ✅ NTLA: 11.94 (+2.93%)
  ✅ BEAM: 27.48 (+0.37%)
  ✅ 272210.KS: 76500.00 (+8.97%)
  ✅ KTOS: 60.77 (+5.25%)
  ✅ UUUU: 14.14 (+8.77%)
  ✅ CWEN: 32.65 (-2.45%)
  ✅ AVAV: 186.73 (+8.88%)
  ✅ ARKQ: 127.85 (+3.77%)
  ✅ BOTZ: 37.61 (+1.62%)
  ✅ COHR: 379.13 (+10.02%)
  ✅ VRT: 272.40 (-2.44%)
  ✅ TMO: 594.00 (+3.43%)
  ✅ AMAT: 539.14 (+1.34%)
  ✅ NTR: 64.42 (-5.26%)
  ✅ PKX: 57.77 (+3.16%)
  ✅ MC.PA: 480.00 (-0.67%)
  ✅ GEVO: 1.57 (+1.44%)
  ✅ HUYA: 2.43 (+0.83%)
  ✅ FCX: 69.62 (+2.19%)
  ✅ IAU: 81.68 (+2.13%)
  ✅ TSMC: 420.04 (-0.07%)
  ✅ ASML: 1740.99 (+1.73%)
  ✅ PL: 23.93 (+4.18%)

Written: /root/gods_plan/prices.json (36 tickers)
❌ Git push failed: b"remote: Invalid username or token. Password authentication is not supported for Git operations.\nfatal: Authentication failed for 'https://github.com/sobluenight10-commits/gods_plan.git/'\n"
[2026-08-10 15:35 Berlin] Fetching 36 tickers...
  ✅ 000660.KS: 1420000.00 (-0.14%)
  ✅ TSM: 416.98 (-0.94%)
  ✅ PLTR: 172.65 (+0.49%)
  ✅ 1810.HK: 27.62 (+2.07%)
  ✅ IONQ: 42.88 (-2.94%)
  ✅ NVDA: 222.66 (-0.49%)
  ✅ UEC: 11.33 (+0.36%)
  ✅ URNM: 54.72 (-1.22%)
  ✅ CCJ: 98.39 (+0.91%)
  ✅ OKLO: 45.96 (-5.28%)
  ✅ RKLB: 83.54 (-0.40%)
  ✅ ASTS: 70.83 (-2.35%)
  ✅ CRSP: 54.28 (+1.37%)
  ✅ NTLA: 12.01 (+0.13%)
  ✅ BEAM: 27.86 (+0.49%)
  ✅ 272210.KS: 77200.00 (+9.19%)
  ✅ KTOS: 59.74 (-1.53%)
  ✅ UUUU: 14.25 (+0.26%)
  ✅ CWEN: 32.40 (-1.65%)
  ✅ AVAV: 184.14 (-1.77%)
  ✅ ARKQ: 128.52 (+0.52%)
  ✅ BOTZ: 37.41 (-0.82%)
  ✅ COHR: 356.47 (-6.93%)
  ✅ VRT: 272.50 (-0.49%)
  ✅ TMO: 595.43 (+0.44%)
  ✅ AMAT: 543.41 (+0.26%)
  ✅ NTR: 65.25 (+0.21%)
  ✅ PKX: 58.92 (+1.99%)
  ✅ MC.PA: 482.45 (+0.55%)
  ✅ GEVO: 1.56 (-1.54%)
  ✅ HUYA: 2.44 (+0.62%)
  ✅ FCX: 69.07 (-1.02%)
  ✅ IAU: 81.57 (-0.09%)
  ✅ TSMC: 417.30 (-0.87%)
  ✅ ASML: 1764.93 (+1.29%)
  ✅ PL: 23.90 (-1.48%)

Written: /root/gods_plan/prices.json (36 tickers)
❌ Git push failed: b"remote: Invalid username or token. Password authentication is not supported for Git operations.\nfatal: Authentication failed for 'https://github.com/sobluenight10-commits/gods_plan.git/'\n"
[2026-08-11 07:05 Berlin] Fetching 36 tickers...
  ✅ 000660.KS: 1446000.00 (+2.26%)
  ✅ TSM: 418.47 (-0.59%)
  ✅ PLTR: 175.23 (+1.99%)
  ✅ 1810.HK: 26.94 (-2.46%)
  ✅ IONQ: 42.53 (-3.73%)
  ✅ NVDA: 217.55 (-2.78%)
  ✅ UEC: 11.38 (+0.80%)
  ✅ URNM: 54.60 (-1.44%)
  ✅ CCJ: 97.31 (-0.19%)
  ✅ OKLO: 44.49 (-8.31%)
  ✅ RKLB: 80.04 (-4.58%)
  ✅ ASTS: 68.76 (-5.21%)
  ✅ CRSP: 53.51 (-0.06%)
  ✅ NTLA: 12.02 (+0.25%)
  ✅ BEAM: 27.28 (-1.62%)
  ✅ 272210.KS: 73200.00 (-4.81%)
  ✅ KTOS: 62.42 (+2.88%)
  ✅ UUUU: 14.29 (+0.57%)
  ✅ CWEN: 33.05 (+0.30%)
  ✅ AVAV: 189.15 (+0.91%)
  ✅ ARKQ: 127.89 (+0.03%)
  ✅ BOTZ: 37.42 (-0.80%)
  ✅ COHR: 325.15 (-15.10%)
  ✅ VRT: 270.10 (-1.37%)
  ✅ TMO: 599.69 (+1.16%)
  ✅ AMAT: 522.12 (-3.67%)
  ✅ NTR: 66.31 (+1.83%)
  ✅ PKX: 58.36 (+1.02%)
  ✅ MC.PA: 482.45 (+0.55%)
  ✅ GEVO: 1.57 (-0.63%)
  ✅ HUYA: 2.43 (+0.00%)
  ✅ FCX: 70.51 (+1.05%)
  ✅ IAU: 82.51 (+1.06%)
  ✅ TSMC: 418.47 (-0.59%)
  ✅ ASML: 1733.48 (-0.52%)
  ✅ PL: 23.10 (-4.78%)

Written: /root/gods_plan/prices.json (36 tickers)
❌ Git push failed: b"remote: Invalid username or token. Password authentication is not supported for Git operations.\nfatal: Authentication failed for 'https://github.com/sobluenight10-commits/gods_plan.git/'\n"
[2026-08-11 15:35 Berlin] Fetching 36 tickers...
  ✅ 000660.KS: 1425000.00 (+0.35%)
  ✅ TSM: 419.54 (+0.18%)
  ✅ PLTR: 174.23 (+0.74%)
  ✅ 1810.HK: 26.66 (-3.48%)
  ✅ IONQ: 42.64 (+0.68%)
  ✅ NVDA: 220.43 (+1.12%)
  ✅ UEC: 11.50 (+1.59%)
  ✅ URNM: 55.28 (+0.86%)
  ✅ CCJ: 98.58 (+0.60%)
  ✅ OKLO: 44.98 (+1.67%)
  ✅ RKLB: 77.67 (+4.62%)
  ✅ ASTS: 69.43 (+2.04%)
  ✅ CRSP: 53.57 (-0.81%)
  ✅ NTLA: 11.89 (-1.37%)
  ✅ BEAM: 27.10 (-0.07%)
  ✅ 272210.KS: 72900.00 (-5.57%)
  ✅ KTOS: 61.76 (-0.99%)
  ✅ UUUU: 14.35 (+0.99%)
  ✅ CWEN: 33.56 (+1.56%)
  ✅ AVAV: 186.26 (-1.20%)
  ✅ ARKQ: 127.83 (+0.01%)
  ✅ BOTZ: 37.56 (+0.77%)
  ✅ COHR: 319.46 (-1.77%)
  ✅ VRT: 276.22 (+2.11%)
  ✅ TMO: 597.80 (-0.13%)
  ✅ AMAT: 531.05 (+1.65%)
  ✅ NTR: 67.11 (+1.69%)
  ✅ PKX: 57.50 (-0.86%)
  ✅ MC.PA: 485.55 (+0.40%)
  ✅ GEVO: 1.62 (+2.84%)
  ✅ HUYA: 2.55 (+2.29%)
  ✅ FCX: 69.70 (-0.99%)
  ✅ IAU: 82.58 (-0.20%)
  ✅ TSMC: 419.21 (+0.10%)
  ✅ ASML: 1787.67 (+3.07%)
  ✅ PL: 22.89 (-0.30%)

Written: /root/gods_plan/prices.json (36 tickers)
❌ Git push failed: b"remote: Invalid username or token. Password authentication is not supported for Git operations.\nfatal: Authentication failed for 'https://github.com/sobluenight10-commits/gods_plan.git/'\n"
[2026-08-12 07:05 Berlin] Fetching 36 tickers...
  ✅ 000660.KS: 1509500.00 (+5.71%)
  ✅ TSM: 422.06 (+0.78%)
  ✅ PLTR: 174.94 (+1.15%)
  ✅ 1810.HK: 26.24 (-1.58%)
  ✅ IONQ: 43.44 (+2.57%)
  ✅ NVDA: 217.50 (-0.22%)
  ✅ UEC: 11.46 (+1.24%)
  ✅ URNM: 55.37 (+1.02%)
  ✅ CCJ: 98.73 (+0.74%)
  ✅ OKLO: 47.01 (+6.26%)
  ✅ RKLB: 80.01 (+7.77%)
  ✅ ASTS: 71.63 (+5.28%)
  ✅ CRSP: 54.07 (+0.11%)
  ✅ NTLA: 12.02 (-0.25%)
  ✅ BEAM: 26.85 (-1.00%)
  ✅ 272210.KS: 75300.00 (+3.01%)
  ✅ KTOS: 63.73 (+2.16%)
  ✅ UUUU: 14.78 (+4.02%)
  ✅ CWEN: 34.50 (+4.39%)
  ✅ AVAV: 196.02 (+3.98%)
  ✅ ARKQ: 128.30 (+0.38%)
  ✅ BOTZ: 37.48 (+0.56%)
  ✅ COHR: 328.57 (+1.03%)
  ✅ VRT: 281.81 (+4.18%)
  ✅ TMO: 605.00 (+1.07%)
  ✅ AMAT: 525.61 (+0.60%)
  ✅ NTR: 67.28 (+1.94%)
  ✅ PKX: 57.12 (-1.52%)
  ✅ MC.PA: 478.80 (-0.99%)
  ✅ GEVO: 1.63 (+3.80%)
  ✅ HUYA: 2.42 (-2.93%)
  ✅ FCX: 68.87 (-2.17%)
  ✅ IAU: 82.18 (-0.69%)
  ✅ TSMC: 422.06 (+0.78%)
  ✅ ASML: 1799.38 (+3.75%)
  ✅ PL: 23.70 (+3.22%)

Written: /root/gods_plan/prices.json (36 tickers)
❌ Git push failed: b"remote: Invalid username or token. Password authentication is not supported for Git operations.\nfatal: Authentication failed for 'https://github.com/sobluenight10-commits/gods_plan.git/'\n"
[2026-08-12 15:35 Berlin] Fetching 36 tickers...
  ✅ 000660.KS: 1504000.00 (+5.54%)
  ✅ TSM: 428.49 (+1.54%)
  ✅ PLTR: 171.71 (-1.55%)
  ✅ 1810.HK: 26.36 (-1.13%)
  ✅ IONQ: 43.43 (+0.00%)
  ✅ NVDA: 221.87 (+1.76%)
  ✅ UEC: 11.53 (+0.83%)
  ✅ URNM: 55.36 (+0.02%)
  ✅ CCJ: 98.22 (-0.79%)
  ✅ OKLO: 46.40 (-1.35%)
  ✅ RKLB: 78.88 (-0.87%)
  ✅ ASTS: 72.24 (+0.75%)
  ✅ CRSP: 54.54 (+1.38%)
  ✅ NTLA: 12.26 (+1.82%)
  ✅ BEAM: 27.17 (+0.61%)
  ✅ 272210.KS: 75600.00 (+3.70%)
  ✅ KTOS: 63.58 (-0.20%)
  ✅ UUUU: 14.66 (-1.14%)
  ✅ CWEN: 34.88 (+1.54%)
  ✅ AVAV: 193.26 (-1.40%)
  ✅ ARKQ: 128.38 (+0.82%)
  ✅ BOTZ: 38.01 (+1.27%)
  ✅ COHR: 346.58 (+2.60%)
  ✅ VRT: 294.39 (+3.96%)
  ✅ TMO: 597.56 (-1.38%)
  ✅ AMAT: 548.93 (+3.89%)
  ✅ NTR: 66.13 (-1.59%)
  ✅ PKX: 57.39 (+0.47%)
  ✅ MC.PA: 464.90 (-2.91%)
  ✅ GEVO: 1.61 (-1.23%)
  ✅ HUYA: 2.44 (-1.21%)
  ✅ FCX: 69.25 (+0.73%)
  ✅ IAU: 83.01 (+0.84%)
  ✅ TSMC: 428.23 (+1.48%)
  ✅ ASML: 1824.72 (+1.07%)
  ✅ PL: 23.92 (+0.08%)

Written: /root/gods_plan/prices.json (36 tickers)
❌ Git push failed: b"remote: Invalid username or token. Password authentication is not supported for Git operations.\nfatal: Authentication failed for 'https://github.com/sobluenight10-commits/gods_plan.git/'\n"
[2026-08-13 07:05 Berlin] Fetching 36 tickers...
  ✅ 000660.KS: 1608000.00 (+7.20%)
  ✅ TSM: 429.15 (+1.69%)
  ✅ PLTR: 171.04 (-1.93%)
  ✅ 1810.HK: 26.18 (-0.68%)
  ✅ IONQ: 45.20 (+4.08%)
  ✅ NVDA: 224.09 (+2.78%)
  ✅ UEC: 11.36 (-0.70%)
  ✅ URNM: 55.39 (+0.07%)
  ✅ CCJ: 99.03 (+0.03%)
  ✅ OKLO: 45.13 (-4.04%)
  ✅ RKLB: 81.17 (+2.01%)
  ✅ ASTS: 74.31 (+3.64%)
  ✅ CRSP: 53.99 (+0.35%)
  ✅ NTLA: 12.09 (+0.40%)
  ✅ BEAM: 26.71 (-1.07%)
  ✅ 272210.KS: 78400.00 (+3.02%)
  ✅ KTOS: 63.82 (+0.17%)
  ✅ UUUU: 14.47 (-2.43%)
  ✅ CWEN: 34.38 (+0.09%)
  ✅ AVAV: 193.81 (-1.11%)
  ✅ ARKQ: 128.93 (+1.25%)
  ✅ BOTZ: 37.81 (+0.72%)
  ✅ COHR: 355.64 (+5.28%)
  ✅ VRT: 288.36 (+1.83%)
  ✅ TMO: 603.01 (-0.48%)
  ✅ AMAT: 548.15 (+3.74%)
  ✅ NTR: 67.18 (-0.03%)
  ✅ PKX: 57.09 (-0.05%)
  ✅ MC.PA: 464.95 (-2.90%)
  ✅ GEVO: 1.58 (-3.07%)
  ✅ HUYA: 2.38 (-3.64%)
  ✅ FCX: 69.22 (+0.68%)
  ✅ IAU: 82.98 (+0.80%)
  ✅ TSMC: 429.15 (+1.69%)
  ✅ ASML: 1810.07 (+0.26%)
  ✅ PL: 24.50 (+2.51%)

Written: /root/gods_plan/prices.json (36 tickers)
❌ Git push failed: b"remote: Invalid username or token. Password authentication is not supported for Git operations.\nfatal: Authentication failed for 'https://github.com/sobluenight10-commits/gods_plan.git/'\n"
[2026-08-13 15:35 Berlin] Fetching 36 tickers...
  ✅ 000660.KS: 1593000.00 (+5.92%)
  ✅ TSM: 431.08 (-0.07%)
  ✅ PLTR: 173.84 (+2.23%)
  ✅ 1810.HK: 25.88 (-1.82%)
  ✅ IONQ: 46.40 (+3.11%)
  ✅ NVDA: 225.61 (+0.84%)
  ✅ UEC: 11.31 (-1.05%)
  ✅ URNM: 55.20 (-1.13%)
  ✅ CCJ: 99.24 (+0.21%)
  ✅ OKLO: 45.53 (+0.39%)
  ✅ RKLB: 81.35 (+0.67%)
  ✅ ASTS: 73.80 (-0.32%)
  ✅ CRSP: 54.37 (+0.37%)
  ✅ NTLA: 12.01 (-1.83%)
  ✅ BEAM: 27.01 (+0.75%)
  ✅ 272210.KS: 79600.00 (+5.29%)
  ✅ KTOS: 63.94 (+0.45%)
  ✅ UUUU: 14.57 (+0.49%)
  ✅ CWEN: 34.21 (+1.39%)
  ✅ AVAV: 190.30 (-1.76%)
  ✅ ARKQ: 128.93 (+1.25%)
  ✅ BOTZ: 37.74 (-0.29%)
  ✅ COHR: 340.41 (-1.62%)
  ✅ VRT: 289.86 (-0.05%)
  ✅ TMO: 603.35 (+0.05%)
  ✅ AMAT: 547.28 (-1.01%)
  ✅ NTR: 67.31 (+0.61%)
  ✅ PKX: 56.78 (-0.54%)
  ✅ MC.PA: 463.95 (-0.04%)
  ✅ GEVO: 1.62 (+1.57%)
  ✅ HUYA: 2.41 (+1.26%)
  ✅ FCX: 67.52 (-2.71%)
  ✅ IAU: 82.33 (-0.74%)
  ✅ TSMC: 431.27 (-0.03%)
  ✅ ASML: 1822.02 (+0.33%)
  ✅ PL: 24.28 (-1.43%)

Written: /root/gods_plan/prices.json (36 tickers)
❌ Git push failed: b"remote: Invalid username or token. Password authentication is not supported for Git operations.\nfatal: Authentication failed for 'https://github.com/sobluenight10-commits/gods_plan.git/'\n"
[2026-08-14 07:05 Berlin] Fetching 36 tickers...
  ✅ 000660.KS: 1659000.00 (+4.60%)
  ✅ TSM: 430.49 (-0.21%)
  ✅ PLTR: 179.01 (+5.28%)
  ✅ 1810.HK: 25.60 (-1.08%)
  ✅ IONQ: 44.98 (-0.04%)
  ✅ NVDA: 225.30 (+0.70%)
  ✅ UEC: 11.19 (-2.10%)
  ✅ URNM: 54.47 (-2.44%)
  ✅ CCJ: 97.75 (-1.29%)
  ✅ OKLO: 46.45 (+2.43%)
  ✅ RKLB: 80.10 (-0.88%)
  ✅ ASTS: 71.52 (-3.40%)
  ✅ CRSP: 53.99 (-0.33%)
  ✅ NTLA: 11.83 (-3.30%)
  ✅ BEAM: 26.51 (-1.13%)
  ✅ 272210.KS: 80000.00 (+1.39%)
  ✅ KTOS: 62.79 (-1.35%)
  ✅ UUUU: 14.58 (+0.56%)
  ✅ CWEN: 34.22 (+1.42%)
  ✅ AVAV: 189.43 (-2.21%)
  ✅ ARKQ: 130.10 (+0.46%)
  ✅ BOTZ: 37.82 (-0.08%)
  ✅ COHR: 327.23 (-5.42%)
  ✅ VRT: 287.07 (-1.01%)
  ✅ TMO: 595.89 (-1.18%)
  ✅ AMAT: 534.54 (-3.32%)
  ✅ NTR: 67.47 (+0.85%)
  ✅ PKX: 56.58 (-0.89%)
  ✅ MC.PA: 460.00 (-0.89%)
  ✅ GEVO: 1.62 (+1.89%)
  ✅ HUYA: 2.34 (-1.68%)
  ✅ FCX: 66.83 (-3.70%)
  ✅ IAU: 81.78 (-1.41%)
  ✅ TSMC: 430.49 (-0.21%)
  ✅ ASML: 1847.90 (+1.76%)
  ✅ PL: 24.75 (+0.49%)

Written: /root/gods_plan/prices.json (36 tickers)
❌ Git push failed: b"remote: Invalid username or token. Password authentication is not supported for Git operations.\nfatal: Authentication failed for 'https://github.com/sobluenight10-commits/gods_plan.git/'\n"
[2026-08-14 15:35 Berlin] Fetching 36 tickers...
  ✅ 000660.KS: 1645000.00 (+3.26%)
  ✅ TSM: 425.57 (-1.58%)
  ✅ PLTR: 178.91 (+0.37%)
  ✅ 1810.HK: 25.62 (-1.00%)
  ✅ IONQ: 45.37 (+1.04%)
  ✅ NVDA: 226.76 (+0.59%)
  ✅ UEC: 11.35 (+1.48%)
  ✅ URNM: 55.06 (+1.06%)
  ✅ CCJ: 98.16 (-1.12%)
  ✅ OKLO: 46.70 (-0.45%)
  ✅ RKLB: 80.66 (+0.01%)
  ✅ ASTS: 71.20 (-0.56%)
  ✅ CRSP: 53.21 (-1.46%)
  ✅ NTLA: 11.67 (-1.77%)
  ✅ BEAM: 26.18 (-2.64%)
  ✅ 272210.KS: 80300.00 (+0.88%)
  ✅ KTOS: 64.83 (+3.06%)
  ✅ UUUU: 15.06 (+3.27%)
  ✅ CWEN: 34.39 (+0.50%)
  ✅ AVAV: 194.42 (+0.97%)
  ✅ ARKQ: 130.10 (+0.46%)
  ✅ BOTZ: 37.82 (+0.24%)
  ✅ COHR: 318.98 (-3.35%)
  ✅ VRT: 286.86 (-0.50%)
  ✅ TMO: 589.97 (-1.01%)
  ✅ AMAT: 513.22 (+1.09%)
  ✅ NTR: 67.90 (+0.64%)
  ✅ PKX: 59.10 (+4.45%)
  ✅ MC.PA: 459.75 (-0.41%)
  ✅ GEVO: 1.66 (+2.78%)
  ✅ HUYA: 2.35 (-0.42%)
  ✅ FCX: 66.72 (-0.31%)
  ✅ IAU: 82.60 (+0.79%)
  ✅ TSMC: 425.92 (-1.50%)
  ✅ ASML: 1835.85 (-1.32%)
  ✅ PL: 25.12 (+1.25%)

Written: /root/gods_plan/prices.json (36 tickers)
❌ Git push failed: b"remote: Invalid username or token. Password authentication is not supported for Git operations.\nfatal: Authentication failed for 'https://github.com/sobluenight10-commits/gods_plan.git/'\n"
[2026-08-17 07:05 Berlin] Fetching 36 tickers...
  ✅ 000660.KS: 1645000.00 (+3.26%)
  ✅ TSM: 426.35 (-1.40%)
  ✅ PLTR: 174.04 (-2.36%)
  ✅ 1810.HK: 26.16 (+2.11%)
  ✅ IONQ: 46.26 (+3.03%)
  ✅ NVDA: 225.16 (-0.12%)
  ✅ UEC: 11.21 (+0.27%)
  ✅ URNM: 54.56 (+0.15%)
  ✅ CCJ: 97.74 (-1.55%)
  ✅ OKLO: 44.38 (-5.40%)
  ✅ RKLB: 80.25 (-0.50%)
  ✅ ASTS: 70.98 (-0.87%)
  ✅ CRSP: 53.55 (-0.83%)
  ✅ NTLA: 11.91 (+0.25%)
  ✅ BEAM: 26.75 (-0.52%)
  ✅ 272210.KS: 80300.00 (+0.88%)
  ✅ KTOS: 64.58 (+2.67%)
  ✅ UUUU: 15.10 (+3.54%)
  ✅ CWEN: 34.14 (-0.23%)
  ✅ AVAV: 192.81 (+0.14%)
  ✅ ARKQ: 130.39 (-0.47%)
  ✅ BOTZ: 37.74 (+0.03%)
  ✅ COHR: 325.83 (-1.27%)
  ✅ VRT: 293.84 (+1.92%)
  ✅ TMO: 588.29 (-1.29%)
  ✅ AMAT: 507.18 (-0.10%)
  ✅ NTR: 68.24 (+1.14%)
  ✅ PKX: 58.60 (+3.57%)
  ✅ MC.PA: 458.40 (-0.70%)
  ✅ GEVO: 1.69 (+4.32%)
  ✅ HUYA: 2.30 (-2.54%)
  ✅ FCX: 66.49 (-0.65%)
  ✅ IAU: 82.28 (+0.40%)
  ✅ TSMC: 426.35 (-1.40%)
  ✅ ASML: 1844.08 (-0.88%)
  ✅ PL: 24.69 (-0.48%)

Written: /root/gods_plan/prices.json (36 tickers)
❌ Git push failed: b"remote: Invalid username or token. Password authentication is not supported for Git operations.\nfatal: Authentication failed for 'https://github.com/sobluenight10-commits/gods_plan.git/'\n"
[2026-08-17 15:35 Berlin] Fetching 36 tickers...
  ✅ 000660.KS: 1645000.00 (+3.26%)
  ✅ TSM: 428.25 (+0.72%)
  ✅ PLTR: 173.92 (-0.04%)
  ✅ 1810.HK: 25.88 (+1.01%)
  ✅ IONQ: 45.49 (-1.62%)
  ✅ NVDA: 225.81 (+0.48%)
  ✅ UEC: 11.10 (-1.69%)
  ✅ URNM: 54.31 (+0.24%)
  ✅ CCJ: 97.50 (-0.26%)
  ✅ OKLO: 44.08 (-0.90%)
  ✅ RKLB: 83.34 (+4.00%)
  ✅ ASTS: 72.52 (+2.26%)
  ✅ CRSP: 52.98 (-1.40%)
  ✅ NTLA: 11.98 (+0.67%)
  ✅ BEAM: 26.87 (-0.20%)
  ✅ 272210.KS: 80300.00 (+0.88%)
  ✅ KTOS: 64.44 (-0.25%)
  ✅ UUUU: 14.66 (-2.69%)
  ✅ CWEN: 34.41 (-0.78%)
  ✅ AVAV: 190.41 (-1.10%)
  ✅ ARKQ: 130.32 (-0.90%)
  ✅ BOTZ: 37.92 (+0.40%)
  ✅ COHR: 339.76 (+3.85%)
  ✅ VRT: 291.43 (-0.92%)
  ✅ TMO: 590.45 (+0.47%)
  ✅ AMAT: 520.82 (+2.73%)
  ✅ NTR: 68.65 (+1.07%)
  ✅ PKX: 58.71 (+0.43%)
  ✅ MC.PA: 448.80 (-2.18%)
  ✅ GEVO: 1.64 (-2.66%)
  ✅ HUYA: 2.33 (+1.09%)
  ✅ FCX: 66.81 (+0.47%)
  ✅ IAU: 82.51 (+0.15%)
  ✅ TSMC: 428.18 (+0.70%)
  ✅ ASML: 1869.25 (+1.53%)
  ✅ PL: 24.99 (+0.93%)

Written: /root/gods_plan/prices.json (36 tickers)
❌ Git push failed: b"remote: Invalid username or token. Password authentication is not supported for Git operations.\nfatal: Authentication failed for 'https://github.com/sobluenight10-commits/gods_plan.git/'\n"
[2026-08-18 07:05 Berlin] Fetching 36 tickers...
  ✅ 000660.KS: 1679000.00 (+1.67%)
  ✅ TSM: 430.97 (+1.36%)
  ✅ PLTR: 172.55 (-0.83%)
  ✅ 1810.HK: 25.44 (-1.70%)
  ✅ IONQ: 46.84 (+1.30%)
  ✅ NVDA: 225.01 (+0.13%)
  ✅ UEC: 11.17 (-1.03%)
  ✅ URNM: 55.54 (+2.51%)
  ✅ CCJ: 98.58 (+0.85%)
  ✅ OKLO: 43.88 (-1.35%)
  ✅ RKLB: 82.08 (+2.43%)
  ✅ ASTS: 71.14 (+0.31%)
  ✅ CRSP: 54.28 (+1.02%)
  ✅ NTLA: 12.09 (+1.60%)
  ✅ BEAM: 27.10 (+0.67%)
  ✅ 272210.KS: 80200.00 (+0.00%)
  ✅ KTOS: 63.29 (-2.03%)
  ✅ UUUU: 14.79 (-1.86%)
  ✅ CWEN: 34.15 (-1.53%)
  ✅ AVAV: 181.13 (-5.92%)
  ✅ ARKQ: 130.47 (-0.79%)
  ✅ BOTZ: 37.82 (+0.13%)
  ✅ COHR: 351.22 (+7.36%)
  ✅ VRT: 292.43 (-0.58%)
  ✅ TMO: 585.51 (-0.37%)
  ✅ AMAT: 535.31 (+5.59%)
  ✅ NTR: 68.29 (+0.54%)
  ✅ PKX: 59.07 (+1.04%)
  ✅ MC.PA: 446.00 (-2.79%)
  ✅ GEVO: 1.60 (-5.33%)
  ✅ HUYA: 2.28 (-0.87%)
  ✅ FCX: 68.38 (+2.83%)
  ✅ IAU: 83.11 (+0.87%)
  ✅ TSMC: 430.97 (+1.36%)
  ✅ ASML: 1883.12 (+2.29%)
  ✅ PL: 24.38 (-1.53%)

Written: /root/gods_plan/prices.json (36 tickers)
❌ Git push failed: b"remote: Invalid username or token. Password authentication is not supported for Git operations.\nfatal: Authentication failed for 'https://github.com/sobluenight10-commits/gods_plan.git/'\n"
[2026-08-18 15:35 Berlin] Fetching 36 tickers...
  ✅ 000660.KS: 1662000.00 (+1.03%)
  ✅ TSM: 418.97 (-2.71%)
  ✅ PLTR: 171.96 (+0.28%)
  ✅ 1810.HK: 26.18 (+1.16%)
  ✅ IONQ: 45.31 (-3.21%)
  ✅ NVDA: 220.88 (-1.90%)
  ✅ UEC: 10.86 (-3.16%)
  ✅ URNM: 54.31 (-2.96%)
  ✅ CCJ: 96.46 (-2.36%)
  ✅ OKLO: 42.25 (-3.92%)
  ✅ RKLB: 79.34 (-3.82%)
  ✅ ASTS: 67.80 (-4.69%)
  ✅ CRSP: 52.80 (-2.58%)
  ✅ NTLA: 11.91 (-1.89%)
  ✅ BEAM: 26.55 (-2.46%)
  ✅ 272210.KS: 79900.00 (-0.50%)
  ✅ KTOS: 62.22 (-1.52%)
  ✅ UUUU: 14.25 (-3.65%)
  ✅ CWEN: 34.26 (+0.38%)
  ✅ AVAV: 178.27 (-1.54%)
  ✅ ARKQ: 127.01 (-2.16%)
  ✅ BOTZ: 36.94 (-2.79%)
  ✅ COHR: 325.87 (-7.41%)
  ✅ VRT: 277.58 (-5.22%)
  ✅ TMO: 586.00 (+0.16%)
  ✅ AMAT: 510.86 (-4.32%)
  ✅ NTR: 69.28 (+1.14%)
  ✅ PKX: 57.42 (-2.78%)
  ✅ MC.PA: 448.35 (+0.34%)
  ✅ GEVO: 1.57 (-3.09%)
  ✅ HUYA: 2.32 (+2.43%)
  ✅ FCX: 67.48 (-1.99%)
  ✅ IAU: 82.64 (-0.66%)
  ✅ TSMC: 419.27 (-2.64%)
  ✅ ASML: 1816.62 (-3.60%)
  ✅ PL: 23.33 (-3.95%)

Written: /root/gods_plan/prices.json (36 tickers)
❌ Git push failed: b"remote: Invalid username or token. Password authentication is not supported for Git operations.\nfatal: Authentication failed for 'https://github.com/sobluenight10-commits/gods_plan.git/'\n"
[2026-08-19 07:05 Berlin] Fetching 36 tickers...
  ✅ 000660.KS: 1508000.00 (-8.69%)
  ✅ TSM: 413.41 (-4.00%)
  ✅ PLTR: 171.54 (+0.03%)
  ✅ 1810.HK: 28.00 (+6.95%)
  ✅ IONQ: 44.12 (-5.77%)
  ✅ NVDA: 219.74 (-2.40%)
  ✅ UEC: 10.96 (-2.32%)
  ✅ URNM: 53.90 (-3.68%)
  ✅ CCJ: 96.03 (-2.80%)
  ✅ OKLO: 41.36 (-5.94%)
  ✅ RKLB: 79.16 (-4.04%)
  ✅ ASTS: 67.07 (-5.72%)
  ✅ CRSP: 52.97 (-2.27%)
  ✅ NTLA: 11.60 (-4.45%)
  ✅ BEAM: 26.57 (-2.39%)
  ✅ 272210.KS: 75600.00 (-4.67%)
  ✅ KTOS: 61.99 (-1.88%)
  ✅ UUUU: 14.09 (-4.73%)
  ✅ CWEN: 33.11 (-2.99%)
  ✅ AVAV: 174.14 (-3.83%)
  ✅ ARKQ: 126.80 (-2.33%)
  ✅ BOTZ: 36.55 (-3.82%)
  ✅ COHR: 306.43 (-12.93%)
  ✅ VRT: 272.54 (-6.94%)
  ✅ TMO: 589.04 (+0.68%)
  ✅ AMAT: 514.33 (-3.67%)
  ✅ NTR: 69.40 (+1.31%)
  ✅ PKX: 57.02 (-3.47%)
  ✅ MC.PA: 447.75 (+0.20%)
  ✅ GEVO: 1.53 (-5.56%)
  ✅ HUYA: 2.26 (+0.00%)
  ✅ FCX: 66.32 (-3.67%)
  ✅ IAU: 81.71 (-1.78%)
  ✅ TSMC: 413.41 (-4.00%)
  ✅ ASML: 1802.98 (-4.33%)
  ✅ PL: 23.36 (-3.83%)

Written: /root/gods_plan/prices.json (36 tickers)
❌ Git push failed: b"remote: Invalid username or token. Password authentication is not supported for Git operations.\nfatal: Authentication failed for 'https://github.com/sobluenight10-commits/gods_plan.git/'\n"
[2026-08-19 15:35 Berlin] Fetching 36 tickers...
  ✅ 000660.KS: 1500000.00 (-9.75%)
  ✅ TSM: 415.92 (+0.83%)
  ✅ PLTR: 175.40 (+2.57%)
  ✅ 1810.HK: 27.44 (+4.81%)
  ✅ IONQ: 43.79 (+1.72%)
  ✅ NVDA: 221.51 (+1.03%)
  ✅ UEC: 11.32 (+3.57%)
  ✅ URNM: 55.06 (+2.15%)
  ✅ CCJ: 97.87 (+2.18%)
  ✅ OKLO: 41.59 (+1.10%)
  ✅ RKLB: 76.00 (-3.28%)
  ✅ ASTS: 66.09 (-0.32%)
  ✅ CRSP: 57.17 (+8.32%)
  ✅ NTLA: 12.54 (+8.10%)
  ✅ BEAM: 28.73 (+9.03%)
  ✅ 272210.KS: 76000.00 (-4.88%)
  ✅ KTOS: 60.91 (-1.74%)
  ✅ UUUU: 14.59 (+2.72%)
  ✅ CWEN: 33.42 (+2.03%)
  ✅ AVAV: 172.78 (-0.70%)
  ✅ ARKQ: 126.33 (-0.53%)
  ✅ BOTZ: 36.42 (-0.74%)
  ✅ COHR: 304.88 (+1.11%)
  ✅ VRT: 272.61 (+1.08%)
  ✅ TMO: 610.80 (+4.41%)
  ✅ AMAT: 509.44 (+0.25%)
  ✅ NTR: 70.63 (+1.47%)
  ✅ PKX: 58.64 (+2.84%)
  ✅ MC.PA: 452.25 (+0.97%)
  ✅ GEVO: 1.53 (-1.28%)
  ✅ HUYA: 2.24 (-0.66%)
  ✅ FCX: 67.69 (+2.56%)
  ✅ IAU: 83.81 (+2.85%)
  ✅ TSMC: 415.42 (+0.66%)
  ✅ ASML: 1788.14 (-0.17%)
  ✅ PL: 22.95 (-1.08%)

Written: /root/gods_plan/prices.json (36 tickers)
❌ Git push failed: b"remote: Invalid username or token. Password authentication is not supported for Git operations.\nfatal: Authentication failed for 'https://github.com/sobluenight10-commits/gods_plan.git/'\n"
[2026-08-20 07:05 Berlin] Fetching 36 tickers...
  ✅ 000660.KS: 1710000.00 (+13.92%)
  ✅ TSM: 412.09 (-0.10%)
  ✅ PLTR: 175.19 (+2.45%)
  ✅ 1810.HK: 28.44 (+3.64%)
  ✅ IONQ: 43.36 (+0.53%)
  ✅ NVDA: 217.56 (-0.77%)
  ✅ UEC: 11.63 (+6.03%)
  ✅ URNM: 55.55 (+3.06%)
  ✅ CCJ: 97.98 (+2.08%)
  ✅ OKLO: 42.94 (+4.38%)
  ✅ RKLB: 75.84 (-3.49%)
  ✅ ASTS: 66.43 (+0.20%)
  ✅ CRSP: 59.81 (+13.32%)
  ✅ NTLA: 13.28 (+14.48%)
  ✅ BEAM: 29.07 (+10.32%)
  ✅ 272210.KS: 75700.00 (+0.00%)
  ✅ KTOS: 60.56 (-2.31%)
  ✅ UUUU: 14.85 (+4.58%)
  ✅ CWEN: 33.66 (+2.78%)
  ✅ AVAV: 172.74 (-0.72%)
  ✅ ARKQ: 126.01 (-0.78%)
  ✅ BOTZ: 36.38 (-0.84%)
  ✅ COHR: 287.47 (-4.68%)
  ✅ VRT: 261.00 (-3.22%)
  ✅ TMO: 613.54 (+4.88%)
  ✅ AMAT: 496.17 (-2.36%)
  ✅ NTR: 70.50 (+1.28%)
  ✅ PKX: 58.07 (+1.84%)
  ✅ MC.PA: 456.00 (+1.81%)
  ✅ GEVO: 1.54 (-0.65%)
  ✅ HUYA: 2.21 (-2.21%)
  ✅ FCX: 69.09 (+4.68%)
  ✅ IAU: 84.84 (+4.11%)
  ✅ TSMC: 412.09 (-0.10%)
  ✅ ASML: 1751.73 (-2.20%)
  ✅ PL: 22.62 (-2.50%)

Written: /root/gods_plan/prices.json (36 tickers)
❌ Git push failed: b"remote: Invalid username or token. Password authentication is not supported for Git operations.\nfatal: Authentication failed for 'https://github.com/sobluenight10-commits/gods_plan.git/'\n"
[2026-08-20 15:35 Berlin] Fetching 36 tickers...
  ✅ 000660.KS: 1691000.00 (+12.73%)
  ✅ TSM: 413.39 (-0.10%)
  ✅ PLTR: 173.09 (-1.41%)
  ✅ 1810.HK: 27.76 (+1.17%)
  ✅ IONQ: 42.48 (-3.11%)
  ✅ NVDA: 218.30 (-0.24%)
  ✅ UEC: 11.35 (-2.32%)
  ✅ URNM: 54.52 (-2.12%)
  ✅ CCJ: 95.96 (-2.09%)
  ✅ OKLO: 42.10 (-2.27%)
  ✅ RKLB: 73.64 (-3.31%)
  ✅ ASTS: 65.11 (-2.52%)
  ✅ CRSP: 58.47 (-2.12%)
  ✅ NTLA: 12.85 (-3.02%)
  ✅ BEAM: 27.98 (-3.85%)
  ✅ 272210.KS: 75300.00 (-0.92%)
  ✅ KTOS: 59.21 (-2.58%)
  ✅ UUUU: 14.59 (-2.63%)
  ✅ CWEN: 33.40 (-0.76%)
  ✅ AVAV: 167.76 (-4.12%)
  ✅ ARKQ: 124.92 (-0.87%)
  ✅ BOTZ: 35.99 (-1.26%)
  ✅ COHR: 283.59 (-2.93%)
  ✅ VRT: 257.38 (-2.31%)
  ✅ TMO: 618.45 (+0.56%)
  ✅ AMAT: 494.35 (-1.30%)
  ✅ NTR: 72.68 (+3.83%)
  ✅ PKX: 57.20 (-1.50%)
  ✅ MC.PA: 448.30 (-1.42%)
  ✅ GEVO: 1.52 (-2.24%)
  ✅ HUYA: 2.16 (-2.70%)
  ✅ FCX: 68.01 (-2.44%)
  ✅ IAU: 84.25 (-0.67%)
  ✅ TSMC: 414.76 (+0.23%)
  ✅ ASML: 1761.19 (-0.11%)
  ✅ PL: 22.16 (-2.55%)

Written: /root/gods_plan/prices.json (36 tickers)
❌ Git push failed: b"remote: Invalid username or token. Password authentication is not supported for Git operations.\nfatal: Authentication failed for 'https://github.com/sobluenight10-commits/gods_plan.git/'\n"
[2026-08-21 07:05 Berlin] Fetching 36 tickers...
  ✅ 000660.KS: 1732000.00 (+4.02%)
  ✅ TSM: 416.00 (+0.53%)
  ✅ PLTR: 173.96 (-0.92%)
  ✅ 1810.HK: 28.66 (+3.24%)
  ✅ IONQ: 41.53 (-5.28%)
  ✅ NVDA: 216.85 (-0.90%)
  ✅ UEC: 11.15 (-4.04%)
  ✅ URNM: 54.05 (-2.96%)
  ✅ CCJ: 95.59 (-2.47%)
  ✅ OKLO: 41.66 (-3.30%)
  ✅ RKLB: 72.95 (-4.21%)
  ✅ ASTS: 65.06 (-2.59%)
  ✅ CRSP: 58.12 (-2.71%)
  ✅ NTLA: 12.44 (-6.11%)
  ✅ BEAM: 28.39 (-2.44%)
  ✅ 272210.KS: 70500.00 (-6.13%)
  ✅ KTOS: 56.18 (-7.57%)
  ✅ UUUU: 13.90 (-7.21%)
  ✅ CWEN: 32.64 (-3.03%)
  ✅ AVAV: 159.79 (-8.68%)
  ✅ ARKQ: 123.68 (-1.85%)
  ✅ BOTZ: 35.81 (-1.76%)
  ✅ COHR: 290.03 (-0.73%)
  ✅ VRT: 264.63 (+0.44%)
  ✅ TMO: 627.55 (+2.04%)
  ✅ AMAT: 496.21 (-0.93%)
  ✅ NTR: 73.12 (+4.46%)
  ✅ PKX: 57.28 (-1.36%)
  ✅ MC.PA: 443.10 (-2.56%)
  ✅ GEVO: 1.51 (-3.21%)
  ✅ HUYA: 2.17 (-2.25%)
  ✅ FCX: 71.22 (+2.17%)
  ✅ IAU: 85.13 (+0.37%)
  ✅ TSMC: 416.00 (+0.53%)
  ✅ ASML: 1750.31 (-0.73%)
  ✅ PL: 22.17 (-2.51%)

Written: /root/gods_plan/prices.json (36 tickers)
❌ Git push failed: b"remote: Invalid username or token. Password authentication is not supported for Git operations.\nfatal: Authentication failed for 'https://github.com/sobluenight10-commits/gods_plan.git/'\n"
[2026-08-21 15:35 Berlin] Fetching 36 tickers...
  ✅ 000660.KS: 1730000.00 (+2.31%)
  ✅ TSM: 423.68 (+1.99%)
  ✅ PLTR: 174.41 (+0.37%)
  ✅ 1810.HK: 29.02 (+4.54%)
  ✅ IONQ: 43.26 (+4.48%)
  ✅ NVDA: 217.83 (+0.36%)
  ✅ UEC: 11.73 (+4.73%)
  ✅ URNM: 56.67 (+4.52%)
  ✅ CCJ: 99.50 (+3.66%)
  ✅ OKLO: 42.58 (+2.23%)
  ✅ RKLB: 74.53 (+2.14%)
  ✅ ASTS: 68.98 (+5.84%)
  ✅ CRSP: 59.67 (+2.61%)
  ✅ NTLA: 12.96 (+4.08%)
  ✅ BEAM: 29.33 (+3.02%)
  ✅ 272210.KS: 70300.00 (-6.64%)
  ✅ KTOS: 57.65 (+2.29%)
  ✅ UUUU: 14.94 (+7.39%)
  ✅ CWEN: 32.81 (+0.52%)
  ✅ AVAV: 161.14 (+0.84%)
  ✅ ARKQ: 125.17 (+1.35%)
  ✅ BOTZ: 36.00 (+0.47%)
  ✅ COHR: 297.01 (+2.84%)
  ✅ VRT: 265.50 (+0.43%)
  ✅ TMO: 622.52 (-0.87%)
  ✅ AMAT: 495.31 (+0.06%)
  ✅ NTR: 73.50 (+0.49%)
  ✅ PKX: 57.02 (-0.45%)
  ✅ MC.PA: 449.20 (+0.91%)
  ✅ GEVO: 1.53 (+1.39%)
  ✅ HUYA: 2.17 (+0.69%)
  ✅ FCX: 75.52 (+5.68%)
  ✅ IAU: 86.06 (+0.98%)
  ✅ TSMC: 423.29 (+1.90%)
  ✅ ASML: 1756.67 (+0.23%)
  ✅ PL: 22.81 (+2.97%)

Written: /root/gods_plan/prices.json (36 tickers)
❌ Git push failed: b"remote: Invalid username or token. Password authentication is not supported for Git operations.\nfatal: Authentication failed for 'https://github.com/sobluenight10-commits/gods_plan.git/'\n"
